seed,optimum_is_classical_anchor,qaoa_mode_is_optimal,route_quality,mode_probability,xy_feasible_probability,penalty_in_constraint_probability,penalty_feasible_shot_fraction,n_feasible_routes,n_physically_connected_routes,cost_best,cost_second_best,cost_worst,optimality_gap_to_runner_up,pdr,natural_drops,malicious_drops,energy_drops,disconnect_drops,malicious_relays_on_route,alive_nodes_after,mean_attack_f1
1,True,True,1.0,0.69091796875,1.0000000000000004,0.03727276964849548,0.03564453125,27,1,4.374621014618789,9.070657106907564,19.33014493812319,4.696036092288775,0.16333333333333333,95,0,156,0,0,150,1.0
2,True,False,0.9909911860935657,0.201171875,0.999999999999999,0.11274249804988586,0.1142578125,27,2,4.261269632250019,4.300007600519351,14.467128046165547,0.038737968269331624,0.22333333333333333,85,0,148,0,0,150,1.0
3,False,False,0.9975157556994876,0.2001953125,1.0000000000000007,0.07455257949227789,0.07373046875,27,2,4.134500415896266,4.14479710447985,14.09677981186196,0.010296688583584235,0.2966666666666667,75,0,136,0,0,149,1.0
4,False,False,0.9904152588674325,0.19873046875,0.9999999999999984,0.0763540928765462,0.072265625,27,5,4.368641895035814,4.374046721742131,14.487420347659219,0.005404826706317145,0.17333333333333334,81,0,167,0,0,149,1.0
5,True,True,1.0,0.75244140625,0.9999999999999986,0.03228401128560725,0.0341796875,27,8,4.207285811783566,4.2123085243695,14.053982498171704,0.005022712585933675,0.25333333333333335,88,0,136,0,0,149,1.0
6,True,False,0.9641885300475928,0.2138671875,0.9999999999999991,0.061170685753023604,0.05419921875,27,3,4.078593937395667,4.220527944849863,14.299958605727944,0.14193400745419638,0.23666666666666666,87,0,142,0,0,149,1.0
7,True,True,1.0,0.77001953125,0.9999999999999974,0.0636750762432027,0.06689453125,27,2,4.164461073418321,4.214806031865597,14.323648152724543,0.05034495844727527,0.25333333333333335,88,0,136,0,0,149,1.0
8,False,False,0.9948628464497775,0.7392578125,0.9999999999999984,0.04489908108936645,0.041015625,27,2,4.228025795721602,4.249857968673314,14.327725176867459,0.02183217295171147,0.19666666666666666,89,0,152,0,0,149,1.0
9,True,True,1.0,0.412109375,1.0,0.06368944021421846,0.06298828125,27,1,4.264963986718147,8.964142702350575,19.212066092551265,4.699178715632428,0.21333333333333335,68,0,168,0,0,149,1.0
10,True,False,0.9480133596528595,0.2236328125,1.000000000000001,0.07173969162214831,0.0703125,27,5,3.98289650215814,4.022223005255046,14.1146513200609,0.03932650309690544,0.28,117,0,99,0,0,150,1.0
11,True,True,1.0,0.1982421875,0.9999999999999979,0.05935213227935647,0.05615234375,27,2,4.409498062543037,4.499237004933647,19.53265364715503,0.08973894239061053,0.20333333333333334,89,0,150,0,0,150,1.0
12,True,True,1.0,0.84375,0.9999999999999996,0.09814518780941946,0.09326171875,27,0,8.96011903817571,8.978944644635222,14.219915389842201,0.01882560645951159,0.0,19,0,0,281,0,150,0.96
13,True,True,1.0,0.7763671875,0.9999999999999984,0.06967887673163417,0.0634765625,27,15,3.9435218899518665,3.9600911112208728,14.26078052739802,0.016569221269006285,0.25333333333333335,85,0,139,0,0,149,1.0
14,True,False,0.9828939583231381,0.423828125,0.9999999999999986,0.049325494781036205,0.0390625,27,2,4.182393823726107,4.255183164276909,19.25619561075091,0.072789340550802,0.23666666666666666,102,0,127,0,0,150,1.0
15,True,False,0.43779213220718793,0.25048828125,0.9999999999999997,0.08797016927546816,0.078125,27,5,3.9737919148580656,3.9977373342837126,14.233047759388013,0.023945419425646985,0.0,76,0,124,100,0,149,1.0
16,False,False,0.9853690946167138,0.14453125,0.9999999999999996,0.08874200070114405,0.09912109375,27,8,4.0897289925212625,4.113705475663747,19.250442050962008,0.02397648314248446,0.27,99,0,120,0,0,150,1.0
17,True,True,1.0,0.24951171875,0.9999999999999991,0.05076333181758635,0.04833984375,27,1,4.218737171496277,9.061765581406254,19.471005033236434,4.843028409909977,0.22,90,0,144,0,0,148,1.0
18,True,False,0.9743672374469503,0.240234375,1.0000000000000007,0.03672388277732066,0.033203125,27,6,3.9925660970517862,4.018726530246731,14.193534507367941,0.026160433194944765,0.16333333333333333,78,0,173,0,0,149,1.0
19,True,True,1.0,0.8359375,1.000000000000002,0.04600727942466258,0.04833984375,27,2,4.1339324391895085,4.182952231342185,19.290833646602273,0.04901979215267627,0.25666666666666665,98,0,125,0,0,149,1.0
20,True,True,1.0,0.1748046875,1.0000000000000009,0.06405945812118903,0.05615234375,27,1,4.261605603345741,9.044386554297393,19.508895228415046,4.782780950951652,0.26666666666666666,78,0,142,0,0,149,1.0
21,True,True,1.0,0.27978515625,1.0000000000000009,0.06946938371243593,0.07470703125,27,1,4.3411378521704105,9.113568851549218,14.422750242429963,4.772430999378807,0.2,96,0,144,0,0,149,1.0
22,False,False,0.9771380478253193,0.181640625,0.9999999999999994,0.08864314651502306,0.08544921875,27,10,4.075136870776747,4.126481185863557,14.184170622410196,0.05134431508680937,0.23,71,0,160,0,0,150,1.0
23,True,True,1.0,0.75439453125,0.9999999999999981,0.06587270100228323,0.06787109375,27,1,4.437939201857001,9.202281590117611,14.411768316703622,4.7643423882606095,0.16333333333333333,81,0,170,0,0,149,1.0
24,True,True,1.0,0.5595703125,0.9999999999999997,0.06369174187777733,0.07763671875,27,1,4.50883285618482,9.21237301527366,19.565490617967196,4.703540159088839,0.2,83,0,157,0,0,149,1.0
25,True,False,0.9729443894921208,0.38134765625,0.9999999999999978,0.043770639719727625,0.04736328125,27,2,4.02477728578438,4.136698180545882,14.2375433634413,0.1119208947615018,0.22666666666666666,103,0,129,0,0,149,1.0
26,True,False,0.973395340913228,0.41796875,0.9999999999999988,0.04002074174719719,0.04052734375,27,2,4.356208325476175,4.475271395268065,14.491024228409797,0.1190630697918893,0.01,60,128,109,0,1,150,1.0
27,True,False,0.9291276605526566,0.13232421875,1.0000000000000013,0.01962895412266965,0.02392578125,27,15,3.900426135524804,3.9180623253483837,9.180959334086225,0.017636189823579507,0.24,90,0,138,0,0,150,1.0
28,True,True,1.0,0.46630859375,0.9999999999999987,0.10763583585969912,0.1025390625,27,2,4.279067951292523,4.339299462809401,19.484804403906217,0.06023151151687767,0.2633333333333333,105,0,116,0,0,149,1.0
29,True,True,1.0,0.30615234375,0.9999999999999992,0.11956932595303273,0.1298828125,27,2,4.229117440132528,4.342598457129231,14.33927237962627,0.11348101699670288,0.3,116,0,94,0,0,150,1.0
30,True,False,0.9894742133951642,0.3896484375,0.9999999999999988,0.01612706231320042,0.01416015625,27,2,4.452566301272819,4.499931621254497,19.63827076953609,0.0473653199816777,0.23333333333333334,107,0,123,0,0,149,1.0
