seed,attack,min_positive_score,max_negative_score,separation_gap
1,blackhole,0.9532227762152922,0.058407039206801556,0.8948157370084906
1,selective_forwarding,0.7418271610656625,0.1982179185876375,0.543609242478025
1,sinkhole,0.8597819403966063,0.35219893891886894,0.5075830014777374
1,wormhole,0.850842119474598,0.2927913789171515,0.5580507405574464
1,sybil,0.8589793130979297,0.37264017211627476,0.486339140981655
2,blackhole,0.9447034211082318,0.048471213240851935,0.8962322078673799
2,selective_forwarding,0.8579599444492871,0.23218342953969937,0.6257765149095877
2,sinkhole,0.8324561291997686,0.28058815536257464,0.551867973837194
2,wormhole,0.8587214341863262,0.4025517790826819,0.45616965510364427
2,sybil,0.8476195339432097,0.35444534288082,0.49317419106238963
3,blackhole,0.9469588966393252,0.004865087105243364,0.9420938095340818
3,selective_forwarding,0.7921184642328563,0.29731023609116847,0.4948082281416878
3,sinkhole,0.9243678730818099,0.3213132813662079,0.603054591715602
3,wormhole,0.9059150501907439,0.27213301085454394,0.6337820393361999
3,sybil,0.831130114917111,0.2752457983605449,0.5558843165565661
4,blackhole,0.9476834640568612,0.03470831581703329,0.912975148239828
4,selective_forwarding,0.9203949185786785,0.3658363595948057,0.5545585589838729
4,sinkhole,0.8381704588406688,0.3274269152111076,0.5107435436295611
4,wormhole,0.8551492108103276,0.37068721759327355,0.484461993217054
4,sybil,0.8755809755561514,0.29029375193099993,0.5852872236251515
5,blackhole,0.9664077969779241,0.11913640713144992,0.8472713898464742
5,selective_forwarding,0.6057988903333451,0.4035290311274405,0.20226985920590462
5,sinkhole,0.8285344099454767,0.40797069501725514,0.42056371492822153
5,wormhole,0.8507432310098556,0.27023893906858354,0.5805042919412721
5,sybil,0.8863213603144147,0.2808966176718879,0.6054247426425268
6,blackhole,0.9471072460780748,0.015353083151384925,0.9317541629266899
6,selective_forwarding,0.6239859383993758,0.34498289116620684,0.27900304723316893
6,sinkhole,0.8536967500001597,0.3973699870561187,0.45632676294404095
6,wormhole,0.8904154624956695,0.3307363545224993,0.5596791079731702
6,sybil,0.8802354146418935,0.29234771886825056,0.587887695773643
7,blackhole,0.9730026496248072,0.07280366759029155,0.9001989820345156
7,selective_forwarding,0.593731967122098,0.4719024268440655,0.12182954027803244
7,sinkhole,0.8932867087048842,0.3434345126977535,0.5498521960071308
7,wormhole,0.8407007841491365,0.3221271817279945,0.518573602421142
7,sybil,0.8437076735713782,0.3383125764324697,0.5053950971389085
8,blackhole,0.9528587969135707,0.0037515293409644784,0.9491072675726062
8,selective_forwarding,0.6202902196028346,0.2153662660297652,0.40492395357306943
8,sinkhole,0.9006803156645883,0.4142020057115274,0.4864783099530609
8,wormhole,0.8336914242337409,0.32676982976673746,0.5069215944670034
8,sybil,0.8447778657721312,0.3003929555405735,0.5443849102315577
9,blackhole,0.9519908755741328,0.04753267841635228,0.9044581971577805
9,selective_forwarding,0.8621527975868982,0.41453267244313613,0.4476201251437621
9,sinkhole,0.9529423704777031,0.35054424444983295,0.6023981260278701
9,wormhole,0.8904390661429787,0.3627346467023085,0.5277044194406703
9,sybil,0.8281327397875954,0.28070064050883614,0.5474320992787592
10,blackhole,0.9666040108807388,0.02480936545228649,0.9417946454284523
10,selective_forwarding,0.8214397699389001,0.4974984436222163,0.3239413263166838
10,sinkhole,0.8727729768615586,0.3089577987987024,0.5638151780628562
10,wormhole,0.8888740596495648,0.3119117378421213,0.5769623218074436
10,sybil,0.9131136582077327,0.2516406112126858,0.6614730469950469
11,blackhole,0.9542979208887858,0.08205868353598937,0.8722392373527965
11,selective_forwarding,0.7228368446693997,0.24168516299188703,0.48115168167751265
11,sinkhole,0.8633095335216617,0.3112296860080185,0.5520798475136433
11,wormhole,0.8945551839625331,0.38009909859120516,0.5144560853713279
11,sybil,0.920475074683117,0.3382281710870075,0.5822469035961095
12,blackhole,0.9544404982783298,0.04492035129879814,0.9095201469795317
12,selective_forwarding,0.4971980194687006,0.11105997445449177,0.38613804501420884
12,sinkhole,0.9118516178615883,0.3089479477925674,0.6029036700690209
12,wormhole,0.8382729481668777,0.3539124192108558,0.4843605289560219
12,sybil,0.8489340182556856,0.2912156759967882,0.5577183422588974
13,blackhole,0.9409684531520688,0.005419891956971299,0.9355485611950974
13,selective_forwarding,0.6888097548160758,0.5708305228537274,0.11797923196234839
13,sinkhole,0.8493232868430218,0.385383348976617,0.4639399378664048
13,wormhole,0.9137355425143058,0.35295463241884756,0.5607809100954582
13,sybil,0.9363557530956733,0.2741735902818623,0.662182162813811
14,blackhole,0.9519262559693792,0.01589506325327267,0.9360311927161065
14,selective_forwarding,0.5964661676353872,0.5440457128719803,0.05242045476340684
14,sinkhole,0.8259887010199494,0.35259518793800204,0.4733935130819473
14,wormhole,0.9520986429413038,0.3293770814584052,0.6227215614828985
14,sybil,0.8700464868659042,0.33307565624858615,0.5369708306173181
15,blackhole,0.9443830841156227,0.021493507481869057,0.9228895766337536
15,selective_forwarding,0.8966304626382365,0.3309416268945884,0.5656888357436481
15,sinkhole,0.8585901017299367,0.39359234425422,0.46499775747571664
15,wormhole,0.9101622549877793,0.3752226594785431,0.5349395955092362
15,sybil,0.8329608351480083,0.30454897277855913,0.5284118623694491
16,blackhole,0.9641652255123941,0.009613728969329155,0.954551496543065
16,selective_forwarding,0.6301791030514966,0.47347962179957026,0.15669948125192634
16,sinkhole,0.8299851910476272,0.25959764564061794,0.5703875454070093
16,wormhole,0.8673925832652889,0.296010694499701,0.5713818887655879
16,sybil,0.9588131938383426,0.31710812651104797,0.6417050673272946
17,blackhole,0.9561446662384294,0.1374585473396419,0.8186861188987875
17,selective_forwarding,0.5575217054223779,0.49974617907185936,0.057775526350518525
17,sinkhole,0.8392322551501766,0.3935606925843723,0.4456715625658043
17,wormhole,0.9118280373288495,0.47098481907462486,0.4408432182542247
17,sybil,0.8361001177132339,0.23355077826061868,0.6025493394526152
18,blackhole,0.9587688994304123,0.03238751307837451,0.9263813863520378
18,selective_forwarding,0.9307935832588927,0.5924915731739353,0.3383020100849574
18,sinkhole,0.9117832091193315,0.28524103354977554,0.6265421755695559
18,wormhole,0.8305861440009302,0.4402092625586456,0.3903768814422846
18,sybil,0.8631009839915545,0.3243568411011149,0.5387441428904396
19,blackhole,0.9405322074216255,0.03902691840717607,0.9015052890144494
19,selective_forwarding,0.9007441147864949,0.37891349978919897,0.5218306149972959
19,sinkhole,0.8910491246744594,0.35126744281135436,0.539781681863105
19,wormhole,0.8242722133688298,0.4783666999087418,0.345905513460088
19,sybil,0.8981278133221097,0.2808468811284429,0.6172809321936668
20,blackhole,0.9614854061620663,0.12663556183813107,0.8348498443239353
20,selective_forwarding,0.585384466396312,0.2923054188874926,0.2930790475088194
20,sinkhole,0.8257493794499807,0.3719295180822642,0.4538198613677165
20,wormhole,0.835290256371345,0.3191146912744068,0.5161755650969382
20,sybil,0.8310882172819345,0.33945692920685516,0.49163128807507933
21,blackhole,0.9421269581287511,0.03496186143242018,0.9071650966963309
21,selective_forwarding,0.7629555258809101,0.5026358914282818,0.2603196344526283
21,sinkhole,0.8271980530918472,0.3380819318507574,0.48911612124108983
21,wormhole,0.8467868862325865,0.3142028949827613,0.5325839912498251
21,sybil,0.8351628024011095,0.231883799835936,0.6032790025651735
22,blackhole,0.9427010244217702,0.10440866346250421,0.838292360959266
22,selective_forwarding,0.6120615048327409,0.163733357355876,0.4483281474768649
22,sinkhole,0.8517909181449161,0.3507419595445885,0.5010489586003277
22,wormhole,0.8519212657723333,0.2823465941044583,0.569574671667875
22,sybil,0.8318507800584097,0.2601589126092424,0.5716918674491673
23,blackhole,0.9425536009125599,0.09474278362925599,0.8478108172833039
23,selective_forwarding,0.6062507471220969,0.45435996963816616,0.15189077748393076
23,sinkhole,0.8587839874051861,0.3387727013121143,0.5200112860930719
23,wormhole,0.8622159407649923,0.30302402609190904,0.5591919146730833
23,sybil,0.8558834883425102,0.2850320198209231,0.5708514685215871
24,blackhole,0.9763549227088296,0.12313624326926152,0.8532186794395681
24,selective_forwarding,0.5947921282380308,0.5244216677975956,0.07037046044043527
24,sinkhole,0.9109955321173604,0.2993291914537464,0.611666340663614
24,wormhole,0.8654284930420357,0.37147223625897974,0.493956256783056
24,sybil,0.8279963407857741,0.2641314244197703,0.5638649163660039
25,blackhole,0.9575571810871799,0.0520691551536458,0.9054880259335341
25,selective_forwarding,0.842062562823035,0.3153639109043484,0.5266986519186867
25,sinkhole,0.844341497084507,0.28711798105129865,0.5572235160332084
25,wormhole,0.8339585437699788,0.35900203539241754,0.47495650837756126
25,sybil,0.8480354035430867,0.26350011725612366,0.584535286286963
26,blackhole,0.9634218906482166,0.00800247670319268,0.9554194139450239
26,selective_forwarding,0.8093305786419025,0.1218727982685706,0.6874577803733319
26,sinkhole,0.8328703200895631,0.30260909084002185,0.5302612292495412
26,wormhole,0.8715836725769011,0.3024026716016024,0.5691810009752987
26,sybil,0.9055104640780216,0.21513930923299296,0.6903711548450286
27,blackhole,0.9629320105459737,0.02235208968838808,0.9405799208575856
27,selective_forwarding,0.7100462473053891,0.17744292889200441,0.5326033184133847
27,sinkhole,0.8252281399861363,0.28528256854819356,0.5399455714379428
27,wormhole,0.8535244509555444,0.26100421109507665,0.5925202398604678
27,sybil,0.8457152311211725,0.32464863580223974,0.5210665953189328
28,blackhole,0.9587823650662944,0.05052538955683722,0.9082569755094572
28,selective_forwarding,0.636151272254213,0.4966532239288732,0.1394980483253398
28,sinkhole,0.8528914627895234,0.2869137354980279,0.5659777272914955
28,wormhole,0.8268535222629178,0.3013230431849234,0.5255304790779943
28,sybil,0.8953058395768854,0.2944547826814842,0.6008510568954012
29,blackhole,0.9435440694215451,0.027934804542651803,0.9156092648788933
29,selective_forwarding,0.7536125706449807,0.3082898358059986,0.44532273483898205
29,sinkhole,0.8523762994879638,0.40806521431689635,0.44431108517106743
29,wormhole,0.8467826958588912,0.29670435196567924,0.550078343893212
29,sybil,0.9058593769905183,0.25784341770420777,0.6480159592863106
30,blackhole,0.9439411918020482,0.12923646867778601,0.8147047231242621
30,selective_forwarding,0.5785218093241568,0.30055279495028303,0.2779690143738737
30,sinkhole,0.8701341343824849,0.3245014175004396,0.5456327168820453
30,wormhole,0.8797884938254192,0.24617248079737322,0.633616013028046
30,sybil,0.9400583233767755,0.30473964230483735,0.6353186810719382
