mixer,objective,depth,in_constraint,p_optimum,mode_optimal,best_sampled_optimal,approx_ratio,two_qubit_gates,depth_transpiled
penalty_x,cvar,1,0.11467694655869537,0.006402739896082082,0.13333333333333333,0.9333333333333333,0.5583516009939249,0.0,14.0
penalty_x,cvar,2,0.11174985066605606,0.008849552204972043,0.13333333333333333,0.9666666666666667,0.6189808238754116,0.0,26.0
penalty_x,cvar,3,0.09970596062361407,0.0089717366093158,0.26666666666666666,0.9333333333333333,0.7440268619510856,0.0,38.0
penalty_x,expectation,1,0.06465522372107858,0.0045328335762341385,0.13333333333333333,0.8,0.5590224692319837,0.0,14.0
penalty_x,expectation,2,0.06867614345327692,0.008039890637974379,0.23333333333333334,0.8333333333333334,0.7072101495858845,0.0,26.0
penalty_x,expectation,3,0.0707730379012368,0.005528621821866562,0.13333333333333333,0.8666666666666667,0.5658709378906084,0.0,38.0
xy,cvar,1,0.9999999999999994,0.2921004379084222,0.5333333333333333,1.0,0.9710721036971521,12.0,25.0
xy,cvar,2,0.9999999999999996,0.28526849230043727,0.7666666666666667,1.0,0.9963292280726692,12.0,40.0
xy,cvar,3,0.9999999999999993,0.2917916278223418,0.7333333333333333,1.0,0.9427305773743576,12.0,55.0
xy,expectation,1,0.9999999999999996,0.3270104960994142,0.5,1.0,0.9702829670527732,12.0,25.0
xy,expectation,2,0.9999999999999997,0.387376597424499,0.4666666666666667,0.9666666666666667,0.9695046467169519,12.0,40.0
xy,expectation,3,0.9999999999999999,0.3579047091911527,0.4,0.9666666666666667,0.9542395988577919,12.0,55.0
