n_stages,candidates,qubits,n_routes,seed,is_layered_dag,dp_matches_brute_force,dp_cost,brute_cost,dp_seconds,enumerate_seconds,ratio_sa,ratio_greedy_stagewise,ratio_greedy_forward,ratio_random
3,3,9,27,1,True,True,4.111608400257962,4.111608400257962,7.183899288065732e-05,9.333901107311249e-05,1.0,0.4446274363168023,0.45295945115746905,0.47537569476762476
3,3,9,27,2,True,True,3.9787954092106306,3.9787954092106306,7.025900413282216e-05,9.491899982094765e-05,1.0,0.4411819156030936,0.4429235606477532,0.43467327407945333
3,3,9,27,3,True,True,4.029886860865979,4.029886860865979,6.671299342997372e-05,9.1767986305058e-05,1.0,0.45502113333121363,0.45502113333121363,0.4209437808394905
3,3,9,27,4,True,True,4.155659079444257,4.155659079444257,6.789498729631305e-05,8.921200060285628e-05,1.0,0.29903267614813417,0.48058320952782346,0.37179452864300594
3,3,9,27,5,True,True,3.9631060051596227,3.963106005159623,6.869700155220926e-05,9.07330249901861e-05,1.0,0.45002106975514106,0.45002106975514106,0.43938654241913894
3,3,9,27,6,True,True,4.2511053647482075,4.2511053647482075,9.256199700757861e-05,8.46619950607419e-05,1.0,0.29728662110633236,0.45842782886851585,0.3365137627014922
3,3,9,27,7,True,True,4.010186237144554,4.010186237144554,6.712399772368371e-05,0.00011164598981849849,1.0,0.45315920176746544,0.45315920176746544,0.396486952932855
3,3,9,27,8,True,True,4.003636756438674,4.003636756438674,6.657399353571236e-05,8.986701141111553e-05,1.0,0.4441821213379047,0.45154448083427784,0.3407229028189689
3,3,9,27,9,True,True,4.080109159324729,4.080109159324729,6.680699880234897e-05,0.00011396600166335702,1.0,0.2871488479473479,1.0,0.3258742945557497
3,3,9,27,10,True,True,4.309997937713058,4.309997937713058,6.901999586261809e-05,8.974599768407643e-05,1.0,0.3097685164901675,0.3097685164901675,0.38070934482467145
3,3,9,27,11,True,True,4.162498878248303,4.162498878248303,6.462799501605332e-05,8.827299461700022e-05,1.0,0.29416327312208407,0.29416327312208407,0.3479553293790409
3,3,9,27,12,True,True,4.308465505740407,4.308465505740407,6.73930044285953e-05,8.867599535733461e-05,1.0,0.48116696955489785,0.47541152703796347,0.3984845775282087
3,3,9,27,13,True,True,4.091636632574331,4.091636632574331,6.515198037959635e-05,8.754798909649253e-05,1.0,0.2924097915863653,0.4479039530985115,0.39915958955021047
3,3,9,27,14,True,True,4.099762716819444,4.099762716819445,6.780299008823931e-05,8.43940069898963e-05,1.0,0.45237594063511555,1.0,0.3624888821150024
3,3,9,27,15,True,True,4.106562060152145,4.106562060152145,6.513498374260962e-05,8.612297824583948e-05,1.0,0.2915149835851497,0.44629469017144596,0.37957528192593043
3,3,9,27,16,True,True,4.234020967810535,4.234020967810534,6.403098814189434e-05,8.676998550072312e-05,1.0,0.4586772413628321,1.0,0.36867350625453976
3,3,9,27,17,True,True,4.12358565303685,4.12358565303685,6.637698970735073e-05,8.643200271762908e-05,1.0,0.4593137177444747,0.4637811136803714,0.4269533707325616
3,3,9,27,18,True,True,4.0066827741846245,4.006682774184625,6.789699546061456e-05,8.927599992603064e-05,1.0,0.4499255615364499,1.0,0.3937358084677021
3,3,9,27,19,True,True,4.023772704727392,4.023772704727391,6.369297625496984e-05,8.73749959282577e-05,1.0,0.45245488992242033,0.45245488992242033,0.35639936771672115
3,3,9,27,20,True,True,4.084503170063571,4.08450317006357,6.437499541789293e-05,8.873900515027344e-05,1.0,0.4713926811996292,0.4713926811996292,0.42984799970416404
4,3,12,81,1,True,True,4.687949549467476,4.687949549467476,9.825598681345582e-05,0.00024488699273206294,1.0,0.48425498514616805,0.9992137693364664,0.45075604067582364
4,3,12,81,2,True,True,4.543467478534306,4.543467478534306,7.111200829967856e-05,0.0002629100054036826,1.0,0.46589076786931183,1.0,0.45960087951789835
4,3,12,81,3,True,True,4.465475969884754,4.465475969884754,7.405699579976499e-05,0.00023824701202102005,1.0,0.9941006171472764,0.9895065251396444,0.7019760034731547
4,3,12,81,4,True,True,4.645221902463726,4.645221902463726,7.06510036252439e-05,0.00023853001766838133,1.0,0.4768403202668964,0.48109095526835366,0.3658485368582005
4,3,12,81,5,True,True,4.534546739072342,4.534546739072343,7.301199366338551e-05,0.0002696570008993149,1.0,1.0,1.0,0.6548809839391851
4,3,12,81,6,True,True,4.5705696730082055,4.5705696730082055,7.337899296544492e-05,0.0002443839912302792,1.0,1.0,0.9838601522883309,0.6487789150823644
4,3,12,81,7,True,True,4.514992808247445,4.514992808247445,7.39299866836518e-05,0.0002443930134177208,1.0,0.9845851463596713,0.969630181238157,0.5594988679876527
4,3,12,81,8,True,True,4.612564539731212,4.612564539731212,7.648402242921293e-05,0.00024160000612027943,1.0,0.4793554539843257,0.9988007625050185,0.6113336117789855
4,3,12,81,9,True,True,4.632694588340624,4.632694588340623,7.411601836793125e-05,0.00024276302428916097,1.0,0.46018391631343747,0.9734214668620573,0.5304701687495366
4,3,12,81,10,True,True,4.6161203206198795,4.6161203206198795,7.531800656579435e-05,0.00024243001826107502,1.0,0.3187907131691043,0.32015459146687486,0.3726833485924272
4,3,12,81,11,True,True,4.662531530045557,4.662531530045557,7.26610014680773e-05,0.00023778100148774683,1.0,1.0,0.9956276156262609,0.5685715236836268
4,3,12,81,12,True,True,4.630001561525184,4.630001561525185,7.319200085476041e-05,0.00024392700288444757,1.0,0.47912840824328534,0.476748044552345,0.4728091438193772
4,3,12,81,13,True,True,4.612047654318902,4.612047654318902,7.521701627410948e-05,0.0002407209831289947,1.0,0.47721804274745305,0.4806443260717228,0.4991944992045882
4,3,12,81,14,True,True,4.740428672862785,4.740428672862785,7.098700734786689e-05,0.00024083300377242267,1.0,0.3244623937832338,0.9975222373052077,0.5111593139249018
4,3,12,81,15,True,True,4.664486803130426,4.664486803130425,7.390600512735546e-05,0.00023952900664880872,1.0,0.31766570455575127,0.4806960587269181,0.43073116498934827
4,3,12,81,16,True,True,4.6790313880377346,4.679031388037735,7.256001117639244e-05,0.00026981098926626146,1.0,0.31933999233751426,0.9765938569185358,0.5388830793411317
4,3,12,81,17,True,True,4.5692971587704045,4.5692971587704045,7.341799209825695e-05,0.00025745798484422266,1.0,0.9988219400899261,0.9988219400899261,0.7056068014655473
4,3,12,81,18,True,True,4.33915576853811,4.33915576853811,7.00180244166404e-05,0.0002397279895376414,1.0,0.4580344034932632,0.4602323063862148,0.551847092285155
4,3,12,81,19,True,True,4.6031195122162,4.6031195122162,9.856899851001799e-05,0.00024171499535441399,1.0,0.4801461780788942,1.0,0.658504676818258
4,3,12,81,20,True,True,4.443696738085731,4.443696738085731,7.388700032606721e-05,0.00023867201525717974,1.0,0.4611612825321796,0.9840404394740369,0.4089344091153381
3,4,12,64,1,True,True,4.111608400257962,4.111608400257962,6.818701513111591e-05,0.00019280400010757148,1.0,0.4446274363168023,0.45295945115746905,0.40501615671921415
3,4,12,64,2,True,True,3.9787954092106306,3.9787954092106306,6.81149831507355e-05,0.00019201301620341837,1.0,0.4411819156030936,0.4429235606477532,0.3931757256428357
3,4,12,64,3,True,True,4.029886860865979,4.029886860865979,0.00011542398715391755,0.00019413602421991527,1.0,0.45502113333121363,0.44706590015474307,0.3383758238362393
3,4,12,64,4,True,True,4.155659079444257,4.155659079444257,6.871699588373303e-05,0.00019214500207453966,1.0,0.29903267614813417,0.48058320952782346,0.3345023575203388
3,4,12,64,5,True,True,3.9631060051596227,3.963106005159623,6.982800550758839e-05,0.00019054801668971777,1.0,0.44800038965025185,0.44800038965025185,0.45468102664488086
3,4,12,64,6,True,True,4.2511053647482075,4.2511053647482075,6.848500925116241e-05,0.00019639200763776898,1.0,0.466400181505635,0.466400181505635,0.3535092830007297
3,4,12,64,7,True,True,4.010186237144554,4.010186237144554,7.012599962763488e-05,0.00019244497525505722,1.0,0.4510225783834986,0.4510225783834986,0.3792733307475319
3,4,12,64,8,True,True,4.003636756438674,4.003636756438674,9.531600517220795e-05,0.00019670400070026517,1.0,0.4441821213379047,0.45154448083427784,0.38934800595330055
3,4,12,64,9,True,True,4.080109159324729,4.080109159324729,6.638802005909383e-05,0.00018871898646466434,1.0,0.2871488479473479,1.0,0.3086855894757422
3,4,12,64,10,True,True,4.309997937713058,4.309997937713058,6.983501953072846e-05,0.0002165850019082427,1.0,0.31405286834465057,0.31405286834465057,0.3546953570883619
3,4,12,64,11,True,True,4.162498878248303,4.162498878248303,7.291100337170064e-05,0.00018996201106347144,1.0,0.29416327312208407,0.29416327312208407,0.3368774854916565
3,4,12,64,12,True,True,4.308465505740407,4.308465505740407,7.872199057601392e-05,0.00020798601326532662,1.0,0.48116696955489785,0.47541152703796347,0.36121873501734736
3,4,12,64,13,True,True,4.091636632574331,4.091636632574331,0.00010013199062086642,0.00019264602451585233,1.0,0.29559412272369573,0.45541890961727705,0.3626401427599638
3,4,12,64,14,True,True,4.099762716819444,4.099762716819445,6.893600220791996e-05,0.0001906240067910403,1.0,0.45237594063511555,1.0,0.33614942138199483
3,4,12,64,15,True,True,4.106562060152145,4.106562060152145,6.93440088070929e-05,0.00019073000294156373,1.0,0.29201572183098884,0.44746939486511494,0.3334735539249155
3,4,12,64,16,True,True,4.234020967810535,4.234020967810534,6.742100231349468e-05,0.00019084798987023532,1.0,0.46132199352113634,0.46229998815030804,0.334838647718784
3,4,12,64,17,True,True,4.12358565303685,4.12358565303685,6.776800728403032e-05,0.00021709100110456347,1.0,0.46224277610696846,0.4637811136803714,0.41035326854812504
3,4,12,64,18,True,True,4.0066827741846245,4.006682774184625,6.98140065651387e-05,0.00022548099514096975,1.0,0.29195843793111814,0.29195843793111814,0.3367056811975303
3,4,12,64,19,True,True,4.023772704727392,4.023772704727391,6.886199116706848e-05,0.0002221830072812736,1.0,0.45185578722222075,0.45245488992242033,0.33101792238283695
3,4,12,64,20,True,True,4.084503170063571,4.08450317006357,6.870998186059296e-05,0.00021839299006387591,1.0,0.46719036358417004,0.46719036358417004,0.39867153029177244
4,4,16,256,1,True,True,4.687949549467476,4.687949549467476,7.943101809360087e-05,0.0008541709976270795,1.0,0.48425498514616805,0.9992137693364664,0.3675172076739975
4,4,16,256,2,True,True,4.543467478534306,4.543467478534306,7.935799658298492e-05,0.0008627729839645326,1.0,0.46589076786931183,1.0,0.45971978767953814
4,4,16,256,3,True,True,4.465475969884754,4.465475969884754,8.028600132092834e-05,0.0008547109900973737,1.0,0.9941006171472764,0.9895065251396444,0.5874039381344784
4,4,16,256,4,True,True,4.645221902463726,4.645221902463726,7.869600085541606e-05,0.000868146016728133,1.0,0.48282454658602536,0.48109095526835366,0.4060914806972064
4,4,16,256,5,True,True,4.534546739072342,4.534546739072343,9.811599738895893e-05,0.0008774570014793426,1.0,0.30625837693873803,1.0,0.5516980824061879
4,4,16,256,6,True,True,4.540158880092563,4.540158880092563,7.876899326220155e-05,0.0008686909859534353,1.0,0.46743156894719917,1.0,0.5930653269672576
4,4,16,256,7,True,True,4.514992808247445,4.514992808247445,7.704802555963397e-05,0.0008494170033372939,1.0,0.9828480263572513,0.9813682711407304,0.5502386713914436
4,4,16,256,8,True,True,4.597967221286652,4.597967221286652,8.241401519626379e-05,0.0008444790146313608,1.0,0.47783844448783563,0.9956398717104574,0.5382912659018412
4,4,16,256,9,True,True,4.61195680455306,4.61195680455306,8.122299914248288e-05,0.0008355519967153668,1.0,0.47152705530233324,0.9690640451652413,0.4814085502098533
4,4,16,256,10,True,True,4.6161203206198795,4.6161203206198795,7.670299964956939e-05,0.0008503940189257264,1.0,0.3187907131691043,0.3208135222323225,0.4002262614354345
4,4,16,256,11,True,True,4.628262405002761,4.628262405002761,7.950901635922492e-05,0.000825143011752516,1.0,1.0,0.9936728338501376,0.5338484940878891
4,4,16,256,12,True,True,4.630001561525184,4.630001561525185,8.39240092318505e-05,0.0008708130044396967,1.0,0.47912840824328534,0.47539676126128144,0.48363392799997645
4,4,16,256,13,True,True,4.612047654318902,4.612047654318902,8.172099478542805e-05,0.0008404380059801042,1.0,0.47721804274745305,0.4806443260717228,0.48354332185235366
4,4,16,256,14,True,True,4.740428672862785,4.740428672862785,8.074901415966451e-05,0.0008507830207236111,1.0,0.3244623937832338,0.9975222373052077,0.43737813752681787
4,4,16,256,15,True,True,4.664486803130426,4.664486803130425,8.128999616019428e-05,0.0008657239959575236,1.0,0.3156026720090059,0.4806960587269181,0.4093584191236347
4,4,16,256,16,True,True,4.6790313880377346,4.679031388037735,7.803499465808272e-05,0.0008626600028946996,1.0,0.31933999233751426,0.9765938569185358,0.48991816015087064
4,4,16,256,17,True,True,4.539707260249822,4.539707260249822,0.00011387001723051071,0.0008365419926121831,1.0,0.9923537593565579,0.9988142705777219,0.710256629615234
4,4,16,256,18,True,True,4.33915576853811,4.33915576853811,0.00010781400487758219,0.0008445240091532469,1.0,0.29597323311029006,0.4514325084286682,0.49889808917165457
4,4,16,256,19,True,True,4.6031195122162,4.6031195122162,8.464397978968918e-05,0.0008461849938612431,1.0,0.488657961599792,1.0,0.5830297306155734
4,4,16,256,20,True,True,4.4220843474946525,4.4220843474946525,8.219899609684944e-05,0.0008553049992769957,1.0,0.45901261854181796,0.4712346879742148,0.4275329703087016
5,4,20,1024,1,True,True,5.234790730341055,5.234790730341055,9.17630095500499e-05,0.003746411995962262,1.0,0.9992958434019266,0.9948182382060982,0.6989001808626841
5,4,20,1024,2,True,True,5.200638557369135,5.200638557369135,8.880099630914629e-05,0.0036741800140589476,1.0,0.5013183050165082,1.0,0.5713349052301934
5,4,20,1024,3,True,True,5.074599362686363,5.074599362686363,9.000897989608347e-05,0.0037308149912860245,1.0,0.9948050637624016,0.990754451264243,0.6216882372054949
5,4,20,1024,4,True,True,5.24547923370163,5.24547923370163,8.786498801782727e-05,0.0036553599929902703,1.0,0.5037448676050638,0.514016824961098,0.6436970503445589
5,4,20,1024,5,True,True,5.172040462014474,5.172040462014474,9.049297659657896e-05,0.00364432402420789,1.0,0.9730646794322473,1.0,0.7432727903525941
5,4,20,1024,6,True,True,5.2292368104516616,5.22923681045166,0.00014771000132896006,0.0036862870038021356,1.0,0.509299595083382,0.509299595083382,0.6035427821409008
5,4,20,1024,7,True,True,5.183405437371204,5.183405437371205,9.406998287886381e-05,0.0036972380185034126,1.0,0.9923722749887327,1.0,0.7660248707078816
5,4,20,1024,8,True,True,5.255757228014689,5.25575722801469,0.00011962500866502523,0.0036360599915497005,1.0,0.9977040875968731,0.9808144523435864,0.7080281400649241
5,4,20,1024,9,True,True,5.32378111390343,5.323781113903431,0.00011767601245082915,0.0036783050163649023,1.0,0.9816957921414177,0.9902299512292168,0.676010956462644
5,4,20,1024,10,True,True,5.184325264134057,5.184325264134057,9.090700768865645e-05,0.003770009003346786,1.0,0.5070993730004824,0.5066505885070973,0.5581627796969124
5,4,20,1024,11,True,True,5.327102034699653,5.327102034699652,9.396398672834039e-05,0.003804542007856071,1.0,0.9718848126107211,0.9796313990635646,0.5774383560811678
5,4,20,1024,12,True,True,5.268927889858775,5.268927889858774,9.994700667448342e-05,0.003780780010856688,1.0,0.5110410034040701,0.5099019285142126,0.6265362872613278
5,4,20,1024,13,True,True,5.218613008981191,5.218613008981192,9.052100358530879e-05,0.0037403280148282647,1.0,0.49529646999407306,0.9984795778447708,0.7248057675383235
5,4,20,1024,14,True,True,5.268239320250408,5.268239320250409,9.117400622926652e-05,0.0037803490122314543,1.0,0.49684794106737634,0.9847397235627262,0.6976171327881188
5,4,20,1024,15,True,True,5.253472143456019,5.25347214345602,9.082400356419384e-05,0.003697221982292831,1.0,0.974175774354223,1.0,0.6213525615697455
5,4,20,1024,16,True,True,5.310833980764833,5.3108339807648335,0.00010244399891234934,0.003753833007067442,1.0,0.3429331072388699,0.9649307118842916,0.7114273212368252
5,4,20,1024,17,True,True,5.1535825748703665,5.1535825748703665,9.099699673242867e-05,0.0037500110047403723,1.0,0.9989553626492057,0.9840170929575613,0.8781563210081751
5,4,20,1024,18,True,True,4.938001332995676,4.938001332995676,9.160200715996325e-05,0.003756757010705769,1.0,0.9449003874662563,0.9499925691485168,0.7380469023871912
5,4,20,1024,19,True,True,5.172968367479429,5.172968367479429,9.038002463057637e-05,0.003758209990337491,1.0,0.5014551286960011,0.5070787264960767,0.6789639107899718
5,4,20,1024,20,True,True,5.028129107719829,5.028129107719829,9.291799506172538e-05,0.0037638950161635876,1.0,0.9620342647239147,0.9878864294105251,0.647911967382344
4,5,20,625,1,True,True,4.687949549467476,4.687949549467476,8.91920062713325e-05,0.00248894898686558,1.0,0.48425498514616805,0.9992137693364664,0.3919939909884997
4,5,20,625,2,True,True,4.543467478534306,4.543467478534306,0.00010049701086245477,0.002529609017074108,1.0,0.46919114867985856,0.4676795848376369,0.3982535123719126
4,5,20,625,3,True,True,4.465475969884754,4.465475969884754,8.703101775608957e-05,0.002465219993609935,1.0,0.9815201133899671,0.9895065251396444,0.482700555185397
4,5,20,625,4,True,True,4.645221902463726,4.645221902463726,8.932300261221826e-05,0.00249386701034382,1.0,0.48282454658602536,0.47516990055014025,0.3779814602491
4,5,20,625,5,True,True,4.534546739072342,4.534546739072343,9.020400466397405e-05,0.002531954989535734,1.0,0.22647931882153946,1.0,0.5156953769453088
4,5,20,625,6,True,True,4.540158880092563,4.540158880092563,8.83390021044761e-05,0.0024945929762907326,1.0,0.4751542808010002,1.0,0.4389073589955659
4,5,20,625,7,True,True,4.514992808247445,4.514992808247445,9.11270035430789e-05,0.0024895859824027866,1.0,0.9756656432400266,0.9841386159532537,0.4483338222607465
4,5,20,625,8,True,True,4.597967221286652,4.597967221286652,0.00011559599079191685,0.00244862399995327,1.0,0.4807364130190111,0.9956398717104574,0.5085666643589905
4,5,20,625,9,True,True,4.61195680455306,4.61195680455306,9.137499728240073e-05,0.00250926599255763,1.0,0.47152705530233324,0.9584709836945355,0.4835738779262946
4,5,20,625,10,True,True,4.6161203206198795,4.6161203206198795,9.037597919814289e-05,0.0025184279948007315,1.0,0.3187907131691043,0.3208135222323225,0.380326686218642
4,5,20,625,11,True,True,4.628262405002761,4.628262405002761,9.262599633075297e-05,0.0025557690241839737,1.0,0.4752569905120606,0.9936728338501376,0.44353992708798257
4,5,20,625,12,True,True,4.630001561525184,4.630001561525185,8.713398710824549e-05,0.0024835430085659027,1.0,0.47912840824328534,0.47539676126128144,0.4476605444245352
4,5,20,625,13,True,True,4.612047654318902,4.612047654318902,8.945298031903803e-05,0.002463638986228034,1.0,0.48477931234619537,0.4883154334187784,0.49975347980914575
4,5,20,625,14,True,True,4.740428672862785,4.740428672862785,8.961500134319067e-05,0.002483015996403992,1.0,0.3233583844163863,0.9975222373052077,0.41123502895616093
4,5,20,625,15,True,True,4.664486803130426,4.664486803130425,8.87060014065355e-05,0.002488798985723406,1.0,0.23495182311444773,0.480778821347055,0.4204696348596021
4,5,20,625,16,True,True,4.6790313880377346,4.679031388037735,8.921499829739332e-05,0.0025641540123615414,1.0,0.31933999233751426,0.4798576097067799,0.4834194963997419
4,5,20,625,17,True,True,4.539707260249822,4.539707260249822,9.077400318346918e-05,0.002468661987222731,1.0,0.9923537593565579,0.9988142705777219,0.7263439022585982
4,5,20,625,18,True,True,4.33915576853811,4.33915576853811,8.856199565343559e-05,0.0024572680122219026,1.0,0.21849228845554441,0.4514325084286682,0.46450646626977565
4,5,20,625,19,True,True,4.6031195122162,4.6031195122162,0.00010844899225048721,0.002463637007167563,1.0,0.31864549047029195,1.0,0.4908373965637367
4,5,20,625,20,True,True,4.401222224171396,4.401222224171396,9.061797754839063e-05,0.0025102189974859357,1.0,0.45689067010771933,0.4694966706964999,0.43471110422272385
5,5,25,3125,1,True,True,5.234790730341055,5.234790730341055,0.0001045259996317327,0.014217585005098954,0.9992958434019266,0.5022241471201722,0.9948182382060982,0.5757429407153845
5,5,25,3125,2,True,True,5.200638557369135,5.200638557369135,0.00010355800623074174,0.013982281991047785,1.0,0.5007626926711349,0.9417992897511359,0.5674281861062606
5,5,25,3125,3,True,True,5.074599362686363,5.074599362686363,9.921099990606308e-05,0.013876790995709598,1.0,0.9948050637624016,0.49151236162107254,0.44688904012610825
5,5,25,3125,4,True,True,5.24547923370163,5.24547923370163,0.00010962900705635548,0.013946693972684443,1.0,0.5037448676050638,0.514016824961098,0.6203999233557338
5,5,25,3125,5,True,True,5.172040462014474,5.172040462014474,0.00010186200961470604,0.013976732006995007,0.988769560689691,0.9730646794322473,1.0,0.562151005238259
5,5,25,3125,6,True,True,5.2292368104516616,5.22923681045166,0.0001013189903460443,0.01399892900371924,1.0,0.509299595083382,0.509299595083382,0.5107980866423693
5,5,25,3125,7,True,True,5.15558198668433,5.15558198668433,0.00010294900857843459,0.013795920996926725,1.0,0.47944108676486336,0.9946322063702998,0.69644773312366
5,5,25,3125,8,True,True,5.255757228014689,5.25575722801469,0.0001077250053640455,0.013670956017449498,1.0,0.507506858437124,0.9938051817746095,0.756602163084979
5,5,25,3125,9,True,True,5.32378111390343,5.323781113903431,0.00010393699631094933,0.013930866989539936,1.0,0.9644797511308899,0.9902299512292168,0.6230211782831148
5,5,25,3125,10,True,True,5.184325264134057,5.184325264134057,0.00010408100206404924,0.013929403008660302,1.0,0.5070993730004824,0.5066505885070973,0.4979223050435173
5,5,25,3125,11,True,True,5.327102034699653,5.327102034699652,0.00013527998817153275,0.013638600998092443,1.0,0.9718848126107211,0.9796313990635646,0.6032572264444277
5,5,25,3125,12,True,True,5.268927889858775,5.268927889858774,0.00010742200538516045,0.013950824009953067,1.0,0.5032642343894923,0.5099019285142126,0.5795149614751173
5,5,25,3125,13,True,True,5.218613008981191,5.218613008981192,0.00010730000212788582,0.013934886985225603,1.0,0.5037256562299885,0.9865545255962261,0.6826918467160119
5,5,25,3125,14,True,True,5.268239320250408,5.268239320250409,0.00010909300181083381,0.0140443230047822,1.0,0.4873270160512633,0.9831069624467561,0.5912742314409138
5,5,25,3125,15,True,True,5.253472143456019,5.25347214345602,0.00010330998338758945,0.013894603005610406,1.0,0.9716434954420973,0.9973318701438217,0.5506473738937079
5,5,25,3125,16,True,True,5.310833980764833,5.3108339807648335,0.00010025297524407506,0.013996330002555624,1.0,0.3429331072388699,0.9908107485838805,0.7567604911038714
5,5,25,3125,17,True,True,5.1535825748703665,5.1535825748703665,0.0001090320001821965,0.013813413999741897,1.0,0.9965618391615872,0.9840170929575613,0.7812502726609291
5,5,25,3125,18,True,True,4.938001332995676,4.938001332995676,0.00010040597408078611,0.013906665990361944,1.0,0.9107454373027677,0.9499925691485168,0.6920679607669481
5,5,25,3125,19,True,True,5.172968367479429,5.172968367479429,0.00013349897926673293,0.013891041016904637,1.0,0.3340567239414748,0.5004344066702701,0.5692774704703149
5,5,25,3125,20,True,True,5.028129107719829,5.028129107719829,0.0001027759863063693,0.014024581003468484,1.0,0.9620342647239147,0.9878864294105251,0.6666954629339563
