qubits,n_stages,candidates,mixer,objective,depth,metric,mean,ci95_low,ci95_high,n
9,3,3,penalty_x,cvar,1,feasible_probability,0.06880844088294297,0.05026953549662263,0.08746228254341906,30
9,3,3,penalty_x,cvar,1,probability_of_optimum,0.0067585331618222645,0.004175631325184996,0.010264426602934635,30
9,3,3,penalty_x,cvar,1,conditional_probability_of_optimum,0.10104435821089494,0.06591932602089806,0.14756645673354124,30
9,3,3,penalty_x,cvar,1,conditional_mode_is_optimal,0.3,0.13333333333333333,0.4666666666666667,30
9,3,3,penalty_x,cvar,1,global_mode_is_feasible,0.0,0.0,0.0,30
9,3,3,penalty_x,cvar,1,approximation_ratio,0.6494683206497299,0.5399729292953703,0.760249247378851,30
9,3,3,penalty_x,cvar,1,elapsed_seconds,0.46422947770001505,0.431352756525826,0.496679224291685,30
9,3,3,penalty_x,cvar,2,feasible_probability,0.062273631143170825,0.044711594533326474,0.08214685318759919,30
9,3,3,penalty_x,cvar,2,probability_of_optimum,0.008030904558897068,0.004058844641097735,0.013535834728745548,30
9,3,3,penalty_x,cvar,2,conditional_probability_of_optimum,0.0946839277478008,0.05809529830398262,0.13662917731580182,30
9,3,3,penalty_x,cvar,2,conditional_mode_is_optimal,0.2,0.06666666666666667,0.36666666666666664,30
9,3,3,penalty_x,cvar,2,global_mode_is_feasible,0.06666666666666667,0.0,0.16666666666666666,30
9,3,3,penalty_x,cvar,2,approximation_ratio,0.6083303883311691,0.5096169889306102,0.7085028764715082,30
9,3,3,penalty_x,cvar,2,elapsed_seconds,0.8020705561333709,0.7828350796258915,0.8183865669641824,30
9,3,3,penalty_x,cvar,3,feasible_probability,0.06169913487710703,0.047128321373702896,0.0777612585595185,30
9,3,3,penalty_x,cvar,3,probability_of_optimum,0.00948737077900048,0.00602228299270786,0.013299057625869507,30
9,3,3,penalty_x,cvar,3,conditional_probability_of_optimum,0.13686923844159626,0.10288871532137216,0.17346289422372593,30
9,3,3,penalty_x,cvar,3,conditional_mode_is_optimal,0.3,0.13333333333333333,0.4666666666666667,30
9,3,3,penalty_x,cvar,3,global_mode_is_feasible,0.0,0.0,0.0,30
9,3,3,penalty_x,cvar,3,approximation_ratio,0.6846877623195631,0.5739983876485122,0.7996830165416954,30
9,3,3,penalty_x,cvar,3,elapsed_seconds,1.0324407628666221,1.0179405872933223,1.0421440306774468,30
9,3,3,penalty_x,expectation,1,feasible_probability,0.05412491702686942,0.044579698590859466,0.06573187587989561,30
9,3,3,penalty_x,expectation,1,probability_of_optimum,0.007531631100088458,0.005023907891215096,0.011062100957205931,30
9,3,3,penalty_x,expectation,1,conditional_probability_of_optimum,0.13779336995520902,0.10928744142819727,0.16754650856155537,30
9,3,3,penalty_x,expectation,1,conditional_mode_is_optimal,0.5,0.3333333333333333,0.6666666666666666,30
9,3,3,penalty_x,expectation,1,global_mode_is_feasible,0.03333333333333333,0.0,0.1,30
9,3,3,penalty_x,expectation,1,approximation_ratio,0.768490044598798,0.6661430602517693,0.8661992821743073,30
9,3,3,penalty_x,expectation,1,elapsed_seconds,0.4031548722000063,0.3756420808041822,0.43190730798086513,30
9,3,3,penalty_x,expectation,2,feasible_probability,0.046947346355508034,0.03827020598738003,0.05665668326453966,30
9,3,3,penalty_x,expectation,2,probability_of_optimum,0.004979081908822939,0.00321517171604981,0.007118813194780716,30
9,3,3,penalty_x,expectation,2,conditional_probability_of_optimum,0.10143411932594429,0.07480513841459104,0.13193050250015248,30
9,3,3,penalty_x,expectation,2,conditional_mode_is_optimal,0.26666666666666666,0.13333333333333333,0.43333333333333335,30
9,3,3,penalty_x,expectation,2,global_mode_is_feasible,0.03333333333333333,0.0,0.1,30
9,3,3,penalty_x,expectation,2,approximation_ratio,0.6025079631611298,0.49867788224001325,0.7117134970882852,30
9,3,3,penalty_x,expectation,2,elapsed_seconds,0.73313080723334,0.7276016287258398,0.7389286258391472,30
9,3,3,penalty_x,expectation,3,feasible_probability,0.048631908664044675,0.037575047135693415,0.06214027604180967,30
9,3,3,penalty_x,expectation,3,probability_of_optimum,0.0052741691780586525,0.00251083355096241,0.009080944290265758,30
9,3,3,penalty_x,expectation,3,conditional_probability_of_optimum,0.09930073669266881,0.06322857259438674,0.1386376055483987,30
9,3,3,penalty_x,expectation,3,conditional_mode_is_optimal,0.2,0.06666666666666667,0.3333333333333333,30
9,3,3,penalty_x,expectation,3,global_mode_is_feasible,0.03333333333333333,0.0,0.1,30
9,3,3,penalty_x,expectation,3,approximation_ratio,0.6359141658798155,0.5403836503290091,0.7360441979991348,30
9,3,3,penalty_x,expectation,3,elapsed_seconds,0.9463248677666684,0.9391136351974754,0.9548676038124959,30
9,3,3,xy,cvar,1,feasible_probability,1.0,0.9999999999999999,1.0000000000000002,30
9,3,3,xy,cvar,1,probability_of_optimum,0.3121237824908808,0.26173564460091264,0.36796832244392336,30
9,3,3,xy,cvar,1,conditional_probability_of_optimum,0.31212378249088085,0.2605836642491086,0.36851317190290367,30
9,3,3,xy,cvar,1,conditional_mode_is_optimal,0.8,0.6658333333333336,0.9333333333333333,30
9,3,3,xy,cvar,1,global_mode_is_feasible,1.0,1.0,1.0,30
9,3,3,xy,cvar,1,approximation_ratio,0.9961920637275523,0.9923285426685506,0.9991385300870027,30
9,3,3,xy,cvar,1,elapsed_seconds,0.0611807650999973,0.053179288372451346,0.06938439413248,30
9,3,3,xy,cvar,2,feasible_probability,1.0,1.0,1.0000000000000002,30
9,3,3,xy,cvar,2,probability_of_optimum,0.32043364653923506,0.2935552534358976,0.35177769433284123,30
9,3,3,xy,cvar,2,conditional_probability_of_optimum,0.32043364653923506,0.29320267578884357,0.352838729524718,30
9,3,3,xy,cvar,2,conditional_mode_is_optimal,0.9,0.7666666666666667,1.0,30
9,3,3,xy,cvar,2,global_mode_is_feasible,1.0,1.0,1.0,30
9,3,3,xy,cvar,2,approximation_ratio,0.9633377214566815,0.9088764735077497,1.0,30
9,3,3,xy,cvar,2,elapsed_seconds,0.0845860805332904,0.06816728871993628,0.10187808798911556,30
9,3,3,xy,cvar,3,feasible_probability,1.0,0.9999999999999998,1.0000000000000004,30
9,3,3,xy,cvar,3,probability_of_optimum,0.31787376879615853,0.2931544509795203,0.3446730342079769,30
9,3,3,xy,cvar,3,conditional_probability_of_optimum,0.31787376879615853,0.2932403730580522,0.34660886133596797,30
9,3,3,xy,cvar,3,conditional_mode_is_optimal,0.9666666666666667,0.9,1.0,30
9,3,3,xy,cvar,3,global_mode_is_feasible,1.0,1.0,1.0,30
9,3,3,xy,cvar,3,approximation_ratio,0.9993616144709507,0.9980848434128522,1.0,30
9,3,3,xy,cvar,3,elapsed_seconds,0.08479965196670489,0.07327097901754888,0.09757948941334135,30
9,3,3,xy,expectation,1,feasible_probability,1.0,0.9999999999999998,1.0000000000000002,30
9,3,3,xy,expectation,1,probability_of_optimum,0.4915973477889574,0.379310903003739,0.6041374011866985,30
9,3,3,xy,expectation,1,conditional_probability_of_optimum,0.4915973477889574,0.3814920217079451,0.600556989113629,30
9,3,3,xy,expectation,1,conditional_mode_is_optimal,0.6333333333333333,0.4666666666666667,0.8,30
9,3,3,xy,expectation,1,global_mode_is_feasible,1.0,1.0,1.0,30
9,3,3,xy,expectation,1,approximation_ratio,0.9910552815704701,0.9855759893193659,0.9958075063762004,30
9,3,3,xy,expectation,1,elapsed_seconds,0.09038124480000151,0.08389726655582817,0.09964423143583725,30
9,3,3,xy,expectation,2,feasible_probability,1.0000000000000002,0.9999999999999998,1.0000000000000002,30
9,3,3,xy,expectation,2,probability_of_optimum,0.6343810343155268,0.529193578489184,0.7342429480708142,30
9,3,3,xy,expectation,2,conditional_probability_of_optimum,0.6343810343155266,0.5249570697958101,0.7338767396773067,30
9,3,3,xy,expectation,2,conditional_mode_is_optimal,0.8,0.6666666666666666,0.9333333333333333,30
9,3,3,xy,expectation,2,global_mode_is_feasible,1.0,1.0,1.0,30
9,3,3,xy,expectation,2,approximation_ratio,0.9958799685401671,0.9921216178525906,0.9988866399396786,30
9,3,3,xy,expectation,2,elapsed_seconds,0.23546412773336364,0.23155364468252773,0.23923742216255006,30
9,3,3,xy,expectation,3,feasible_probability,1.0,0.9999999999999999,1.0000000000000004,30
9,3,3,xy,expectation,3,probability_of_optimum,0.591118314664066,0.4629536549365704,0.7128127646146702,30
9,3,3,xy,expectation,3,conditional_probability_of_optimum,0.5911183146640658,0.4625350367217155,0.7090487189357341,30
9,3,3,xy,expectation,3,conditional_mode_is_optimal,0.6666666666666666,0.5,0.8333333333333334,30
9,3,3,xy,expectation,3,global_mode_is_feasible,1.0,1.0,1.0,30
9,3,3,xy,expectation,3,approximation_ratio,0.9932410395659949,0.9881811744837548,0.9975690257415913,30
9,3,3,xy,expectation,3,elapsed_seconds,0.263546601100029,0.2609016170358539,0.26767012244418964,30
12,4,3,penalty_x,cvar,1,feasible_probability,0.06122803366882481,0.048019713865684224,0.07457754520584514,30
12,4,3,penalty_x,cvar,1,probability_of_optimum,0.0009254542052985459,0.0007163394050992687,0.0011450785193725282,30
12,4,3,penalty_x,cvar,1,conditional_probability_of_optimum,0.016101275852985753,0.012255888286404917,0.021054308792222882,30
12,4,3,penalty_x,cvar,1,conditional_mode_is_optimal,0.03333333333333333,0.0,0.1,30
12,4,3,penalty_x,cvar,1,global_mode_is_feasible,0.0,0.0,0.0,30
12,4,3,penalty_x,cvar,1,approximation_ratio,0.6276224952376133,0.533890179218267,0.72460488079319,30
12,4,3,penalty_x,cvar,1,elapsed_seconds,0.3643911209999752,0.328454583824133,0.40425318392414494,30
12,4,3,penalty_x,cvar,2,feasible_probability,0.044369949394725425,0.03310548724436724,0.056836008865669176,30
12,4,3,penalty_x,cvar,2,probability_of_optimum,0.000716800252303039,0.00044141866906553096,0.0010351722319440265,30
12,4,3,penalty_x,cvar,2,conditional_probability_of_optimum,0.01562076442983643,0.011107416334145973,0.021309493583532735,30
12,4,3,penalty_x,cvar,2,conditional_mode_is_optimal,0.0,0.0,0.0,30
12,4,3,penalty_x,cvar,2,global_mode_is_feasible,0.0,0.0,0.0,30
12,4,3,penalty_x,cvar,2,approximation_ratio,0.6332828440424644,0.531930232699598,0.73776580726307,30
12,4,3,penalty_x,cvar,2,elapsed_seconds,0.9134318978666708,0.8935763568383712,0.9322594811091406,30
12,4,3,penalty_x,cvar,3,feasible_probability,0.05151188464811626,0.027534789235830564,0.08061217667856913,30
12,4,3,penalty_x,cvar,3,probability_of_optimum,0.0009700612941438723,0.0005326792295181386,0.0015041646420035735,30
12,4,3,penalty_x,cvar,3,conditional_probability_of_optimum,0.02086991664251631,0.011913204494542973,0.03393610387697335,30
12,4,3,penalty_x,cvar,3,conditional_mode_is_optimal,0.06666666666666667,0.0,0.16666666666666666,30
12,4,3,penalty_x,cvar,3,global_mode_is_feasible,0.03333333333333333,0.0,0.1,30
12,4,3,penalty_x,cvar,3,approximation_ratio,0.7001845296048589,0.6122038839040657,0.7894130878426098,30
12,4,3,penalty_x,cvar,3,elapsed_seconds,1.2221256508999772,1.215543649521718,1.230070721634959,30
12,4,3,penalty_x,expectation,1,feasible_probability,0.04189483950288865,0.029808152350215365,0.05501679095638413,30
12,4,3,penalty_x,expectation,1,probability_of_optimum,0.0006293569935829697,0.0004576881862976292,0.0008098140392136184,30
12,4,3,penalty_x,expectation,1,conditional_probability_of_optimum,0.01806718422040409,0.013238669380951428,0.023765447796314124,30
12,4,3,penalty_x,expectation,1,conditional_mode_is_optimal,0.03333333333333333,0.0,0.1,30
12,4,3,penalty_x,expectation,1,global_mode_is_feasible,0.0,0.0,0.0,30
12,4,3,penalty_x,expectation,1,approximation_ratio,0.6669394634210392,0.5711557579448713,0.7677413981232732,30
12,4,3,penalty_x,expectation,1,elapsed_seconds,0.3396812456333047,0.3055783975708129,0.3744018797291079,30
12,4,3,penalty_x,expectation,2,feasible_probability,0.030191590115827855,0.017875509853574837,0.047905073185271825,30
12,4,3,penalty_x,expectation,2,probability_of_optimum,0.0005565392786971853,0.00032531958903459337,0.0008358670572533428,30
12,4,3,penalty_x,expectation,2,conditional_probability_of_optimum,0.020692367949205988,0.014087951555346971,0.02859186725452949,30
12,4,3,penalty_x,expectation,2,conditional_mode_is_optimal,0.06666666666666667,0.0,0.16666666666666666,30
12,4,3,penalty_x,expectation,2,global_mode_is_feasible,0.0,0.0,0.0,30
12,4,3,penalty_x,expectation,2,approximation_ratio,0.7074945795528994,0.606277606077304,0.8063552743817793,30
12,4,3,penalty_x,expectation,2,elapsed_seconds,0.8045541773666552,0.7790578008416813,0.8285018043024982,30
12,4,3,penalty_x,expectation,3,feasible_probability,0.023552253044495878,0.015383575994033387,0.03288709500404932,30
12,4,3,penalty_x,expectation,3,probability_of_optimum,0.0004229347375257671,0.00020696784957026742,0.0006815549415364086,30
12,4,3,penalty_x,expectation,3,conditional_probability_of_optimum,0.01823746365842767,0.010628615104564604,0.028682264098744945,30
12,4,3,penalty_x,expectation,3,conditional_mode_is_optimal,0.06666666666666667,0.0,0.16666666666666666,30
12,4,3,penalty_x,expectation,3,global_mode_is_feasible,0.03333333333333333,0.0,0.1,30
12,4,3,penalty_x,expectation,3,approximation_ratio,0.5999792723572624,0.5145199166628607,0.6884537669805854,30
12,4,3,penalty_x,expectation,3,elapsed_seconds,1.1293314109999604,1.1234897129999828,1.1353778446482938,30
12,4,3,xy,cvar,1,feasible_probability,1.0,0.9999999999999998,1.0000000000000002,30
12,4,3,xy,cvar,1,probability_of_optimum,0.2508575528609022,0.17607983930838475,0.33418346000123966,30
12,4,3,xy,cvar,1,conditional_probability_of_optimum,0.2508575528609022,0.1756233883956655,0.33171895626910214,30
12,4,3,xy,cvar,1,conditional_mode_is_optimal,0.5,0.3333333333333333,0.6666666666666666,30
12,4,3,xy,cvar,1,global_mode_is_feasible,1.0,1.0,1.0,30
12,4,3,xy,cvar,1,approximation_ratio,0.9745115383642401,0.9362381954806254,0.9960584199754563,30
12,4,3,xy,cvar,1,elapsed_seconds,0.07120306770000674,0.06277364804919403,0.08027469263498097,30
12,4,3,xy,cvar,2,feasible_probability,0.9999999999999999,0.9999999999999998,1.0000000000000002,30
12,4,3,xy,cvar,2,probability_of_optimum,0.28308404360563627,0.24134143594333207,0.3313798761574842,30
12,4,3,xy,cvar,2,conditional_probability_of_optimum,0.28308404360563627,0.24129617242576978,0.3302037518958166,30
12,4,3,xy,cvar,2,conditional_mode_is_optimal,0.7666666666666667,0.6,0.9,30
12,4,3,xy,cvar,2,global_mode_is_feasible,1.0,1.0,1.0,30
12,4,3,xy,cvar,2,approximation_ratio,0.9988859526339834,0.9975675176054141,0.9997592362027973,30
12,4,3,xy,cvar,2,elapsed_seconds,0.12345870176663991,0.09641867792994879,0.152732849737471,30
12,4,3,xy,cvar,3,feasible_probability,0.9999999999999998,0.9999999999999994,1.0000000000000002,30
12,4,3,xy,cvar,3,probability_of_optimum,0.280103467711302,0.25308396210739,0.3133810792191859,30
12,4,3,xy,cvar,3,conditional_probability_of_optimum,0.2801034677113021,0.25274423394126583,0.31450852983526884,30
12,4,3,xy,cvar,3,conditional_mode_is_optimal,0.8666666666666667,0.7333333333333333,0.9666666666666667,30
12,4,3,xy,cvar,3,global_mode_is_feasible,1.0,1.0,1.0,30
12,4,3,xy,cvar,3,approximation_ratio,0.9993962790532616,0.998715305119561,0.9999058257901832,30
12,4,3,xy,cvar,3,elapsed_seconds,0.14684717933334163,0.11860684257578193,0.17593457542670926,30
12,4,3,xy,expectation,1,feasible_probability,0.9999999999999999,0.9999999999999997,1.0,30
12,4,3,xy,expectation,1,probability_of_optimum,0.32301909155012815,0.2087620492609301,0.4460206308210756,30
12,4,3,xy,expectation,1,conditional_probability_of_optimum,0.32301909155012815,0.2093867363034637,0.44521441888693314,30
12,4,3,xy,expectation,1,conditional_mode_is_optimal,0.43333333333333335,0.26666666666666666,0.6,30
12,4,3,xy,expectation,1,global_mode_is_feasible,1.0,1.0,1.0,30
12,4,3,xy,expectation,1,approximation_ratio,0.9856137777140942,0.9775919007460747,0.9925508762632492,30
12,4,3,xy,expectation,1,elapsed_seconds,0.09358312450000689,0.08774773406916435,0.1011698356525183,30
12,4,3,xy,expectation,2,feasible_probability,1.0,0.9999999999999997,1.0000000000000004,30
12,4,3,xy,expectation,2,probability_of_optimum,0.32970092786978517,0.2220614055384474,0.44403276024744975,30
12,4,3,xy,expectation,2,conditional_probability_of_optimum,0.3297009278697851,0.22024183947825698,0.44206154630989897,30
12,4,3,xy,expectation,2,conditional_mode_is_optimal,0.5,0.3333333333333333,0.6666666666666666,30
12,4,3,xy,expectation,2,global_mode_is_feasible,1.0,1.0,1.0,30
12,4,3,xy,expectation,2,approximation_ratio,0.9929878245108964,0.9874539094019473,0.9973348278582377,30
12,4,3,xy,expectation,2,elapsed_seconds,0.2505346320667096,0.24736573930169273,0.2534313035675334,30
12,4,3,xy,expectation,3,feasible_probability,1.0000000000000002,0.9999999999999999,1.0000000000000007,30
12,4,3,xy,expectation,3,probability_of_optimum,0.36164249091048956,0.2372387776982624,0.4897966006295999,30
12,4,3,xy,expectation,3,conditional_probability_of_optimum,0.36164249091048944,0.23071010362333932,0.4940066242824447,30
12,4,3,xy,expectation,3,conditional_mode_is_optimal,0.4666666666666667,0.3,0.6333333333333333,30
12,4,3,xy,expectation,3,global_mode_is_feasible,1.0,1.0,1.0,30
12,4,3,xy,expectation,3,approximation_ratio,0.9901862764734358,0.9832310117897983,0.9964061743559622,30
12,4,3,xy,expectation,3,elapsed_seconds,0.27906080570003267,0.27579949721587854,0.2827808765942105,30
16,4,4,penalty_x,cvar,1,feasible_probability,0.00746243983404075,0.005522777461524506,0.009555365024616312,30
16,4,4,penalty_x,cvar,1,probability_of_optimum,3.315353819364692e-05,2.3304761165355936e-05,4.402785461697294e-05,30
16,4,4,penalty_x,cvar,1,conditional_probability_of_optimum,0.004454599533745776,0.003525770363185826,0.005452762814846752,30
16,4,4,penalty_x,cvar,1,conditional_mode_is_optimal,0.0,0.0,0.0,30
16,4,4,penalty_x,cvar,1,global_mode_is_feasible,0.0,0.0,0.0,30
16,4,4,penalty_x,cvar,1,approximation_ratio,0.5623240253011252,0.47672916892019124,0.6501610644417783,30
16,4,4,penalty_x,cvar,1,elapsed_seconds,0.5710422209333236,0.5236622972833412,0.6182634368574962,30
16,4,4,penalty_x,cvar,2,feasible_probability,0.015253557299635932,0.009330164167259958,0.023014259336937633,30
16,4,4,penalty_x,cvar,2,probability_of_optimum,7.61724246880556e-05,3.85265186712509e-05,0.00012302057975422222,30
16,4,4,penalty_x,cvar,2,conditional_probability_of_optimum,0.004598826227568427,0.003367157841939337,0.005932335084614197,30
16,4,4,penalty_x,cvar,2,conditional_mode_is_optimal,0.0,0.0,0.0,30
16,4,4,penalty_x,cvar,2,global_mode_is_feasible,0.0,0.0,0.0,30
16,4,4,penalty_x,cvar,2,approximation_ratio,0.5616584021792865,0.4815155230318046,0.6447361387352957,30
16,4,4,penalty_x,cvar,2,elapsed_seconds,1.1110101244333275,1.098791915039174,1.1211177145866709,30
16,4,4,penalty_x,cvar,3,feasible_probability,0.01828664267545623,0.009974493666484039,0.02966968817268163,30
16,4,4,penalty_x,cvar,3,probability_of_optimum,0.00010305457706393526,4.318928574756245e-05,0.00018475631597258108,30
16,4,4,penalty_x,cvar,3,conditional_probability_of_optimum,0.004531795818678036,0.003240606208762321,0.00585921228895766,30
16,4,4,penalty_x,cvar,3,conditional_mode_is_optimal,0.0,0.0,0.0,30
16,4,4,penalty_x,cvar,3,global_mode_is_feasible,0.0,0.0,0.0,30
16,4,4,penalty_x,cvar,3,approximation_ratio,0.5398257138675915,0.45774088047491857,0.6275161015928717,30
16,4,4,penalty_x,cvar,3,elapsed_seconds,1.4706909470333471,1.4599010987016658,1.4814862760541991,30
16,4,4,penalty_x,expectation,1,feasible_probability,0.02057035728723254,0.014513027782410327,0.02720406479481259,30
16,4,4,penalty_x,expectation,1,probability_of_optimum,0.00010638166005869517,7.08278965447435e-05,0.00014552072995170436,30
16,4,4,penalty_x,expectation,1,conditional_probability_of_optimum,0.005374688975263887,0.003811772072029571,0.00714883410797031,30
16,4,4,penalty_x,expectation,1,conditional_mode_is_optimal,0.03333333333333333,0.0,0.1,30
16,4,4,penalty_x,expectation,1,global_mode_is_feasible,0.0,0.0,0.0,30
16,4,4,penalty_x,expectation,1,approximation_ratio,0.5615319465517162,0.4740640965108557,0.6570540495914379,30
16,4,4,penalty_x,expectation,1,elapsed_seconds,0.3315637224333348,0.29350458003999375,0.3705279105358154,30
16,4,4,penalty_x,expectation,2,feasible_probability,0.010068807997720527,0.005907776986547539,0.01582523373200179,30
16,4,4,penalty_x,expectation,2,probability_of_optimum,4.784944613712352e-05,2.3246082525783574e-05,8.049192013026315e-05,30
16,4,4,penalty_x,expectation,2,conditional_probability_of_optimum,0.004245369334981977,0.0026765137133667673,0.006129160750212537,30
16,4,4,penalty_x,expectation,2,conditional_mode_is_optimal,0.0,0.0,0.0,30
16,4,4,penalty_x,expectation,2,global_mode_is_feasible,0.0,0.0,0.0,30
16,4,4,penalty_x,expectation,2,approximation_ratio,0.5763422025973431,0.4881065471334757,0.669502666029577,30
16,4,4,penalty_x,expectation,2,elapsed_seconds,0.9600798773000216,0.9166656332450417,0.9938090011183562,30
16,4,4,penalty_x,expectation,3,feasible_probability,0.01309417354596969,0.00857914781824716,0.018606314596135518,30
16,4,4,penalty_x,expectation,3,probability_of_optimum,8.934685806516847e-05,4.028475005715043e-05,0.00015675118106769085,30
16,4,4,penalty_x,expectation,3,conditional_probability_of_optimum,0.005709862687793851,0.003094621410918508,0.009244894676175022,30
16,4,4,penalty_x,expectation,3,conditional_mode_is_optimal,0.0,0.0,0.0,30
16,4,4,penalty_x,expectation,3,global_mode_is_feasible,0.0,0.0,0.0,30
16,4,4,penalty_x,expectation,3,approximation_ratio,0.5231234895057428,0.4360290706100424,0.6157442470118063,30
16,4,4,penalty_x,expectation,3,elapsed_seconds,1.3703629659666678,1.361292890060866,1.3780509824224731,30
16,4,4,xy,cvar,1,feasible_probability,1.0,0.9999999999999998,1.0000000000000002,30
16,4,4,xy,cvar,1,probability_of_optimum,0.030088352592969943,0.01989668483474316,0.04178211085636113,30
16,4,4,xy,cvar,1,conditional_probability_of_optimum,0.030088352592969943,0.01987395109870777,0.04155341208888665,30
16,4,4,xy,cvar,1,conditional_mode_is_optimal,0.1,0.0,0.2008333333333212,30
16,4,4,xy,cvar,1,global_mode_is_feasible,1.0,1.0,1.0,30
16,4,4,xy,cvar,1,approximation_ratio,0.8421910853737619,0.7583834549260893,0.9152325726209518,30
16,4,4,xy,cvar,1,elapsed_seconds,0.0990637233333321,0.09269652630920346,0.10608969150499961,30
16,4,4,xy,cvar,2,feasible_probability,1.0000000000000002,0.9999999999999998,1.0000000000000004,30
16,4,4,xy,cvar,2,probability_of_optimum,0.08771769510240154,0.06192718899883001,0.11514343280689819,30
16,4,4,xy,cvar,2,conditional_probability_of_optimum,0.08771769510240153,0.06224729165272069,0.11496339619523846,30
16,4,4,xy,cvar,2,conditional_mode_is_optimal,0.36666666666666664,0.2,0.5333333333333333,30
16,4,4,xy,cvar,2,global_mode_is_feasible,1.0,1.0,1.0,30
16,4,4,xy,cvar,2,approximation_ratio,0.9916204362981103,0.9859128686933806,0.995968723698833,30
16,4,4,xy,cvar,2,elapsed_seconds,0.249739475566624,0.24174785722995967,0.2572489553240781,30
16,4,4,xy,cvar,3,feasible_probability,1.0000000000000002,0.9999999999999997,1.0000000000000007,30
16,4,4,xy,cvar,3,probability_of_optimum,0.16124590768403443,0.12671142903162239,0.19487390907758118,30
16,4,4,xy,cvar,3,conditional_probability_of_optimum,0.16124590768403438,0.12639658057464181,0.1955517861586368,30
16,4,4,xy,cvar,3,conditional_mode_is_optimal,0.6666666666666666,0.5,0.8333333333333334,30
16,4,4,xy,cvar,3,global_mode_is_feasible,1.0,1.0,1.0,30
16,4,4,xy,cvar,3,approximation_ratio,0.9983677475042957,0.9973677420182382,0.9992732679428479,30
16,4,4,xy,cvar,3,elapsed_seconds,0.2779939047333831,0.26537265116418385,0.28867424810588715,30
16,4,4,xy,expectation,1,feasible_probability,1.0,0.9999999999999999,1.0000000000000002,30
16,4,4,xy,expectation,1,probability_of_optimum,0.01070573528196571,0.006943631026463466,0.01614107010647653,30
16,4,4,xy,expectation,1,conditional_probability_of_optimum,0.01070573528196571,0.006959183191193383,0.01603899757369108,30
16,4,4,xy,expectation,1,conditional_mode_is_optimal,0.03333333333333333,0.0,0.1,30
16,4,4,xy,expectation,1,global_mode_is_feasible,1.0,1.0,1.0,30
16,4,4,xy,expectation,1,approximation_ratio,0.9312922840593217,0.8960069707593705,0.9538402643220936,30
16,4,4,xy,expectation,1,elapsed_seconds,0.11483409580005928,0.10488709335258622,0.1272246504542068,30
16,4,4,xy,expectation,2,feasible_probability,0.9999999999999999,0.9999999999999996,1.0,30
16,4,4,xy,expectation,2,probability_of_optimum,0.019882709186135057,0.00890427992151133,0.03561101194138678,30
16,4,4,xy,expectation,2,conditional_probability_of_optimum,0.01988270918613507,0.008527656120058185,0.03524046364126463,30
16,4,4,xy,expectation,2,conditional_mode_is_optimal,0.1,0.0,0.2,30
16,4,4,xy,expectation,2,global_mode_is_feasible,1.0,1.0,1.0,30
16,4,4,xy,expectation,2,approximation_ratio,0.9415206456158328,0.904135599436197,0.9651672724974696,30
16,4,4,xy,expectation,2,elapsed_seconds,0.2518478837333191,0.24531713598748012,0.2582288894166108,30
16,4,4,xy,expectation,3,feasible_probability,1.0000000000000004,1.0,1.0000000000000007,30
16,4,4,xy,expectation,3,probability_of_optimum,0.06692779577594003,0.039369398925015744,0.09947869850286485,30
16,4,4,xy,expectation,3,conditional_probability_of_optimum,0.06692779577594002,0.038667443316564895,0.10067995861514532,30
16,4,4,xy,expectation,3,conditional_mode_is_optimal,0.26666666666666666,0.1,0.43333333333333335,30
16,4,4,xy,expectation,3,global_mode_is_feasible,1.0,1.0,1.0,30
16,4,4,xy,expectation,3,approximation_ratio,0.9737674985823515,0.9637820332762433,0.9829941877686947,30
16,4,4,xy,expectation,3,elapsed_seconds,0.28813109159993927,0.2869245284791341,0.28941131791741687,30
20,5,4,penalty_x,cvar,1,feasible_probability,0.0063018978299073936,0.003898793833517366,0.009363026783294585,30
20,5,4,penalty_x,cvar,1,probability_of_optimum,8.178117076814335e-06,3.4869947148526614e-06,1.5391383241372125e-05,30
20,5,4,penalty_x,cvar,1,conditional_probability_of_optimum,0.0009778119790320452,0.0007813496456909887,0.0011932815750705136,30
20,5,4,penalty_x,cvar,1,conditional_mode_is_optimal,0.0,0.0,0.0,30
20,5,4,penalty_x,cvar,1,global_mode_is_feasible,0.0,0.0,0.0,30
20,5,4,penalty_x,cvar,1,approximation_ratio,0.7379002257594237,0.6455719497275333,0.8285488255342492,30
20,5,4,penalty_x,cvar,1,elapsed_seconds,0.47082617896664564,0.4258321242366669,0.5192203942349909,30
20,5,4,penalty_x,cvar,2,feasible_probability,0.027755007716791402,0.01241033041322867,0.04689301537409699,30
20,5,4,penalty_x,cvar,2,probability_of_optimum,3.8845271600775654e-05,1.7048090647363856e-05,6.669065912275362e-05,30
20,5,4,penalty_x,cvar,2,conditional_probability_of_optimum,0.0011386751957834676,0.0008837572256011856,0.0014123466330275088,30
20,5,4,penalty_x,cvar,2,conditional_mode_is_optimal,0.06666666666666667,0.0,0.16666666666666666,30
20,5,4,penalty_x,cvar,2,global_mode_is_feasible,0.0,0.0,0.0,30
20,5,4,penalty_x,cvar,2,approximation_ratio,0.7731227311643892,0.6891476129848537,0.8539443381276791,30
20,5,4,penalty_x,cvar,2,elapsed_seconds,1.231667618033335,1.202800647790018,1.2594358238416203,30
20,5,4,penalty_x,cvar,3,feasible_probability,0.011119712943085345,0.005251128742797518,0.018354022228196064,30
20,5,4,penalty_x,cvar,3,probability_of_optimum,1.3478682603104183e-05,4.22820991733038e-06,2.5273018012523375e-05,30
20,5,4,penalty_x,cvar,3,conditional_probability_of_optimum,0.0008771199507030464,0.0006425109750913042,0.001122043469747709,30
20,5,4,penalty_x,cvar,3,conditional_mode_is_optimal,0.03333333333333333,0.0,0.1,30
20,5,4,penalty_x,cvar,3,global_mode_is_feasible,0.0,0.0,0.0,30
20,5,4,penalty_x,cvar,3,approximation_ratio,0.7207724400968963,0.6391372047412291,0.801112521822894,30
20,5,4,penalty_x,cvar,3,elapsed_seconds,1.7461324093332677,1.735408858654099,1.7561414027432591,30
20,5,4,penalty_x,expectation,1,feasible_probability,0.01018044547048149,0.00618900922038155,0.01486795371532392,30
20,5,4,penalty_x,expectation,1,probability_of_optimum,1.3159198227826371e-05,6.8949825561529884e-06,2.0769217098468563e-05,30
20,5,4,penalty_x,expectation,1,conditional_probability_of_optimum,0.0010308078495107264,0.0008515233574614693,0.0012215478087649325,30
20,5,4,penalty_x,expectation,1,conditional_mode_is_optimal,0.0,0.0,0.0,30
20,5,4,penalty_x,expectation,1,global_mode_is_feasible,0.0,0.0,0.0,30
20,5,4,penalty_x,expectation,1,approximation_ratio,0.7598213914878129,0.6725071834215104,0.8437517380024292,30
20,5,4,penalty_x,expectation,1,elapsed_seconds,0.30183054393331,0.2731706823832956,0.3346139433241217,30
20,5,4,penalty_x,expectation,2,feasible_probability,0.009875818930632474,0.005709448210001534,0.01465510937113586,30
20,5,4,penalty_x,expectation,2,probability_of_optimum,1.5199316673530915e-05,8.02393227834486e-06,2.366347300970813e-05,30
20,5,4,penalty_x,expectation,2,conditional_probability_of_optimum,0.0012078062632118634,0.0009250575984238826,0.0015162496598123102,30
20,5,4,penalty_x,expectation,2,conditional_mode_is_optimal,0.0,0.0,0.0,30
20,5,4,penalty_x,expectation,2,global_mode_is_feasible,0.0,0.0,0.0,30
20,5,4,penalty_x,expectation,2,approximation_ratio,0.8029860270806888,0.7120685100098973,0.8837589087483702,30
20,5,4,penalty_x,expectation,2,elapsed_seconds,1.0380405896666465,0.9811381728891213,1.0920530990683428,30
20,5,4,penalty_x,expectation,3,feasible_probability,0.00777762245932554,0.004489091996256176,0.011477099968503466,30
20,5,4,penalty_x,expectation,3,probability_of_optimum,8.296344686205733e-06,3.469264333411104e-06,1.410764604301561e-05,30
20,5,4,penalty_x,expectation,3,conditional_probability_of_optimum,0.0009343319460303588,0.0006283568734082817,0.0013024187184148153,30
20,5,4,penalty_x,expectation,3,conditional_mode_is_optimal,0.0,0.0,0.0,30
20,5,4,penalty_x,expectation,3,global_mode_is_feasible,0.0,0.0,0.0,30
20,5,4,penalty_x,expectation,3,approximation_ratio,0.7379163676966413,0.6550184382622946,0.8175234277262092,30
20,5,4,penalty_x,expectation,3,elapsed_seconds,1.6354110771666872,1.6199556966091897,1.6487834699766832,30
20,5,4,xy,cvar,1,feasible_probability,1.0,0.9999999999999998,1.0000000000000002,30
20,5,4,xy,cvar,1,probability_of_optimum,0.018331152260638705,0.011794645783056501,0.02567489173547722,30
20,5,4,xy,cvar,1,conditional_probability_of_optimum,0.018331152260638705,0.011586905413815025,0.025510173037227715,30
20,5,4,xy,cvar,1,conditional_mode_is_optimal,0.3,0.13333333333333333,0.4666666666666667,30
20,5,4,xy,cvar,1,global_mode_is_feasible,1.0,1.0,1.0,30
20,5,4,xy,cvar,1,approximation_ratio,0.9331972082859293,0.874441163101612,0.9814444250436678,30
20,5,4,xy,cvar,1,elapsed_seconds,0.10742177520001706,0.10190519148251474,0.11387723099253148,30
20,5,4,xy,cvar,2,feasible_probability,1.0000000000000002,0.9999999999999999,1.0000000000000004,30
20,5,4,xy,cvar,2,probability_of_optimum,0.07229856305870239,0.0497145033984307,0.0965386627441016,30
20,5,4,xy,cvar,2,conditional_probability_of_optimum,0.07229856305870239,0.049241575893378665,0.09606282085218243,30
20,5,4,xy,cvar,2,conditional_mode_is_optimal,0.4666666666666667,0.3,0.6333333333333333,30
20,5,4,xy,cvar,2,global_mode_is_feasible,1.0,1.0,1.0,30
20,5,4,xy,cvar,2,approximation_ratio,0.9971714517321106,0.9957578405396076,0.9984756839653587,30
20,5,4,xy,cvar,2,elapsed_seconds,0.27790355593334276,0.26722055376171544,0.2882085354758325,30
20,5,4,xy,cvar,3,feasible_probability,0.9999999999999998,0.9999999999999993,1.0000000000000002,30
20,5,4,xy,cvar,3,probability_of_optimum,0.11229217915128502,0.08243029286116876,0.14365844606232267,30
20,5,4,xy,cvar,3,conditional_probability_of_optimum,0.11229217915128506,0.0823900134239241,0.1432149495820753,30
20,5,4,xy,cvar,3,conditional_mode_is_optimal,0.5,0.3333333333333333,0.6666666666666666,30
20,5,4,xy,cvar,3,global_mode_is_feasible,1.0,1.0,1.0,30
20,5,4,xy,cvar,3,approximation_ratio,0.9975584897392292,0.9961944429537237,0.9987591806056387,30
20,5,4,xy,cvar,3,elapsed_seconds,0.35510043893331916,0.34858766535163804,0.36209514005164767,30
20,5,4,xy,expectation,1,feasible_probability,1.0,0.9999999999999998,1.0000000000000002,30
20,5,4,xy,expectation,1,probability_of_optimum,0.005356828899949184,0.0020794396849065488,0.009292517452976257,30
20,5,4,xy,expectation,1,conditional_probability_of_optimum,0.005356828899949184,0.0021126728085019892,0.009553002033786357,30
20,5,4,xy,expectation,1,conditional_mode_is_optimal,0.0,0.0,0.0,30
20,5,4,xy,expectation,1,global_mode_is_feasible,1.0,1.0,1.0,30
20,5,4,xy,expectation,1,approximation_ratio,0.9346180066720847,0.9251321134733367,0.9449063461552396,30
20,5,4,xy,expectation,1,elapsed_seconds,0.11300774789998132,0.10621957603750347,0.1200111944291393,30
20,5,4,xy,expectation,2,feasible_probability,1.0000000000000002,0.9999999999999998,1.0000000000000004,30
20,5,4,xy,expectation,2,probability_of_optimum,0.026151908910587156,0.012050561923589588,0.04333197073582424,30
20,5,4,xy,expectation,2,conditional_probability_of_optimum,0.026151908910587177,0.012450100685409174,0.04370902328825427,30
20,5,4,xy,expectation,2,conditional_mode_is_optimal,0.23333333333333334,0.1,0.4,30
20,5,4,xy,expectation,2,global_mode_is_feasible,1.0,1.0,1.0,30
20,5,4,xy,expectation,2,approximation_ratio,0.9612840855502072,0.9458884857900092,0.9756297954755327,30
20,5,4,xy,expectation,2,elapsed_seconds,0.2954549900666962,0.2900828916692001,0.3014180083975473,30
20,5,4,xy,expectation,3,feasible_probability,1.0000000000000002,0.9999999999999996,1.0000000000000007,30
20,5,4,xy,expectation,3,probability_of_optimum,0.025104220629875208,0.012320143106013912,0.040459594499693996,30
20,5,4,xy,expectation,3,conditional_probability_of_optimum,0.025104220629875225,0.012741226675336031,0.04005856356462049,30
20,5,4,xy,expectation,3,conditional_mode_is_optimal,0.23333333333333334,0.1,0.4,30
20,5,4,xy,expectation,3,global_mode_is_feasible,1.0,1.0,1.0,30
20,5,4,xy,expectation,3,approximation_ratio,0.9744021686487037,0.9623295116620679,0.9853791345420524,30
20,5,4,xy,expectation,3,elapsed_seconds,0.34752491270001734,0.34401391393669295,0.3513827822867173,30
25,5,5,penalty_x,cvar,1,feasible_probability,0.0055406386912415385,0.002232821673620507,0.009407953964790668,30
25,5,5,penalty_x,cvar,1,probability_of_optimum,2.031485885471233e-06,6.411483114307504e-07,3.756724997451091e-06,30
25,5,5,penalty_x,cvar,1,conditional_probability_of_optimum,0.0005080244987926842,0.000292385611420906,0.0007805128854545067,30
25,5,5,penalty_x,cvar,1,conditional_mode_is_optimal,0.0,0.0,0.0,30
25,5,5,penalty_x,cvar,1,global_mode_is_feasible,0.0,0.0,0.0,30
25,5,5,penalty_x,cvar,1,approximation_ratio,0.7129902244143949,0.6323110315532006,0.7931381681478616,30
25,5,5,penalty_x,cvar,1,elapsed_seconds,10.549986257566609,9.439709619586628,11.642617243672474,30
25,5,5,penalty_x,cvar,2,feasible_probability,0.0090598682067885,0.002813390734479634,0.01670700226682403,30
25,5,5,penalty_x,cvar,2,probability_of_optimum,3.632904397058804e-06,1.0805443357309042e-06,6.761518273757001e-06,30
25,5,5,penalty_x,cvar,2,conditional_probability_of_optimum,0.00043796922717776956,0.00024763055929840364,0.000669361961352087,30
25,5,5,penalty_x,cvar,2,conditional_mode_is_optimal,0.0,0.0,0.0,30
25,5,5,penalty_x,cvar,2,global_mode_is_feasible,0.0,0.0,0.0,30
25,5,5,penalty_x,cvar,2,approximation_ratio,0.6602974440254518,0.5651482091796222,0.7533198118812362,30
25,5,5,penalty_x,cvar,2,elapsed_seconds,28.799396308099993,28.23528475096083,29.298310866738312,30
25,5,5,penalty_x,cvar,3,feasible_probability,0.004256396471202703,0.001661976914328099,0.007289064646063193,30
25,5,5,penalty_x,cvar,3,probability_of_optimum,9.785515319604698e-07,3.0253634413215014e-07,1.922812782320741e-06,30
25,5,5,penalty_x,cvar,3,conditional_probability_of_optimum,0.0003020659327604196,0.0001893607939421907,0.0004468416052958527,30
25,5,5,penalty_x,cvar,3,conditional_mode_is_optimal,0.0,0.0,0.0,30
25,5,5,penalty_x,cvar,3,global_mode_is_feasible,0.03333333333333333,0.0,0.1,30
25,5,5,penalty_x,cvar,3,approximation_ratio,0.7055310538197318,0.623937580851923,0.7882939319913721,30
25,5,5,penalty_x,cvar,3,elapsed_seconds,44.30707834386665,44.295142733299144,44.31922286958166,30
25,5,5,penalty_x,expectation,1,feasible_probability,0.0032880312074802342,0.000872651916079837,0.006491396962679838,30
25,5,5,penalty_x,expectation,1,probability_of_optimum,1.8258287667142587e-06,1.3439796883775907e-07,3.8806158861725186e-06,30
25,5,5,penalty_x,expectation,1,conditional_probability_of_optimum,0.00034926415074213634,0.00025788580743232425,0.00045243273811469985,30
25,5,5,penalty_x,expectation,1,conditional_mode_is_optimal,0.0,0.0,0.0,30
25,5,5,penalty_x,expectation,1,global_mode_is_feasible,0.0,0.0,0.0,30
25,5,5,penalty_x,expectation,1,approximation_ratio,0.7175724679992541,0.6279564145531696,0.8022302673220522,30
25,5,5,penalty_x,expectation,1,elapsed_seconds,6.020746287833291,5.504817446482431,6.594977342640775,30
25,5,5,penalty_x,expectation,2,feasible_probability,0.0022437443037883523,0.0005537882830421987,0.004518587963368108,30
25,5,5,penalty_x,expectation,2,probability_of_optimum,1.3396979052430571e-06,1.63109556800591e-07,3.1332307277823676e-06,30
25,5,5,penalty_x,expectation,2,conditional_probability_of_optimum,0.0003357958635879732,0.00017121286746510874,0.0005703665282487139,30
25,5,5,penalty_x,expectation,2,conditional_mode_is_optimal,0.0,0.0,0.0,30
25,5,5,penalty_x,expectation,2,global_mode_is_feasible,0.0,0.0,0.0,30
25,5,5,penalty_x,expectation,2,approximation_ratio,0.7270666668700435,0.6388198953958549,0.8113402996705193,30
25,5,5,penalty_x,expectation,2,elapsed_seconds,25.01402926946665,23.67965241192496,26.304466551814965,30
25,5,5,penalty_x,expectation,3,feasible_probability,0.00214005133818622,0.000888789304216021,0.0036005875449367226,30
25,5,5,penalty_x,expectation,3,probability_of_optimum,1.1606789487151233e-06,2.4366524320461676e-07,2.283718267285673e-06,30
25,5,5,penalty_x,expectation,3,conditional_probability_of_optimum,0.0004668803536009444,0.00020845616935963546,0.0007992337526718854,30
25,5,5,penalty_x,expectation,3,conditional_mode_is_optimal,0.0,0.0,0.0,30
25,5,5,penalty_x,expectation,3,global_mode_is_feasible,0.0,0.0,0.0,30
25,5,5,penalty_x,expectation,3,approximation_ratio,0.6510190690131308,0.5617066375714597,0.7381149469413094,30
25,5,5,penalty_x,expectation,3,elapsed_seconds,43.088737368866695,42.50793087242004,43.60108492520424,30
25,5,5,xy,cvar,1,feasible_probability,1.0000000000000002,1.0,1.0000000000000004,30
25,5,5,xy,cvar,1,probability_of_optimum,0.0008890087764074464,0.0006877609937490608,0.0011199475290114107,30
25,5,5,xy,cvar,1,conditional_probability_of_optimum,0.0008890087764074464,0.0006907601879126843,0.0011216183260980154,30
25,5,5,xy,cvar,1,conditional_mode_is_optimal,0.0,0.0,0.0,30
25,5,5,xy,cvar,1,global_mode_is_feasible,1.0,1.0,1.0,30
25,5,5,xy,cvar,1,approximation_ratio,0.9004696849668562,0.8467628923135695,0.9442288190221173,30
25,5,5,xy,cvar,1,elapsed_seconds,0.13823060240003615,0.12771007065835321,0.15068084267419696,30
25,5,5,xy,cvar,2,feasible_probability,1.0000000000000002,0.9999999999999999,1.0000000000000004,30
25,5,5,xy,cvar,2,probability_of_optimum,0.0018874616581699675,0.0011829081780149432,0.0028236818119357376,30
25,5,5,xy,cvar,2,conditional_probability_of_optimum,0.0018874616581699675,0.0011974322160153137,0.0028339753961937127,30
25,5,5,xy,cvar,2,conditional_mode_is_optimal,0.0,0.0,0.0,30
25,5,5,xy,cvar,2,global_mode_is_feasible,1.0,1.0,1.0,30
25,5,5,xy,cvar,2,approximation_ratio,0.912399485258259,0.8535002304431824,0.9582956433267117,30
25,5,5,xy,cvar,2,elapsed_seconds,0.3695518139666812,0.3587577753808527,0.37946587919334307,30
25,5,5,xy,cvar,3,feasible_probability,1.0000000000000002,0.9999999999999998,1.0000000000000007,30
25,5,5,xy,cvar,3,probability_of_optimum,0.010049850913312218,0.005959107346001519,0.014993003530545786,30
25,5,5,xy,cvar,3,conditional_probability_of_optimum,0.010049850913312222,0.005963229893647095,0.014942654028015763,30
25,5,5,xy,cvar,3,conditional_mode_is_optimal,0.1,0.0,0.23333333333333334,30
25,5,5,xy,cvar,3,global_mode_is_feasible,1.0,1.0,1.0,30
25,5,5,xy,cvar,3,approximation_ratio,0.9581254867776763,0.9107415941351552,0.9852432388873756,30
25,5,5,xy,cvar,3,elapsed_seconds,0.4809114566999976,0.47545158117406505,0.4862771314541492,30
25,5,5,xy,expectation,1,feasible_probability,1.0,1.0,1.0000000000000004,30
25,5,5,xy,expectation,1,probability_of_optimum,0.0004599881460026996,0.00034690725804925403,0.0005825408583214048,30
25,5,5,xy,expectation,1,conditional_probability_of_optimum,0.00045998814600269636,0.00035008627550272057,0.0005842084578074823,30
25,5,5,xy,expectation,1,conditional_mode_is_optimal,0.0,0.0,0.0,30
25,5,5,xy,expectation,1,global_mode_is_feasible,1.0,1.0,1.0,30
25,5,5,xy,expectation,1,approximation_ratio,0.9072885065345428,0.8948401911237577,0.9191705520739903,30
25,5,5,xy,expectation,1,elapsed_seconds,0.1360383000666767,0.12584370834747022,0.14734788222504566,30
25,5,5,xy,expectation,2,feasible_probability,1.0000000000000002,0.9999999999999999,1.0000000000000004,30
25,5,5,xy,expectation,2,probability_of_optimum,0.00031030700391798216,0.0001859940541263927,0.0004645357372652332,30
25,5,5,xy,expectation,2,conditional_probability_of_optimum,0.00031030700391798216,0.00018791454160373318,0.0004677065627761095,30
25,5,5,xy,expectation,2,conditional_mode_is_optimal,0.0,0.0,0.0,30
25,5,5,xy,expectation,2,global_mode_is_feasible,1.0,1.0,1.0,30
25,5,5,xy,expectation,2,approximation_ratio,0.9117450702611679,0.9031580641573443,0.9204528340427548,30
25,5,5,xy,expectation,2,elapsed_seconds,0.3652822346333134,0.3571629900175085,0.37252286294243436,30
25,5,5,xy,expectation,3,feasible_probability,1.0,0.9999999999999996,1.0000000000000004,30
25,5,5,xy,expectation,3,probability_of_optimum,0.0007583277589596897,0.00021798477297560204,0.0014660616534064642,30
25,5,5,xy,expectation,3,conditional_probability_of_optimum,0.0007583277589596897,0.0002102702750980159,0.0014942078051549848,30
25,5,5,xy,expectation,3,conditional_mode_is_optimal,0.0,0.0,0.0,30
25,5,5,xy,expectation,3,global_mode_is_feasible,1.0,1.0,1.0,30
25,5,5,xy,expectation,3,approximation_ratio,0.9237615801740675,0.912468634559351,0.9362780369994675,30
25,5,5,xy,expectation,3,elapsed_seconds,0.4554787514999854,0.45031328274088084,0.4608591937099737,30
