qubits,n_stages,candidates,mixer,depth,depth_mean,depth_min,depth_max,cx_mean,cx_min,cx_max
9,3,3,penalty_x,1,98.2,89,109,88.0,81,99
9,3,3,penalty_x,2,218.7,203,227,208.8,199,220
9,3,3,penalty_x,3,325.3,306,346,328.6,317,347
9,3,3,xy,1,190.0,157,217,129.5,124,137
9,3,3,xy,2,376.0,296,429,272.3,254,284
9,3,3,xy,3,562.2,432,669,408.3,382,429
12,4,3,penalty_x,1,127.9,120,139,131.9,123,145
12,4,3,penalty_x,2,279.6,265,298,307.8,293,322
12,4,3,penalty_x,3,432.0,396,477,501.7,481,524
12,4,3,xy,1,219.7,176,246,188.2,180,205
12,4,3,xy,2,449.7,392,487,387.3,368,417
12,4,3,xy,3,672.9,625,772,581.5,542,616
16,4,4,penalty_x,1,188.9,168,222,252.6,238,262
16,4,4,penalty_x,2,422.6,387,483,575.6,545,625
16,4,4,penalty_x,3,686.7,650,715,949.9,919,973
16,4,4,xy,1,317.8,296,367,330.4,312,354
16,4,4,xy,2,621.3,541,750,669.1,643,706
16,4,4,xy,3,995.4,896,1090,1037.8,1000,1077
20,5,4,penalty_x,1,245.1,221,266,350.3,324,374
20,5,4,penalty_x,2,547.1,475,595,814.8,770,870
20,5,4,penalty_x,3,847.1,746,900,1315.5,1234,1401
20,5,4,xy,1,382.9,338,478,444.3,417,496
20,5,4,xy,2,764.8,700,799,919.8,856,963
20,5,4,xy,3,1158.1,1029,1290,1422.2,1393,1447
25,5,5,penalty_x,1,348.4,317,371,569.5,520,612
25,5,5,penalty_x,2,767.2,712,861,1317.6,1241,1378
25,5,5,penalty_x,3,1174.8,1076,1284,2080.3,1971,2166
25,5,5,xy,1,625.2,531,735,761.6,684,832
25,5,5,xy,2,1128.9,986,1345,1473.7,1393,1592
25,5,5,xy,3,1601.6,1360,1778,2204.0,2055,2326
