attack,intensity,stealth,formulation,metric,mean,ci95_low,ci95_high,n_seeds
sinkhole,0.25,0.0,clean_oracle,true_route_cost,5.282809473521516,4.854333484802038,6.108532929395402,30
sinkhole,0.25,0.0,clean_oracle,regret,0.0,0.0,0.0,30
sinkhole,0.25,0.0,clean_oracle,pdr,0.23444444444444448,0.21255555555555555,0.2515555555555556,30
sinkhole,0.25,0.0,clean_oracle,physical_connected,0.9666666666666667,0.9,1.0,30
sinkhole,0.25,0.0,clean_oracle,malicious_relays,0.3,0.13333333333333333,0.4666666666666667,30
sinkhole,0.25,0.0,clean_oracle,malicious_relay_exposure,0.1,0.04444444444444444,0.15555555555555553,30
sinkhole,0.25,0.0,clean_oracle,tunnel_used,0.0,0.0,0.0,30
sinkhole,0.25,0.0,clean_oracle,natural_drops,81.9,74.23333333333333,87.90083333333332,30
sinkhole,0.25,0.0,clean_oracle,malicious_drops,1.3,0.6,2.1,30
sinkhole,0.25,0.0,clean_oracle,energy_drops,136.46666666666667,124.86583333333333,146.10083333333333,30
sinkhole,0.25,0.0,clean_oracle,disconnect_drops,10.0,0.0,30.0,30
sinkhole,0.25,0.0,naive_poisoned,true_route_cost,5.293178925717441,4.863380363315805,6.123570587739044,30
sinkhole,0.25,0.0,naive_poisoned,regret,0.010369452195924911,0.0028777640453538033,0.020557225102751608,30
sinkhole,0.25,0.0,naive_poisoned,pdr,0.23166666666666672,0.20966388888888887,0.24966666666666665,30
sinkhole,0.25,0.0,naive_poisoned,physical_connected,0.9666666666666667,0.9,1.0,30
sinkhole,0.25,0.0,naive_poisoned,malicious_relays,0.5,0.3333333333333333,0.6666666666666666,30
sinkhole,0.25,0.0,naive_poisoned,malicious_relay_exposure,0.16666666666666663,0.11111111111111112,0.22222222222222218,30
sinkhole,0.25,0.0,naive_poisoned,tunnel_used,0.0,0.0,0.0,30
sinkhole,0.25,0.0,naive_poisoned,natural_drops,82.7,75.1,88.4,30
sinkhole,0.25,0.0,naive_poisoned,malicious_drops,2.0,1.1,2.966666666666667,30
sinkhole,0.25,0.0,naive_poisoned,energy_drops,135.8,123.3,145.80083333333334,30
sinkhole,0.25,0.0,naive_poisoned,disconnect_drops,10.0,0.0,30.0,30
sinkhole,0.25,0.0,trust_weighted,true_route_cost,5.2923825753411755,4.867552958592927,6.115605071091266,30
sinkhole,0.25,0.0,trust_weighted,regret,0.009573101819659454,0.0016100344156687522,0.019596258803180458,30
sinkhole,0.25,0.0,trust_weighted,pdr,0.23566666666666666,0.21433333333333335,0.2530027777777778,30
sinkhole,0.25,0.0,trust_weighted,physical_connected,0.9666666666666667,0.9,1.0,30
sinkhole,0.25,0.0,trust_weighted,malicious_relays,0.16666666666666666,0.03333333333333333,0.3,30
sinkhole,0.25,0.0,trust_weighted,malicious_relay_exposure,0.05555555555555555,0.01111111111111111,0.1,30
sinkhole,0.25,0.0,trust_weighted,tunnel_used,0.0,0.0,0.0,30
sinkhole,0.25,0.0,trust_weighted,natural_drops,82.4,74.66666666666667,88.5,30
sinkhole,0.25,0.0,trust_weighted,malicious_drops,0.5333333333333333,0.13333333333333333,1.0333333333333334,30
sinkhole,0.25,0.0,trust_weighted,energy_drops,136.36666666666667,124.4325,145.90083333333334,30
sinkhole,0.25,0.0,trust_weighted,disconnect_drops,10.0,0.0,30.0,30
sinkhole,0.25,0.5,clean_oracle,true_route_cost,5.282809473521516,4.85534583729944,6.109383688198532,30
sinkhole,0.25,0.5,clean_oracle,regret,0.0,0.0,0.0,30
sinkhole,0.25,0.5,clean_oracle,pdr,0.237,0.2145555555555556,0.2561138888888888,30
sinkhole,0.25,0.5,clean_oracle,physical_connected,0.9666666666666667,0.9,1.0,30
sinkhole,0.25,0.5,clean_oracle,malicious_relays,0.2,0.06666666666666667,0.3333333333333333,30
sinkhole,0.25,0.5,clean_oracle,malicious_relay_exposure,0.06666666666666667,0.02222222222222222,0.12222222222222222,30
sinkhole,0.25,0.5,clean_oracle,tunnel_used,0.0,0.0,0.0,30
sinkhole,0.25,0.5,clean_oracle,natural_drops,81.0,73.43333333333334,87.03333333333333,30
sinkhole,0.25,0.5,clean_oracle,malicious_drops,0.7333333333333333,0.2,1.4333333333333333,30
sinkhole,0.25,0.5,clean_oracle,energy_drops,137.16666666666666,124.36666666666666,146.7675,30
sinkhole,0.25,0.5,clean_oracle,disconnect_drops,10.0,0.0,30.0,30
sinkhole,0.25,0.5,naive_poisoned,true_route_cost,5.289245191779532,4.860116155962367,6.114509390151686,30
sinkhole,0.25,0.5,naive_poisoned,regret,0.006435718258016217,0.0014749701069236565,0.012410921911060259,30
sinkhole,0.25,0.5,naive_poisoned,pdr,0.23366666666666666,0.21122222222222223,0.2531111111111111,30
sinkhole,0.25,0.5,naive_poisoned,physical_connected,0.9666666666666667,0.9,1.0,30
sinkhole,0.25,0.5,naive_poisoned,malicious_relays,0.36666666666666664,0.2,0.5333333333333333,30
sinkhole,0.25,0.5,naive_poisoned,malicious_relay_exposure,0.12222222222222222,0.06666666666666667,0.17777777777777773,30
sinkhole,0.25,0.5,naive_poisoned,tunnel_used,0.0,0.0,0.0,30
sinkhole,0.25,0.5,naive_poisoned,natural_drops,80.76666666666667,72.86583333333333,86.9,30
sinkhole,0.25,0.5,naive_poisoned,malicious_drops,1.1,0.4666666666666667,1.8333333333333333,30
sinkhole,0.25,0.5,naive_poisoned,energy_drops,138.03333333333333,124.53333333333333,148.43416666666667,30
sinkhole,0.25,0.5,naive_poisoned,disconnect_drops,10.0,0.0,30.0,30
sinkhole,0.25,0.5,trust_weighted,true_route_cost,5.289465653695282,4.860947031687843,6.113809834998114,30
sinkhole,0.25,0.5,trust_weighted,regret,0.0066561801737652065,0.001028304847789722,0.013641523283664615,30
sinkhole,0.25,0.5,trust_weighted,pdr,0.2384444444444444,0.21566388888888885,0.25700277777777775,30
sinkhole,0.25,0.5,trust_weighted,physical_connected,0.9666666666666667,0.9,1.0,30
sinkhole,0.25,0.5,trust_weighted,malicious_relays,0.03333333333333333,0.0,0.1,30
sinkhole,0.25,0.5,trust_weighted,malicious_relay_exposure,0.01111111111111111,0.0,0.03333333333333333,30
sinkhole,0.25,0.5,trust_weighted,tunnel_used,0.0,0.0,0.0,30
sinkhole,0.25,0.5,trust_weighted,natural_drops,81.6,73.89916666666667,87.6,30
sinkhole,0.25,0.5,trust_weighted,malicious_drops,0.06666666666666667,0.0,0.2,30
sinkhole,0.25,0.5,trust_weighted,energy_drops,136.8,124.23083333333334,146.53416666666666,30
sinkhole,0.25,0.5,trust_weighted,disconnect_drops,10.0,0.0,30.0,30
sinkhole,0.5,0.0,clean_oracle,true_route_cost,5.282809473521516,4.854815336297328,6.111772545953804,30
sinkhole,0.5,0.0,clean_oracle,regret,0.0,0.0,0.0,30
sinkhole,0.5,0.0,clean_oracle,pdr,0.2363333333333333,0.21399444444444443,0.2552222222222222,30
sinkhole,0.5,0.0,clean_oracle,physical_connected,0.9666666666666667,0.9,1.0,30
sinkhole,0.5,0.0,clean_oracle,malicious_relays,0.3,0.13333333333333333,0.4666666666666667,30
sinkhole,0.5,0.0,clean_oracle,malicious_relay_exposure,0.1,0.04444444444444444,0.15555555555555553,30
sinkhole,0.5,0.0,clean_oracle,tunnel_used,0.0,0.0,0.0,30
sinkhole,0.5,0.0,clean_oracle,natural_drops,81.16666666666667,73.76666666666667,87.3,30
sinkhole,0.5,0.0,clean_oracle,malicious_drops,2.933333333333333,1.3,4.8,30
sinkhole,0.5,0.0,clean_oracle,energy_drops,135.0,122.39916666666667,144.83416666666668,30
sinkhole,0.5,0.0,clean_oracle,disconnect_drops,10.0,0.0,30.0,30
sinkhole,0.5,0.0,naive_poisoned,true_route_cost,5.2949034332920215,4.8675525540164655,6.122883698886616,30
sinkhole,0.5,0.0,naive_poisoned,regret,0.012093959770505869,0.00281814278005769,0.02388361697320239,30
sinkhole,0.5,0.0,naive_poisoned,pdr,0.22455555555555554,0.20299999999999999,0.24322222222222223,30
sinkhole,0.5,0.0,naive_poisoned,physical_connected,0.9666666666666667,0.9,1.0,30
sinkhole,0.5,0.0,naive_poisoned,malicious_relays,0.5333333333333333,0.36666666666666664,0.7,30
sinkhole,0.5,0.0,naive_poisoned,malicious_relay_exposure,0.17777777777777773,0.12222222222222222,0.2333333333333333,30
sinkhole,0.5,0.0,naive_poisoned,tunnel_used,0.0,0.0,0.0,30
sinkhole,0.5,0.0,naive_poisoned,natural_drops,81.13333333333334,73.46583333333334,87.1,30
sinkhole,0.5,0.0,naive_poisoned,malicious_drops,4.8,2.9,6.766666666666667,30
sinkhole,0.5,0.0,naive_poisoned,energy_drops,136.7,123.6,146.86666666666667,30
sinkhole,0.5,0.0,naive_poisoned,disconnect_drops,10.0,0.0,30.0,30
sinkhole,0.5,0.0,trust_weighted,true_route_cost,5.284249031012635,4.855319808805983,6.109821216315592,30
sinkhole,0.5,0.0,trust_weighted,regret,0.001439557491118748,0.0,0.004233602614467872,30
sinkhole,0.5,0.0,trust_weighted,pdr,0.2374444444444444,0.215775,0.25599999999999995,30
sinkhole,0.5,0.0,trust_weighted,physical_connected,0.9666666666666667,0.9,1.0,30
sinkhole,0.5,0.0,trust_weighted,malicious_relays,0.23333333333333334,0.1,0.4,30
sinkhole,0.5,0.0,trust_weighted,malicious_relay_exposure,0.07777777777777777,0.03333333333333333,0.13333333333333333,30
sinkhole,0.5,0.0,trust_weighted,tunnel_used,0.0,0.0,0.0,30
sinkhole,0.5,0.0,trust_weighted,natural_drops,81.63333333333334,74.06666666666666,87.63333333333334,30
sinkhole,0.5,0.0,trust_weighted,malicious_drops,2.5,0.9333333333333333,4.434166666666655,30
sinkhole,0.5,0.0,trust_weighted,energy_drops,134.63333333333333,122.63333333333334,144.5,30
sinkhole,0.5,0.0,trust_weighted,disconnect_drops,10.0,0.0,30.0,30
sinkhole,0.5,0.5,clean_oracle,true_route_cost,5.282809473521516,4.853914597850959,6.112564300717621,30
sinkhole,0.5,0.5,clean_oracle,regret,0.0,0.0,0.0,30
sinkhole,0.5,0.5,clean_oracle,pdr,0.2346666666666666,0.21299722222222223,0.2533333333333333,30
sinkhole,0.5,0.5,clean_oracle,physical_connected,0.9666666666666667,0.9,1.0,30
sinkhole,0.5,0.5,clean_oracle,malicious_relays,0.16666666666666666,0.03333333333333333,0.3,30
sinkhole,0.5,0.5,clean_oracle,malicious_relay_exposure,0.05555555555555555,0.01111111111111111,0.10000000000000002,30
sinkhole,0.5,0.5,clean_oracle,tunnel_used,0.0,0.0,0.0,30
sinkhole,0.5,0.5,clean_oracle,natural_drops,81.23333333333333,73.93333333333334,87.2,30
sinkhole,0.5,0.5,clean_oracle,malicious_drops,1.9,0.5,3.533333333333333,30
sinkhole,0.5,0.5,clean_oracle,energy_drops,136.46666666666667,123.7325,146.3675,30
sinkhole,0.5,0.5,clean_oracle,disconnect_drops,10.0,0.0,30.0,30
sinkhole,0.5,0.5,naive_poisoned,true_route_cost,5.296132870613746,4.868146687394259,6.123426848352584,30
sinkhole,0.5,0.5,naive_poisoned,regret,0.013323397092230049,0.004049933717297402,0.02453411432003656,30
sinkhole,0.5,0.5,naive_poisoned,pdr,0.22877777777777772,0.2056666666666667,0.2484444444444444,30
sinkhole,0.5,0.5,naive_poisoned,physical_connected,0.9666666666666667,0.9,1.0,30
sinkhole,0.5,0.5,naive_poisoned,malicious_relays,0.4,0.23333333333333334,0.5666666666666667,30
sinkhole,0.5,0.5,naive_poisoned,malicious_relay_exposure,0.13333333333333333,0.07777777777777777,0.18888888888888883,30
sinkhole,0.5,0.5,naive_poisoned,tunnel_used,0.0,0.0,0.0,30
sinkhole,0.5,0.5,naive_poisoned,natural_drops,81.76666666666667,74.1,87.50083333333332,30
sinkhole,0.5,0.5,naive_poisoned,malicious_drops,3.7333333333333334,2.0,5.666666666666667,30
sinkhole,0.5,0.5,naive_poisoned,energy_drops,135.86666666666667,123.4,145.83416666666668,30
sinkhole,0.5,0.5,naive_poisoned,disconnect_drops,10.0,0.0,30.0,30
sinkhole,0.5,0.5,trust_weighted,true_route_cost,5.2835351976749445,4.854819635769563,6.113587614990246,30
sinkhole,0.5,0.5,trust_weighted,regret,0.0007257241534286863,0.0,0.0021771724602860586,30
sinkhole,0.5,0.5,trust_weighted,pdr,0.23588888888888884,0.2132194444444444,0.2542222222222222,30
sinkhole,0.5,0.5,trust_weighted,physical_connected,0.9666666666666667,0.9,1.0,30
sinkhole,0.5,0.5,trust_weighted,malicious_relays,0.13333333333333333,0.03333333333333333,0.26666666666666666,30
sinkhole,0.5,0.5,trust_weighted,malicious_relay_exposure,0.04444444444444444,0.01111111111111111,0.08888888888888888,30
sinkhole,0.5,0.5,trust_weighted,tunnel_used,0.0,0.0,0.0,30
sinkhole,0.5,0.5,trust_weighted,natural_drops,81.6,74.3,87.26666666666667,30
sinkhole,0.5,0.5,trust_weighted,malicious_drops,1.5,0.26666666666666666,3.033333333333333,30
sinkhole,0.5,0.5,trust_weighted,energy_drops,136.13333333333333,123.2325,145.86666666666667,30
sinkhole,0.5,0.5,trust_weighted,disconnect_drops,10.0,0.0,30.0,30
sinkhole,0.75,0.0,clean_oracle,true_route_cost,5.282809473521516,4.8545805896756535,6.110513502880667,30
sinkhole,0.75,0.0,clean_oracle,regret,0.0,0.0,0.0,30
sinkhole,0.75,0.0,clean_oracle,pdr,0.21788888888888885,0.19544444444444442,0.23800277777777773,30
sinkhole,0.75,0.0,clean_oracle,physical_connected,0.9666666666666667,0.9,1.0,30
sinkhole,0.75,0.0,clean_oracle,malicious_relays,0.6666666666666666,0.4,0.9333333333333333,30
sinkhole,0.75,0.0,clean_oracle,malicious_relay_exposure,0.22222222222222218,0.14444444444444443,0.31111111111111106,30
sinkhole,0.75,0.0,clean_oracle,tunnel_used,0.0,0.0,0.0,30
sinkhole,0.75,0.0,clean_oracle,natural_drops,78.93333333333334,71.46583333333334,85.36666666666666,30
sinkhole,0.75,0.0,clean_oracle,malicious_drops,9.733333333333333,6.2,13.433333333333334,30
sinkhole,0.75,0.0,clean_oracle,energy_drops,135.96666666666667,123.6,145.7,30
sinkhole,0.75,0.0,clean_oracle,disconnect_drops,10.0,0.0,30.0,30
sinkhole,0.75,0.0,naive_poisoned,true_route_cost,5.3056820938350695,4.877466697647226,6.136176583210679,30
sinkhole,0.75,0.0,naive_poisoned,regret,0.022872620313553593,0.009378992100217153,0.037506733678771546,30
sinkhole,0.75,0.0,naive_poisoned,pdr,0.2054444444444444,0.18488611111111108,0.22466666666666665,30
sinkhole,0.75,0.0,naive_poisoned,physical_connected,0.9666666666666667,0.9,1.0,30
sinkhole,0.75,0.0,naive_poisoned,malicious_relays,1.0333333333333334,0.7666666666666667,1.3,30
sinkhole,0.75,0.0,naive_poisoned,malicious_relay_exposure,0.34444444444444444,0.25555555555555554,0.43333333333333335,30
sinkhole,0.75,0.0,naive_poisoned,tunnel_used,0.0,0.0,0.0,30
sinkhole,0.75,0.0,naive_poisoned,natural_drops,78.1,70.7325,84.1,30
sinkhole,0.75,0.0,naive_poisoned,malicious_drops,13.5,9.8,17.366666666666667,30
sinkhole,0.75,0.0,naive_poisoned,energy_drops,136.76666666666668,124.29916666666666,146.23333333333332,30
sinkhole,0.75,0.0,naive_poisoned,disconnect_drops,10.0,0.0,30.0,30
sinkhole,0.75,0.0,trust_weighted,true_route_cost,5.294893670213771,4.866128933027954,6.123595496893239,30
sinkhole,0.75,0.0,trust_weighted,regret,0.012084196692254927,0.0027776267498821855,0.025111527174475495,30
sinkhole,0.75,0.0,trust_weighted,pdr,0.23011111111111104,0.20677222222222222,0.2504472222222222,30
sinkhole,0.75,0.0,trust_weighted,physical_connected,0.9666666666666667,0.9,1.0,30
sinkhole,0.75,0.0,trust_weighted,malicious_relays,0.36666666666666664,0.2,0.5666666666666667,30
sinkhole,0.75,0.0,trust_weighted,malicious_relay_exposure,0.12222222222222223,0.06666666666666667,0.18888888888888883,30
sinkhole,0.75,0.0,trust_weighted,tunnel_used,0.0,0.0,0.0,30
sinkhole,0.75,0.0,trust_weighted,natural_drops,82.66666666666667,74.93333333333334,89.4,30
sinkhole,0.75,0.0,trust_weighted,malicious_drops,5.3,2.5,8.567499999999988,30
sinkhole,0.75,0.0,trust_weighted,energy_drops,133.0,120.46583333333334,143.03333333333333,30
sinkhole,0.75,0.0,trust_weighted,disconnect_drops,10.0,0.0,30.0,30
sinkhole,0.75,0.5,clean_oracle,true_route_cost,5.282809473521516,4.854290570359791,6.113558952216967,30
sinkhole,0.75,0.5,clean_oracle,regret,0.0,0.0,0.0,30
sinkhole,0.75,0.5,clean_oracle,pdr,0.21666666666666665,0.19611111111111112,0.23255555555555552,30
sinkhole,0.75,0.5,clean_oracle,physical_connected,0.9666666666666667,0.9,1.0,30
sinkhole,0.75,0.5,clean_oracle,malicious_relays,0.7666666666666667,0.5333333333333333,1.0,30
sinkhole,0.75,0.5,clean_oracle,malicious_relay_exposure,0.2555555555555555,0.17777777777777773,0.33333333333333337,30
sinkhole,0.75,0.5,clean_oracle,tunnel_used,0.0,0.0,0.0,30
sinkhole,0.75,0.5,clean_oracle,natural_drops,79.5,71.9,85.6,30
sinkhole,0.75,0.5,clean_oracle,malicious_drops,10.4,6.966666666666667,14.000833333333322,30
sinkhole,0.75,0.5,clean_oracle,energy_drops,135.1,123.0,145.36666666666667,30
sinkhole,0.75,0.5,clean_oracle,disconnect_drops,10.0,0.0,30.0,30
sinkhole,0.75,0.5,naive_poisoned,true_route_cost,5.298238375738664,4.868351622098266,6.128566079400257,30
sinkhole,0.75,0.5,naive_poisoned,regret,0.0154289022171473,0.004370509578175127,0.030246352802662843,30
sinkhole,0.75,0.5,naive_poisoned,pdr,0.20977777777777776,0.18933333333333335,0.2278888888888889,30
sinkhole,0.75,0.5,naive_poisoned,physical_connected,0.9666666666666667,0.9,1.0,30
sinkhole,0.75,0.5,naive_poisoned,malicious_relays,1.1,0.8666666666666667,1.3666666666666667,30
sinkhole,0.75,0.5,naive_poisoned,malicious_relay_exposure,0.36666666666666664,0.27777777777777773,0.44444444444444453,30
sinkhole,0.75,0.5,naive_poisoned,tunnel_used,0.0,0.0,0.0,30
sinkhole,0.75,0.5,naive_poisoned,natural_drops,79.46666666666667,72.16583333333334,85.10083333333331,30
sinkhole,0.75,0.5,naive_poisoned,malicious_drops,15.0,10.765833333333335,19.566666666666666,30
sinkhole,0.75,0.5,naive_poisoned,energy_drops,132.6,120.13333333333334,142.46666666666667,30
sinkhole,0.75,0.5,naive_poisoned,disconnect_drops,10.0,0.0,30.0,30
sinkhole,0.75,0.5,trust_weighted,true_route_cost,5.297065350403394,4.869969659679737,6.12971168493621,30
sinkhole,0.75,0.5,trust_weighted,regret,0.014255876881878541,0.004389624683733616,0.026305536112983297,30
sinkhole,0.75,0.5,trust_weighted,pdr,0.21933333333333332,0.1988888888888889,0.2365555555555555,30
sinkhole,0.75,0.5,trust_weighted,physical_connected,0.9666666666666667,0.9,1.0,30
sinkhole,0.75,0.5,trust_weighted,malicious_relays,0.4666666666666667,0.26666666666666666,0.6666666666666666,30
sinkhole,0.75,0.5,trust_weighted,malicious_relay_exposure,0.15555555555555553,0.08888888888888888,0.2222222222222222,30
sinkhole,0.75,0.5,trust_weighted,tunnel_used,0.0,0.0,0.0,30
sinkhole,0.75,0.5,trust_weighted,natural_drops,79.53333333333333,72.5,85.36666666666666,30
sinkhole,0.75,0.5,trust_weighted,malicious_drops,5.966666666666667,3.466666666666667,8.7,30
sinkhole,0.75,0.5,trust_weighted,energy_drops,138.7,125.96583333333334,148.6,30
sinkhole,0.75,0.5,trust_weighted,disconnect_drops,10.0,0.0,30.0,30
sinkhole,1.0,0.0,clean_oracle,true_route_cost,5.282809473521516,4.855504391366356,6.111328609879751,30
sinkhole,1.0,0.0,clean_oracle,regret,0.0,0.0,0.0,30
sinkhole,1.0,0.0,clean_oracle,pdr,0.21966666666666665,0.1961083333333333,0.24055555555555555,30
sinkhole,1.0,0.0,clean_oracle,physical_connected,0.9666666666666667,0.9,1.0,30
sinkhole,1.0,0.0,clean_oracle,malicious_relays,0.5333333333333333,0.3,0.7666666666666667,30
sinkhole,1.0,0.0,clean_oracle,malicious_relay_exposure,0.17777777777777776,0.1,0.2555555555555556,30
sinkhole,1.0,0.0,clean_oracle,tunnel_used,0.0,0.0,0.0,30
sinkhole,1.0,0.0,clean_oracle,natural_drops,79.7,71.9,86.13416666666666,30
sinkhole,1.0,0.0,clean_oracle,malicious_drops,10.133333333333333,5.8,14.7,30
sinkhole,1.0,0.0,clean_oracle,energy_drops,134.26666666666668,121.86666666666666,144.26666666666668,30
sinkhole,1.0,0.0,clean_oracle,disconnect_drops,10.0,0.0,30.0,30
sinkhole,1.0,0.0,naive_poisoned,true_route_cost,5.305928377366567,4.880437260513058,6.136574075834843,30
sinkhole,1.0,0.0,naive_poisoned,regret,0.023118903845051265,0.011613342150219124,0.036422113573295695,30
sinkhole,1.0,0.0,naive_poisoned,pdr,0.20299999999999999,0.18088611111111114,0.224,30
sinkhole,1.0,0.0,naive_poisoned,physical_connected,0.9666666666666667,0.9,1.0,30
sinkhole,1.0,0.0,naive_poisoned,malicious_relays,0.9333333333333333,0.6666666666666666,1.2,30
sinkhole,1.0,0.0,naive_poisoned,malicious_relay_exposure,0.31111111111111106,0.22222222222222224,0.39999999999999986,30
sinkhole,1.0,0.0,naive_poisoned,tunnel_used,0.0,0.0,0.0,30
sinkhole,1.0,0.0,naive_poisoned,natural_drops,79.9,72.13250000000001,86.26666666666667,30
sinkhole,1.0,0.0,naive_poisoned,malicious_drops,16.2,11.3,21.267499999999988,30
sinkhole,1.0,0.0,naive_poisoned,energy_drops,133.0,120.23166666666667,143.30083333333334,30
sinkhole,1.0,0.0,naive_poisoned,disconnect_drops,10.0,0.0,30.0,30
sinkhole,1.0,0.0,trust_weighted,true_route_cost,5.285320988668163,4.8583025786548575,6.113699561878641,30
sinkhole,1.0,0.0,trust_weighted,regret,0.00251151514664798,0.0006508442941651833,0.004871789144408364,30
sinkhole,1.0,0.0,trust_weighted,pdr,0.22666666666666663,0.20255555555555554,0.24722499999999997,30
sinkhole,1.0,0.0,trust_weighted,physical_connected,0.9666666666666667,0.9,1.0,30
sinkhole,1.0,0.0,trust_weighted,malicious_relays,0.36666666666666664,0.2,0.5666666666666667,30
sinkhole,1.0,0.0,trust_weighted,malicious_relay_exposure,0.12222222222222223,0.06666666666666667,0.18888888888888886,30
sinkhole,1.0,0.0,trust_weighted,tunnel_used,0.0,0.0,0.0,30
sinkhole,1.0,0.0,trust_weighted,natural_drops,80.86666666666666,73.46583333333334,86.66666666666667,30
sinkhole,1.0,0.0,trust_weighted,malicious_drops,6.933333333333334,3.433333333333333,10.9,30
sinkhole,1.0,0.0,trust_weighted,energy_drops,134.2,121.8325,143.86666666666667,30
sinkhole,1.0,0.0,trust_weighted,disconnect_drops,10.0,0.0,30.0,30
sinkhole,1.0,0.5,clean_oracle,true_route_cost,5.282809473521516,4.85357270243764,6.112900726126027,30
sinkhole,1.0,0.5,clean_oracle,regret,0.0,0.0,0.0,30
sinkhole,1.0,0.5,clean_oracle,pdr,0.21844444444444447,0.19644166666666665,0.238225,30
sinkhole,1.0,0.5,clean_oracle,physical_connected,0.9666666666666667,0.9,1.0,30
sinkhole,1.0,0.5,clean_oracle,malicious_relays,0.5666666666666667,0.36666666666666664,0.8,30
sinkhole,1.0,0.5,clean_oracle,malicious_relay_exposure,0.18888888888888886,0.12222222222222222,0.2666666666666666,30
sinkhole,1.0,0.5,clean_oracle,tunnel_used,0.0,0.0,0.0,30
sinkhole,1.0,0.5,clean_oracle,natural_drops,80.16666666666667,72.69916666666667,86.23416666666665,30
sinkhole,1.0,0.5,clean_oracle,malicious_drops,11.733333333333333,7.066666666666666,16.933333333333334,30
sinkhole,1.0,0.5,clean_oracle,energy_drops,132.56666666666666,119.5325,143.00083333333333,30
sinkhole,1.0,0.5,clean_oracle,disconnect_drops,10.0,0.0,30.0,30
sinkhole,1.0,0.5,naive_poisoned,true_route_cost,5.3053675001915765,4.878450215990372,6.133846537886548,30
sinkhole,1.0,0.5,naive_poisoned,regret,0.022558026670060016,0.008616896198672166,0.039415094372269005,30
sinkhole,1.0,0.5,naive_poisoned,pdr,0.206,0.18355555555555556,0.2253361111111111,30
sinkhole,1.0,0.5,naive_poisoned,physical_connected,0.9666666666666667,0.9,1.0,30
sinkhole,1.0,0.5,naive_poisoned,malicious_relays,0.8333333333333334,0.6,1.0666666666666667,30
sinkhole,1.0,0.5,naive_poisoned,malicious_relay_exposure,0.27777777777777773,0.19999999999999998,0.35555555555555557,30
sinkhole,1.0,0.5,naive_poisoned,tunnel_used,0.0,0.0,0.0,30
sinkhole,1.0,0.5,naive_poisoned,natural_drops,80.3,72.73333333333333,86.5,30
sinkhole,1.0,0.5,naive_poisoned,malicious_drops,16.2,11.199166666666667,21.4,30
sinkhole,1.0,0.5,naive_poisoned,energy_drops,131.7,119.29916666666666,142.13416666666666,30
sinkhole,1.0,0.5,naive_poisoned,disconnect_drops,10.0,0.0,30.0,30
sinkhole,1.0,0.5,trust_weighted,true_route_cost,5.29732094401822,4.871554858349626,6.125219297187094,30
sinkhole,1.0,0.5,trust_weighted,regret,0.014511470496705077,0.0049581222334619665,0.026216170556059893,30
sinkhole,1.0,0.5,trust_weighted,pdr,0.2302222222222222,0.20533333333333337,0.2522222222222223,30
sinkhole,1.0,0.5,trust_weighted,physical_connected,0.9666666666666667,0.9,1.0,30
sinkhole,1.0,0.5,trust_weighted,malicious_relays,0.3,0.13333333333333333,0.5,30
sinkhole,1.0,0.5,trust_weighted,malicious_relay_exposure,0.1,0.04444444444444444,0.16666666666666663,30
sinkhole,1.0,0.5,trust_weighted,tunnel_used,0.0,0.0,0.0,30
sinkhole,1.0,0.5,trust_weighted,natural_drops,82.66666666666667,75.3325,88.26666666666667,30
sinkhole,1.0,0.5,trust_weighted,malicious_drops,5.833333333333333,2.299166666666667,10.233333333333333,30
sinkhole,1.0,0.5,trust_weighted,energy_drops,132.43333333333334,120.39916666666667,142.2,30
sinkhole,1.0,0.5,trust_weighted,disconnect_drops,10.0,0.0,30.0,30
sybil,0.25,0.0,clean_oracle,true_route_cost,5.282809473521516,4.854533477291051,6.108627982851024,30
sybil,0.25,0.0,clean_oracle,regret,0.0,0.0,0.0,30
sybil,0.25,0.0,clean_oracle,pdr,0.23777777777777773,0.21433333333333335,0.2566666666666666,30
sybil,0.25,0.0,clean_oracle,physical_connected,0.9666666666666667,0.9,1.0,30
sybil,0.25,0.0,clean_oracle,malicious_relays,0.3,0.13333333333333333,0.4666666666666667,30
sybil,0.25,0.0,clean_oracle,malicious_relay_exposure,0.1,0.04444444444444444,0.15555555555555553,30
sybil,0.25,0.0,clean_oracle,tunnel_used,0.0,0.0,0.0,30
sybil,0.25,0.0,clean_oracle,natural_drops,80.1,72.93333333333334,85.90083333333332,30
sybil,0.25,0.0,clean_oracle,malicious_drops,1.5333333333333334,0.6,2.6,30
sybil,0.25,0.0,clean_oracle,energy_drops,137.03333333333333,124.66666666666667,146.63499999999996,30
sybil,0.25,0.0,clean_oracle,disconnect_drops,10.0,0.0,30.0,30
sybil,0.25,0.0,naive_poisoned,true_route_cost,5.298142199169397,4.8740842851088875,6.122811198411644,30
sybil,0.25,0.0,naive_poisoned,regret,0.015332725647881152,0.005307498134017353,0.027126436174233968,30
sybil,0.25,0.0,naive_poisoned,pdr,0.2282222222222222,0.2064444444444444,0.2465583333333333,30
sybil,0.25,0.0,naive_poisoned,physical_connected,0.9666666666666667,0.9,1.0,30
sybil,0.25,0.0,naive_poisoned,malicious_relays,0.6,0.43333333333333335,0.7666666666666667,30
sybil,0.25,0.0,naive_poisoned,malicious_relay_exposure,0.19999999999999998,0.14444444444444443,0.2555555555555555,30
sybil,0.25,0.0,naive_poisoned,tunnel_used,0.0,0.0,0.0,30
sybil,0.25,0.0,naive_poisoned,natural_drops,81.7,74.36666666666666,87.46749999999999,30
sybil,0.25,0.0,naive_poisoned,malicious_drops,3.1333333333333333,1.9666666666666666,4.4,30
sybil,0.25,0.0,naive_poisoned,energy_drops,136.7,124.06666666666666,146.23333333333332,30
sybil,0.25,0.0,naive_poisoned,disconnect_drops,10.0,0.0,30.0,30
sybil,0.25,0.0,trust_weighted,true_route_cost,5.28423357574519,4.855020882841138,6.119259536576678,30
sybil,0.25,0.0,trust_weighted,regret,0.0014241022236739435,0.0,0.0038346042495726114,30
sybil,0.25,0.0,trust_weighted,pdr,0.2374444444444444,0.21411111111111109,0.256225,30
sybil,0.25,0.0,trust_weighted,physical_connected,0.9666666666666667,0.9,1.0,30
sybil,0.25,0.0,trust_weighted,malicious_relays,0.23333333333333334,0.1,0.4,30
sybil,0.25,0.0,trust_weighted,malicious_relay_exposure,0.07777777777777778,0.03333333333333333,0.13333333333333333,30
sybil,0.25,0.0,trust_weighted,tunnel_used,0.0,0.0,0.0,30
sybil,0.25,0.0,trust_weighted,natural_drops,80.33333333333333,72.9,86.13333333333334,30
sybil,0.25,0.0,trust_weighted,malicious_drops,1.4,0.4666666666666667,2.533333333333333,30
sybil,0.25,0.0,trust_weighted,energy_drops,137.03333333333333,124.43333333333334,146.66666666666666,30
sybil,0.25,0.0,trust_weighted,disconnect_drops,10.0,0.0,30.0,30
sybil,0.25,0.5,clean_oracle,true_route_cost,5.282809473521516,4.853745414165059,6.1110543855587025,30
sybil,0.25,0.5,clean_oracle,regret,0.0,0.0,0.0,30
sybil,0.25,0.5,clean_oracle,pdr,0.2351111111111111,0.21300000000000002,0.2533361111111111,30
sybil,0.25,0.5,clean_oracle,physical_connected,0.9666666666666667,0.9,1.0,30
sybil,0.25,0.5,clean_oracle,malicious_relays,0.23333333333333334,0.1,0.4,30
sybil,0.25,0.5,clean_oracle,malicious_relay_exposure,0.07777777777777777,0.03333333333333333,0.13333333333333333,30
sybil,0.25,0.5,clean_oracle,tunnel_used,0.0,0.0,0.0,30
sybil,0.25,0.5,clean_oracle,natural_drops,81.4,74.03333333333333,87.4,30
sybil,0.25,0.5,clean_oracle,malicious_drops,1.4666666666666666,0.4666666666666667,2.6666666666666665,30
sybil,0.25,0.5,clean_oracle,energy_drops,136.6,124.23333333333333,146.4683333333333,30
sybil,0.25,0.5,clean_oracle,disconnect_drops,10.0,0.0,30.0,30
sybil,0.25,0.5,naive_poisoned,true_route_cost,5.2929991204628095,4.867007501932395,6.12043082995679,30
sybil,0.25,0.5,naive_poisoned,regret,0.010189646941293902,0.0030941588980591146,0.019360967830571917,30
sybil,0.25,0.5,naive_poisoned,pdr,0.22666666666666663,0.2041055555555555,0.24511388888888885,30
sybil,0.25,0.5,naive_poisoned,physical_connected,0.9666666666666667,0.9,1.0,30
sybil,0.25,0.5,naive_poisoned,malicious_relays,0.4666666666666667,0.3,0.6333333333333333,30
sybil,0.25,0.5,naive_poisoned,malicious_relay_exposure,0.15555555555555553,0.1,0.21111111111111108,30
sybil,0.25,0.5,naive_poisoned,tunnel_used,0.0,0.0,0.0,30
sybil,0.25,0.5,naive_poisoned,natural_drops,82.53333333333333,75.03333333333333,88.36666666666666,30
sybil,0.25,0.5,naive_poisoned,malicious_drops,2.7,1.5,4.033333333333333,30
sybil,0.25,0.5,naive_poisoned,energy_drops,136.76666666666668,124.26583333333333,146.5,30
sybil,0.25,0.5,naive_poisoned,disconnect_drops,10.0,0.0,30.0,30
sybil,0.25,0.5,trust_weighted,true_route_cost,5.285466470899032,4.8582265657454515,6.120969488188345,30
sybil,0.25,0.5,trust_weighted,regret,0.0026569973775163016,0.0,0.007819701785368387,30
sybil,0.25,0.5,trust_weighted,pdr,0.2361111111111111,0.2135555555555556,0.2555555555555556,30
sybil,0.25,0.5,trust_weighted,physical_connected,0.9666666666666667,0.9,1.0,30
sybil,0.25,0.5,trust_weighted,malicious_relays,0.16666666666666666,0.03333333333333333,0.3,30
sybil,0.25,0.5,trust_weighted,malicious_relay_exposure,0.05555555555555555,0.01111111111111111,0.10000000000000002,30
sybil,0.25,0.5,trust_weighted,tunnel_used,0.0,0.0,0.0,30
sybil,0.25,0.5,trust_weighted,natural_drops,81.53333333333333,74.0,87.5,30
sybil,0.25,0.5,trust_weighted,malicious_drops,1.1333333333333333,0.26666666666666666,2.2666666666666666,30
sybil,0.25,0.5,trust_weighted,energy_drops,136.5,123.99916666666667,146.43416666666667,30
sybil,0.25,0.5,trust_weighted,disconnect_drops,10.0,0.0,30.0,30
sybil,0.5,0.0,clean_oracle,true_route_cost,5.282809473521516,4.854069415438952,6.108597104039247,30
sybil,0.5,0.0,clean_oracle,regret,0.0,0.0,0.0,30
sybil,0.5,0.0,clean_oracle,pdr,0.2353333333333333,0.21277499999999996,0.25388888888888883,30
sybil,0.5,0.0,clean_oracle,physical_connected,0.9666666666666667,0.9,1.0,30
sybil,0.5,0.0,clean_oracle,malicious_relays,0.1,0.0,0.23333333333333334,30
sybil,0.5,0.0,clean_oracle,malicious_relay_exposure,0.03333333333333333,0.0,0.07777777777777777,30
sybil,0.5,0.0,clean_oracle,tunnel_used,0.0,0.0,0.0,30
sybil,0.5,0.0,clean_oracle,natural_drops,81.26666666666667,73.86583333333333,87.33333333333333,30
sybil,0.5,0.0,clean_oracle,malicious_drops,1.0666666666666667,0.0,2.3666666666666667,30
sybil,0.5,0.0,clean_oracle,energy_drops,137.06666666666666,124.46583333333334,146.80083333333334,30
sybil,0.5,0.0,clean_oracle,disconnect_drops,10.0,0.0,30.0,30
sybil,0.5,0.0,naive_poisoned,true_route_cost,11.857705483964128,9.782671336679073,13.93031102746293,30
sybil,0.5,0.0,naive_poisoned,regret,6.574896010442615,4.518133470533848,8.63236601247818,30
sybil,0.5,0.0,naive_poisoned,pdr,0.09911111111111112,0.05855555555555556,0.14089444444444438,30
sybil,0.5,0.0,naive_poisoned,physical_connected,0.43333333333333335,0.26666666666666666,0.6,30
sybil,0.5,0.0,naive_poisoned,malicious_relays,0.8,0.6658333333333336,0.9333333333333333,30
sybil,0.5,0.0,naive_poisoned,malicious_relay_exposure,0.2666666666666666,0.21111111111111108,0.3111111111111111,30
sybil,0.5,0.0,naive_poisoned,tunnel_used,0.0,0.0,0.0,30
sybil,0.5,0.0,naive_poisoned,natural_drops,35.6,20.965833333333332,50.4,30
sybil,0.5,0.0,naive_poisoned,malicious_drops,2.3333333333333335,0.9666666666666667,3.8341666666666545,30
sybil,0.5,0.0,naive_poisoned,energy_drops,62.333333333333336,37.531666666666666,88.60083333333331,30
sybil,0.5,0.0,naive_poisoned,disconnect_drops,170.0,120.0,220.0,30
sybil,0.5,0.0,trust_weighted,true_route_cost,11.873017260203103,9.803388184472714,13.946039782488246,30
sybil,0.5,0.0,trust_weighted,regret,6.590207786681587,4.5372413742998265,8.64915560400368,30
sybil,0.5,0.0,trust_weighted,pdr,0.10377777777777779,0.060213888888888886,0.14566666666666667,30
sybil,0.5,0.0,trust_weighted,physical_connected,0.43333333333333335,0.26666666666666666,0.6,30
sybil,0.5,0.0,trust_weighted,malicious_relays,0.2,0.06666666666666667,0.3333333333333333,30
sybil,0.5,0.0,trust_weighted,malicious_relay_exposure,0.06666666666666667,0.02222222222222222,0.12222222222222222,30
sybil,0.5,0.0,trust_weighted,tunnel_used,0.0,0.0,0.0,30
sybil,0.5,0.0,trust_weighted,natural_drops,35.36666666666667,20.898333333333333,50.56749999999999,30
sybil,0.5,0.0,trust_weighted,malicious_drops,1.3666666666666667,0.26666666666666666,2.7674999999999876,30
sybil,0.5,0.0,trust_weighted,energy_drops,62.13333333333333,36.965833333333336,88.23416666666665,30
sybil,0.5,0.0,trust_weighted,disconnect_drops,170.0,120.0,220.0,30
sybil,0.5,0.5,clean_oracle,true_route_cost,5.282809473521516,4.854954976048438,6.1112284449048895,30
sybil,0.5,0.5,clean_oracle,regret,0.0,0.0,0.0,30
sybil,0.5,0.5,clean_oracle,pdr,0.23155555555555554,0.21022222222222223,0.24922499999999995,30
sybil,0.5,0.5,clean_oracle,physical_connected,0.9666666666666667,0.9,1.0,30
sybil,0.5,0.5,clean_oracle,malicious_relays,0.3,0.13333333333333333,0.4666666666666667,30
sybil,0.5,0.5,clean_oracle,malicious_relay_exposure,0.10000000000000002,0.04444444444444444,0.15555555555555553,30
sybil,0.5,0.5,clean_oracle,tunnel_used,0.0,0.0,0.0,30
sybil,0.5,0.5,clean_oracle,natural_drops,80.26666666666667,72.63250000000001,86.66666666666667,30
sybil,0.5,0.5,clean_oracle,malicious_drops,3.1333333333333333,1.3333333333333333,5.166666666666667,30
sybil,0.5,0.5,clean_oracle,energy_drops,137.13333333333333,124.63333333333334,147.16666666666666,30
sybil,0.5,0.5,clean_oracle,disconnect_drops,10.0,0.0,30.0,30
sybil,0.5,0.5,naive_poisoned,true_route_cost,9.816712268285281,7.745182614620518,11.893438245007383,30
sybil,0.5,0.5,naive_poisoned,regret,4.5339027947637645,2.480433029595551,6.592121865184026,30
sybil,0.5,0.5,naive_poisoned,pdr,0.13666666666666666,0.09466666666666666,0.17722499999999997,30
sybil,0.5,0.5,naive_poisoned,physical_connected,0.6,0.43333333333333335,0.7666666666666667,30
sybil,0.5,0.5,naive_poisoned,malicious_relays,0.8666666666666667,0.7333333333333333,0.9666666666666667,30
sybil,0.5,0.5,naive_poisoned,malicious_relay_exposure,0.28888888888888886,0.2444444444444444,0.32222222222222224,30
sybil,0.5,0.5,naive_poisoned,tunnel_used,0.0,0.0,0.0,30
sybil,0.5,0.5,naive_poisoned,natural_drops,49.333333333333336,34.4325,63.766666666666666,30
sybil,0.5,0.5,naive_poisoned,malicious_drops,4.933333333333334,2.966666666666667,6.967499999999988,30
sybil,0.5,0.5,naive_poisoned,energy_drops,84.73333333333333,59.56666666666667,108.76749999999998,30
sybil,0.5,0.5,naive_poisoned,disconnect_drops,120.0,70.0,170.0,30
sybil,0.5,0.5,trust_weighted,true_route_cost,9.794329885066873,7.742689253088961,11.871206862907231,30
sybil,0.5,0.5,trust_weighted,regret,4.511520411545358,2.4686268688585926,6.565819667509364,30
sybil,0.5,0.5,trust_weighted,pdr,0.14077777777777778,0.09932222222222223,0.18422499999999997,30
sybil,0.5,0.5,trust_weighted,physical_connected,0.6,0.43333333333333335,0.7666666666666667,30
sybil,0.5,0.5,trust_weighted,malicious_relays,0.43333333333333335,0.26666666666666666,0.6,30
sybil,0.5,0.5,trust_weighted,malicious_relay_exposure,0.14444444444444443,0.08888888888888888,0.21111111111111105,30
sybil,0.5,0.5,trust_weighted,tunnel_used,0.0,0.0,0.0,30
sybil,0.5,0.5,trust_weighted,natural_drops,49.53333333333333,34.233333333333334,64.6,30
sybil,0.5,0.5,trust_weighted,malicious_drops,4.0,2.066666666666667,6.2,30
sybil,0.5,0.5,trust_weighted,energy_drops,84.23333333333333,58.99916666666667,109.40083333333332,30
sybil,0.5,0.5,trust_weighted,disconnect_drops,120.0,70.0,170.0,30
sybil,0.75,0.0,clean_oracle,true_route_cost,5.282809473521516,4.854364511398245,6.111281603561971,30
sybil,0.75,0.0,clean_oracle,regret,0.0,0.0,0.0,30
sybil,0.75,0.0,clean_oracle,pdr,0.22888888888888886,0.20688888888888887,0.247,30
sybil,0.75,0.0,clean_oracle,physical_connected,0.9666666666666667,0.9,1.0,30
sybil,0.75,0.0,clean_oracle,malicious_relays,0.26666666666666666,0.1,0.43333333333333335,30
sybil,0.75,0.0,clean_oracle,malicious_relay_exposure,0.08888888888888888,0.03333333333333333,0.14444444444444443,30
sybil,0.75,0.0,clean_oracle,tunnel_used,0.0,0.0,0.0,30
sybil,0.75,0.0,clean_oracle,natural_drops,80.5,72.93333333333334,86.13333333333334,30
sybil,0.75,0.0,clean_oracle,malicious_drops,4.0,1.6,6.7,30
sybil,0.75,0.0,clean_oracle,energy_drops,136.83333333333334,124.16666666666667,146.6675,30
sybil,0.75,0.0,clean_oracle,disconnect_drops,10.0,0.0,30.0,30
sybil,0.75,0.0,naive_poisoned,true_route_cost,13.104623835791973,10.610056690778828,15.621200446149317,30
sybil,0.75,0.0,naive_poisoned,regret,7.821814362270456,5.34268219860817,10.683387681137484,30
sybil,0.75,0.0,naive_poisoned,pdr,0.0858888888888889,0.04877777777777778,0.12645277777777766,30
sybil,0.75,0.0,naive_poisoned,physical_connected,0.4,0.23333333333333334,0.5666666666666667,30
sybil,0.75,0.0,naive_poisoned,malicious_relays,1.0,1.0,1.0,30
sybil,0.75,0.0,naive_poisoned,malicious_relay_exposure,0.3333333333333334,0.3333333333333334,0.3333333333333334,30
sybil,0.75,0.0,naive_poisoned,tunnel_used,0.0,0.0,0.0,30
sybil,0.75,0.0,naive_poisoned,natural_drops,34.3,19.999166666666667,49.53416666666665,30
sybil,0.75,0.0,naive_poisoned,malicious_drops,5.833333333333333,3.1666666666666665,8.733333333333333,30
sybil,0.75,0.0,naive_poisoned,energy_drops,54.1,31.066666666666666,79.30083333333332,30
sybil,0.75,0.0,naive_poisoned,disconnect_drops,180.0,120.0,230.0,30
sybil,0.75,0.0,trust_weighted,true_route_cost,13.104623835791973,10.62365285666129,15.616357875591767,30
sybil,0.75,0.0,trust_weighted,regret,7.821814362270456,4.965155347554009,10.68504275309436,30
sybil,0.75,0.0,trust_weighted,pdr,0.0858888888888889,0.04799722222222223,0.12389166666666664,30
sybil,0.75,0.0,trust_weighted,physical_connected,0.4,0.23333333333333334,0.5666666666666667,30
sybil,0.75,0.0,trust_weighted,malicious_relays,1.0,1.0,1.0,30
sybil,0.75,0.0,trust_weighted,malicious_relay_exposure,0.3333333333333334,0.3333333333333334,0.3333333333333334,30
sybil,0.75,0.0,trust_weighted,tunnel_used,0.0,0.0,0.0,30
sybil,0.75,0.0,trust_weighted,natural_drops,34.3,19.0,49.13416666666665,30
sybil,0.75,0.0,trust_weighted,malicious_drops,5.833333333333333,3.2333333333333334,8.7,30
sybil,0.75,0.0,trust_weighted,energy_drops,54.1,30.733333333333334,78.23333333333333,30
sybil,0.75,0.0,trust_weighted,disconnect_drops,180.0,120.0,230.0,30
sybil,0.75,0.5,clean_oracle,true_route_cost,5.282809473521516,4.853025874391915,6.115853842843435,30
sybil,0.75,0.5,clean_oracle,regret,0.0,0.0,0.0,30
sybil,0.75,0.5,clean_oracle,pdr,0.22699999999999995,0.20500000000000002,0.2462222222222222,30
sybil,0.75,0.5,clean_oracle,physical_connected,0.9666666666666667,0.9,1.0,30
sybil,0.75,0.5,clean_oracle,malicious_relays,0.36666666666666664,0.2,0.5333333333333333,30
sybil,0.75,0.5,clean_oracle,malicious_relay_exposure,0.12222222222222223,0.06666666666666667,0.17777777777777773,30
sybil,0.75,0.5,clean_oracle,tunnel_used,0.0,0.0,0.0,30
sybil,0.75,0.5,clean_oracle,natural_drops,79.16666666666667,71.76666666666667,84.86666666666666,30
sybil,0.75,0.5,clean_oracle,malicious_drops,5.733333333333333,2.9,8.933333333333334,30
sybil,0.75,0.5,clean_oracle,energy_drops,137.0,124.59833333333333,146.86666666666667,30
sybil,0.75,0.5,clean_oracle,disconnect_drops,10.0,0.0,30.0,30
sybil,0.75,0.5,naive_poisoned,true_route_cost,9.808064162670542,7.753044538707352,11.870623377202127,30
sybil,0.75,0.5,naive_poisoned,regret,4.525254689149027,2.4757050166151036,6.5856812200965065,30
sybil,0.75,0.5,naive_poisoned,pdr,0.12433333333333334,0.08577499999999999,0.1616694444444444,30
sybil,0.75,0.5,naive_poisoned,physical_connected,0.6,0.43333333333333335,0.7666666666666667,30
sybil,0.75,0.5,naive_poisoned,malicious_relays,1.0,1.0,1.0,30
sybil,0.75,0.5,naive_poisoned,malicious_relay_exposure,0.3333333333333334,0.3333333333333334,0.3333333333333334,30
sybil,0.75,0.5,naive_poisoned,tunnel_used,0.0,0.0,0.0,30
sybil,0.75,0.5,naive_poisoned,natural_drops,49.233333333333334,33.96666666666667,63.46666666666667,30
sybil,0.75,0.5,naive_poisoned,malicious_drops,9.466666666666667,6.5325,12.434166666666655,30
sybil,0.75,0.5,naive_poisoned,energy_drops,84.0,58.7325,109.26749999999998,30
sybil,0.75,0.5,naive_poisoned,disconnect_drops,120.0,70.0,170.0,30
sybil,0.75,0.5,trust_weighted,true_route_cost,9.808064162670542,7.749839208296971,11.86758684986083,30
sybil,0.75,0.5,trust_weighted,regret,4.525254689149027,2.4779685003441223,6.579919529181057,30
sybil,0.75,0.5,trust_weighted,pdr,0.12433333333333334,0.08655555555555554,0.16089166666666668,30
sybil,0.75,0.5,trust_weighted,physical_connected,0.6,0.43333333333333335,0.7666666666666667,30
sybil,0.75,0.5,trust_weighted,malicious_relays,1.0,1.0,1.0,30
sybil,0.75,0.5,trust_weighted,malicious_relay_exposure,0.3333333333333334,0.3333333333333334,0.3333333333333334,30
sybil,0.75,0.5,trust_weighted,tunnel_used,0.0,0.0,0.0,30
sybil,0.75,0.5,trust_weighted,natural_drops,49.233333333333334,34.799166666666665,63.70083333333332,30
sybil,0.75,0.5,trust_weighted,malicious_drops,9.466666666666667,6.533333333333333,12.466666666666667,30
sybil,0.75,0.5,trust_weighted,energy_drops,84.0,59.16583333333333,108.5,30
sybil,0.75,0.5,trust_weighted,disconnect_drops,120.0,70.0,170.0,30
sybil,1.0,0.0,clean_oracle,true_route_cost,5.282809473521516,4.853837600807976,6.111422066153983,30
sybil,1.0,0.0,clean_oracle,regret,0.0,0.0,0.0,30
sybil,1.0,0.0,clean_oracle,pdr,0.21788888888888888,0.19521944444444445,0.23811388888888887,30
sybil,1.0,0.0,clean_oracle,physical_connected,0.9666666666666667,0.9,1.0,30
sybil,1.0,0.0,clean_oracle,malicious_relays,0.43333333333333335,0.26666666666666666,0.6,30
sybil,1.0,0.0,clean_oracle,malicious_relay_exposure,0.14444444444444443,0.08888888888888888,0.19999999999999998,30
sybil,1.0,0.0,clean_oracle,tunnel_used,0.0,0.0,0.0,30
sybil,1.0,0.0,clean_oracle,natural_drops,79.6,72.13250000000001,85.46666666666667,30
sybil,1.0,0.0,clean_oracle,malicious_drops,7.966666666666667,4.399166666666667,11.966666666666667,30
sybil,1.0,0.0,clean_oracle,energy_drops,137.06666666666666,124.6,146.9675,30
sybil,1.0,0.0,clean_oracle,disconnect_drops,10.0,0.0,30.0,30
sybil,1.0,0.0,naive_poisoned,true_route_cost,11.044117797628981,8.579861200255943,13.51920562052935,30
sybil,1.0,0.0,naive_poisoned,regret,5.761308324107465,3.298460959519877,8.231553711270356,30
sybil,1.0,0.0,naive_poisoned,pdr,0.10111111111111111,0.06655555555555555,0.137,30
sybil,1.0,0.0,naive_poisoned,physical_connected,0.5333333333333333,0.36666666666666664,0.7,30
sybil,1.0,0.0,naive_poisoned,malicious_relays,1.0,1.0,1.0,30
sybil,1.0,0.0,naive_poisoned,malicious_relay_exposure,0.3333333333333334,0.3333333333333334,0.3333333333333334,30
sybil,1.0,0.0,naive_poisoned,tunnel_used,0.0,0.0,0.0,30
sybil,1.0,0.0,naive_poisoned,natural_drops,42.733333333333334,27.966666666666665,56.93416666666665,30
sybil,1.0,0.0,naive_poisoned,malicious_drops,10.333333333333334,6.533333333333333,14.167499999999988,30
sybil,1.0,0.0,naive_poisoned,energy_drops,76.6,50.32916666666667,103.06999999999995,30
sybil,1.0,0.0,naive_poisoned,disconnect_drops,140.0,90.0,190.0,30
sybil,1.0,0.0,trust_weighted,true_route_cost,11.044117797628981,8.590210476229535,13.511912274873321,30
sybil,1.0,0.0,trust_weighted,regret,5.761308324107465,3.301947918689436,8.227323299948715,30
sybil,1.0,0.0,trust_weighted,pdr,0.10111111111111111,0.06655555555555555,0.13678055555555552,30
sybil,1.0,0.0,trust_weighted,physical_connected,0.5333333333333333,0.36666666666666664,0.7333333333333333,30
sybil,1.0,0.0,trust_weighted,malicious_relays,1.0,1.0,1.0,30
sybil,1.0,0.0,trust_weighted,malicious_relay_exposure,0.3333333333333334,0.3333333333333334,0.3333333333333334,30
sybil,1.0,0.0,trust_weighted,tunnel_used,0.0,0.0,0.0,30
sybil,1.0,0.0,trust_weighted,natural_drops,42.733333333333334,27.933333333333334,57.00083333333332,30
sybil,1.0,0.0,trust_weighted,malicious_drops,10.333333333333334,6.566666666666666,14.266666666666667,30
sybil,1.0,0.0,trust_weighted,energy_drops,76.6,51.333333333333336,102.43416666666666,30
sybil,1.0,0.0,trust_weighted,disconnect_drops,140.0,90.0,190.0,30
sybil,1.0,0.5,clean_oracle,true_route_cost,5.282809473521516,4.855156123027128,6.113078985951233,30
sybil,1.0,0.5,clean_oracle,regret,0.0,0.0,0.0,30
sybil,1.0,0.5,clean_oracle,pdr,0.22766666666666666,0.20555277777777778,0.2468888888888889,30
sybil,1.0,0.5,clean_oracle,physical_connected,0.9666666666666667,0.9,1.0,30
sybil,1.0,0.5,clean_oracle,malicious_relays,0.2,0.06666666666666667,0.36666666666666664,30
sybil,1.0,0.5,clean_oracle,malicious_relay_exposure,0.06666666666666667,0.02222222222222222,0.11111111111111113,30
sybil,1.0,0.5,clean_oracle,tunnel_used,0.0,0.0,0.0,30
sybil,1.0,0.5,clean_oracle,natural_drops,80.03333333333333,72.79916666666666,85.93333333333334,30
sybil,1.0,0.5,clean_oracle,malicious_drops,4.4,1.4666666666666666,7.8,30
sybil,1.0,0.5,clean_oracle,energy_drops,137.26666666666668,124.56583333333333,147.2675,30
sybil,1.0,0.5,clean_oracle,disconnect_drops,10.0,0.0,30.0,30
sybil,1.0,0.5,naive_poisoned,true_route_cost,12.283319126781652,9.82098664962438,14.74246640171332,30
sybil,1.0,0.5,naive_poisoned,regret,7.0005096532601385,4.551296415553142,9.461504674570335,30
sybil,1.0,0.5,naive_poisoned,pdr,0.08466666666666665,0.051000000000000004,0.12055555555555555,30
sybil,1.0,0.5,naive_poisoned,physical_connected,0.43333333333333335,0.26666666666666666,0.6,30
sybil,1.0,0.5,naive_poisoned,malicious_relays,1.0,1.0,1.0,30
sybil,1.0,0.5,naive_poisoned,malicious_relay_exposure,0.3333333333333334,0.3333333333333334,0.3333333333333334,30
sybil,1.0,0.5,naive_poisoned,tunnel_used,0.0,0.0,0.0,30
sybil,1.0,0.5,naive_poisoned,natural_drops,35.8,21.06416666666667,51.1,30
sybil,1.0,0.5,naive_poisoned,malicious_drops,8.733333333333333,5.166666666666667,12.433333333333334,30
sybil,1.0,0.5,naive_poisoned,energy_drops,60.06666666666667,35.23166666666667,85.70083333333332,30
sybil,1.0,0.5,naive_poisoned,disconnect_drops,170.0,110.0,220.0,30
sybil,1.0,0.5,trust_weighted,true_route_cost,12.283319126781652,9.815619801306202,14.742663213751388,30
sybil,1.0,0.5,trust_weighted,regret,7.0005096532601385,4.548167683584026,9.463438461469254,30
sybil,1.0,0.5,trust_weighted,pdr,0.08466666666666665,0.050111111111111106,0.12088888888888888,30
sybil,1.0,0.5,trust_weighted,physical_connected,0.43333333333333335,0.26666666666666666,0.6,30
sybil,1.0,0.5,trust_weighted,malicious_relays,1.0,1.0,1.0,30
sybil,1.0,0.5,trust_weighted,malicious_relay_exposure,0.3333333333333334,0.3333333333333334,0.3333333333333334,30
sybil,1.0,0.5,trust_weighted,tunnel_used,0.0,0.0,0.0,30
sybil,1.0,0.5,trust_weighted,natural_drops,35.8,21.1,50.76999999999995,30
sybil,1.0,0.5,trust_weighted,malicious_drops,8.733333333333333,5.133333333333334,12.500833333333322,30
sybil,1.0,0.5,trust_weighted,energy_drops,60.06666666666667,35.39666666666667,85.86916666666663,30
sybil,1.0,0.5,trust_weighted,disconnect_drops,170.0,120.0,220.0,30
wormhole,0.25,0.0,clean_oracle,true_route_cost,5.282809473521516,4.855005266652168,6.114799622590224,30
wormhole,0.25,0.0,clean_oracle,regret,0.0,0.0,0.0,30
wormhole,0.25,0.0,clean_oracle,pdr,0.23566666666666664,0.21344444444444444,0.25355555555555553,30
wormhole,0.25,0.0,clean_oracle,physical_connected,0.9666666666666667,0.9,1.0,30
wormhole,0.25,0.0,clean_oracle,malicious_relays,0.26666666666666666,0.13333333333333333,0.43333333333333335,30
wormhole,0.25,0.0,clean_oracle,malicious_relay_exposure,0.08888888888888888,0.04444444444444444,0.14444444444444443,30
wormhole,0.25,0.0,clean_oracle,tunnel_used,0.0,0.0,0.0,30
wormhole,0.25,0.0,clean_oracle,natural_drops,81.73333333333333,74.36666666666666,87.53333333333333,30
wormhole,0.25,0.0,clean_oracle,malicious_drops,1.0333333333333334,0.3333333333333333,1.8666666666666667,30
wormhole,0.25,0.0,clean_oracle,energy_drops,136.53333333333333,124.09916666666666,146.1,30
wormhole,0.25,0.0,clean_oracle,disconnect_drops,10.0,0.0,30.0,30
wormhole,0.25,0.0,naive_poisoned,true_route_cost,15.52110992459136,13.888094094304682,16.75678447542464,30
wormhole,0.25,0.0,naive_poisoned,regret,10.238300451069842,8.59408978415239,11.843560448965244,30
wormhole,0.25,0.0,naive_poisoned,pdr,0.02766666666666667,0.005333333333333333,0.05655555555555555,30
wormhole,0.25,0.0,naive_poisoned,physical_connected,0.13333333333333333,0.03333333333333333,0.26666666666666666,30
wormhole,0.25,0.0,naive_poisoned,malicious_relays,1.7333333333333334,1.4666666666666666,1.9333333333333333,30
wormhole,0.25,0.0,naive_poisoned,malicious_relay_exposure,0.5777777777777777,0.48888888888888876,0.6444444444444445,30
wormhole,0.25,0.0,naive_poisoned,tunnel_used,0.8666666666666667,0.7333333333333333,0.9666666666666667,30
wormhole,0.25,0.0,naive_poisoned,natural_drops,11.933333333333334,2.566666666666667,24.133333333333333,30
wormhole,0.25,0.0,naive_poisoned,malicious_drops,0.0,0.0,0.0,30
wormhole,0.25,0.0,naive_poisoned,energy_drops,19.766666666666666,4.4,40.10083333333332,30
wormhole,0.25,0.0,naive_poisoned,disconnect_drops,260.0,220.0,290.0,30
wormhole,0.25,0.0,trust_weighted,true_route_cost,5.292586361477732,4.865698476495771,6.120776815171334,30
wormhole,0.25,0.0,trust_weighted,regret,0.00977688795621668,0.0025057070303357836,0.018634510382279233,30
wormhole,0.25,0.0,trust_weighted,pdr,0.23899999999999996,0.2156666666666667,0.2584444444444445,30
wormhole,0.25,0.0,trust_weighted,physical_connected,0.9666666666666667,0.9,1.0,30
wormhole,0.25,0.0,trust_weighted,malicious_relays,0.13333333333333333,0.0,0.3,30
wormhole,0.25,0.0,trust_weighted,malicious_relay_exposure,0.04444444444444444,0.0,0.1,30
wormhole,0.25,0.0,trust_weighted,tunnel_used,0.03333333333333333,0.0,0.1,30
wormhole,0.25,0.0,trust_weighted,natural_drops,82.33333333333333,74.7325,88.36749999999998,30
wormhole,0.25,0.0,trust_weighted,malicious_drops,0.26666666666666666,0.0,0.7333333333333333,30
wormhole,0.25,0.0,trust_weighted,energy_drops,135.7,123.23333333333333,145.63416666666666,30
wormhole,0.25,0.0,trust_weighted,disconnect_drops,10.0,0.0,30.0,30
wormhole,0.25,0.5,clean_oracle,true_route_cost,5.282809473521516,4.855234330894078,6.113824382382874,30
wormhole,0.25,0.5,clean_oracle,regret,0.0,0.0,0.0,30
wormhole,0.25,0.5,clean_oracle,pdr,0.2341111111111111,0.21144166666666667,0.2518888888888889,30
wormhole,0.25,0.5,clean_oracle,physical_connected,0.9666666666666667,0.9,1.0,30
wormhole,0.25,0.5,clean_oracle,malicious_relays,0.3333333333333333,0.16666666666666666,0.5333333333333333,30
wormhole,0.25,0.5,clean_oracle,malicious_relay_exposure,0.11111111111111112,0.05555555555555555,0.17777777777777776,30
wormhole,0.25,0.5,clean_oracle,tunnel_used,0.0,0.0,0.0,30
wormhole,0.25,0.5,clean_oracle,natural_drops,81.83333333333333,74.2,87.86666666666666,30
wormhole,0.25,0.5,clean_oracle,malicious_drops,0.9,0.3333333333333333,1.5666666666666667,30
wormhole,0.25,0.5,clean_oracle,energy_drops,137.03333333333333,123.9,146.8675,30
wormhole,0.25,0.5,clean_oracle,disconnect_drops,10.0,0.0,30.0,30
wormhole,0.25,0.5,naive_poisoned,true_route_cost,14.291881696092764,12.269323955998678,15.929885873306958,30
wormhole,0.25,0.5,naive_poisoned,regret,9.009072222571247,6.964196084730191,11.023840829083259,30
wormhole,0.25,0.5,naive_poisoned,pdr,0.051777777777777784,0.02022222222222222,0.08778055555555551,30
wormhole,0.25,0.5,naive_poisoned,physical_connected,0.23333333333333334,0.1,0.4,30
wormhole,0.25,0.5,naive_poisoned,malicious_relays,1.5333333333333334,1.2,1.8,30
wormhole,0.25,0.5,naive_poisoned,malicious_relay_exposure,0.511111111111111,0.39999999999999986,0.6,30
wormhole,0.25,0.5,naive_poisoned,tunnel_used,0.7666666666666667,0.6,0.9,30
wormhole,0.25,0.5,naive_poisoned,natural_drops,20.1,8.299166666666668,34.16749999999998,30
wormhole,0.25,0.5,naive_poisoned,malicious_drops,0.0,0.0,0.0,30
wormhole,0.25,0.5,naive_poisoned,energy_drops,34.36666666666667,13.933333333333334,57.66749999999998,30
wormhole,0.25,0.5,naive_poisoned,disconnect_drops,230.0,180.0,270.0,30
wormhole,0.25,0.5,trust_weighted,true_route_cost,5.291156345482226,4.864876584510923,6.12035205113818,30
wormhole,0.25,0.5,trust_weighted,regret,0.008346871960710505,0.0021686567027688675,0.01636537758847107,30
wormhole,0.25,0.5,trust_weighted,pdr,0.239,0.2167777777777778,0.2574472222222222,30
wormhole,0.25,0.5,trust_weighted,physical_connected,0.9666666666666667,0.9,1.0,30
wormhole,0.25,0.5,trust_weighted,malicious_relays,0.13333333333333333,0.0,0.3,30
wormhole,0.25,0.5,trust_weighted,malicious_relay_exposure,0.04444444444444444,0.0,0.1,30
wormhole,0.25,0.5,trust_weighted,tunnel_used,0.03333333333333333,0.0,0.1,30
wormhole,0.25,0.5,trust_weighted,natural_drops,82.2,74.5325,88.1,30
wormhole,0.25,0.5,trust_weighted,malicious_drops,0.26666666666666666,0.0,0.7,30
wormhole,0.25,0.5,trust_weighted,energy_drops,135.83333333333334,124.03333333333333,145.83333333333334,30
wormhole,0.25,0.5,trust_weighted,disconnect_drops,10.0,0.0,30.0,30
wormhole,0.5,0.0,clean_oracle,true_route_cost,5.282809473521516,4.8547099139413765,6.111238899221477,30
wormhole,0.5,0.0,clean_oracle,regret,0.0,0.0,0.0,30
wormhole,0.5,0.0,clean_oracle,pdr,0.22933333333333333,0.20688611111111113,0.24877777777777776,30
wormhole,0.5,0.0,clean_oracle,physical_connected,0.9666666666666667,0.9,1.0,30
wormhole,0.5,0.0,clean_oracle,malicious_relays,0.4,0.23333333333333334,0.5666666666666667,30
wormhole,0.5,0.0,clean_oracle,malicious_relay_exposure,0.13333333333333333,0.07777777777777777,0.19999999999999993,30
wormhole,0.5,0.0,clean_oracle,tunnel_used,0.0,0.0,0.0,30
wormhole,0.5,0.0,clean_oracle,natural_drops,81.13333333333334,73.73333333333333,87.0,30
wormhole,0.5,0.0,clean_oracle,malicious_drops,3.533333333333333,1.8325000000000002,5.400833333333321,30
wormhole,0.5,0.0,clean_oracle,energy_drops,136.53333333333333,123.86583333333333,146.06666666666666,30
wormhole,0.5,0.0,clean_oracle,disconnect_drops,10.0,0.0,30.0,30
wormhole,0.5,0.0,naive_poisoned,true_route_cost,16.740610091585577,15.914080105757979,17.17006448732865,30
wormhole,0.5,0.0,naive_poisoned,regret,11.45780061806406,10.228795601024533,12.29151228022366,30
wormhole,0.5,0.0,naive_poisoned,pdr,0.005333333333333333,0.0,0.016,30
wormhole,0.5,0.0,naive_poisoned,physical_connected,0.03333333333333333,0.0,0.1,30
wormhole,0.5,0.0,naive_poisoned,malicious_relays,1.9333333333333333,1.8,2.0,30
wormhole,0.5,0.0,naive_poisoned,malicious_relay_exposure,0.6444444444444445,0.6,0.6666666666666669,30
wormhole,0.5,0.0,naive_poisoned,tunnel_used,0.9666666666666667,0.9,1.0,30
wormhole,0.5,0.0,naive_poisoned,natural_drops,2.566666666666667,0.0,7.7,30
wormhole,0.5,0.0,naive_poisoned,malicious_drops,0.0,0.0,0.0,30
wormhole,0.5,0.0,naive_poisoned,energy_drops,5.833333333333333,0.0,17.5,30
wormhole,0.5,0.0,naive_poisoned,disconnect_drops,290.0,270.0,300.0,30
wormhole,0.5,0.0,trust_weighted,true_route_cost,5.294748954198839,4.867327278158228,6.119657867979831,30
wormhole,0.5,0.0,trust_weighted,regret,0.011939480677324088,0.004213663321409164,0.020931259010211728,30
wormhole,0.5,0.0,trust_weighted,pdr,0.23577777777777778,0.21333333333333335,0.25555555555555554,30
wormhole,0.5,0.0,trust_weighted,physical_connected,0.9666666666666667,0.9,1.0,30
wormhole,0.5,0.0,trust_weighted,malicious_relays,0.23333333333333334,0.06666666666666667,0.43333333333333335,30
wormhole,0.5,0.0,trust_weighted,malicious_relay_exposure,0.07777777777777777,0.02222222222222222,0.14444444444444443,30
wormhole,0.5,0.0,trust_weighted,tunnel_used,0.03333333333333333,0.0,0.1,30
wormhole,0.5,0.0,trust_weighted,natural_drops,82.06666666666666,74.63333333333334,87.9,30
wormhole,0.5,0.0,trust_weighted,malicious_drops,1.9333333333333333,0.4666666666666667,3.6,30
wormhole,0.5,0.0,trust_weighted,energy_drops,135.26666666666668,122.96583333333334,145.03416666666666,30
wormhole,0.5,0.0,trust_weighted,disconnect_drops,10.0,0.0,30.0,30
wormhole,0.5,0.5,clean_oracle,true_route_cost,5.282809473521516,4.854943554113438,6.11537393054535,30
wormhole,0.5,0.5,clean_oracle,regret,0.0,0.0,0.0,30
wormhole,0.5,0.5,clean_oracle,pdr,0.23144444444444445,0.20977777777777779,0.24966666666666668,30
wormhole,0.5,0.5,clean_oracle,physical_connected,0.9666666666666667,0.9,1.0,30
wormhole,0.5,0.5,clean_oracle,malicious_relays,0.3333333333333333,0.16666666666666666,0.5,30
wormhole,0.5,0.5,clean_oracle,malicious_relay_exposure,0.11111111111111112,0.05555555555555555,0.16666666666666663,30
wormhole,0.5,0.5,clean_oracle,tunnel_used,0.0,0.0,0.0,30
wormhole,0.5,0.5,clean_oracle,natural_drops,81.8,74.26666666666667,87.6,30
wormhole,0.5,0.5,clean_oracle,malicious_drops,2.9,1.2333333333333334,4.733333333333333,30
wormhole,0.5,0.5,clean_oracle,energy_drops,135.86666666666667,123.63333333333334,145.7,30
wormhole,0.5,0.5,clean_oracle,disconnect_drops,10.0,0.0,30.0,30
wormhole,0.5,0.5,naive_poisoned,true_route_cost,15.931762447377118,14.684836387576572,17.147706011925383,30
wormhole,0.5,0.5,naive_poisoned,regret,10.648952973855604,9.006838518907562,11.892218252400474,30
wormhole,0.5,0.5,naive_poisoned,pdr,0.02022222222222222,0.0,0.04466944444444441,30
wormhole,0.5,0.5,naive_poisoned,physical_connected,0.1,0.0,0.23333333333333334,30
wormhole,0.5,0.5,naive_poisoned,malicious_relays,1.8,1.5333333333333334,2.0,30
wormhole,0.5,0.5,naive_poisoned,malicious_relay_exposure,0.6,0.511111111111111,0.6666666666666669,30
wormhole,0.5,0.5,naive_poisoned,tunnel_used,0.9,0.8,1.0,30
wormhole,0.5,0.5,naive_poisoned,natural_drops,8.566666666666666,0.0,18.2,30
wormhole,0.5,0.5,naive_poisoned,malicious_drops,0.0,0.0,0.0,30
wormhole,0.5,0.5,naive_poisoned,energy_drops,15.366666666666667,0.0,33.5,30
wormhole,0.5,0.5,naive_poisoned,disconnect_drops,270.0,230.0,300.0,30
wormhole,0.5,0.5,trust_weighted,true_route_cost,5.294748954198839,4.86893286821973,6.122378394662084,30
wormhole,0.5,0.5,trust_weighted,regret,0.011939480677324088,0.004331249423876275,0.020840050012898383,30
wormhole,0.5,0.5,trust_weighted,pdr,0.2378888888888889,0.21511111111111111,0.2565555555555556,30
wormhole,0.5,0.5,trust_weighted,physical_connected,0.9666666666666667,0.9,1.0,30
wormhole,0.5,0.5,trust_weighted,malicious_relays,0.16666666666666666,0.03333333333333333,0.36666666666666664,30
wormhole,0.5,0.5,trust_weighted,malicious_relay_exposure,0.05555555555555555,0.01111111111111111,0.11111111111111112,30
wormhole,0.5,0.5,trust_weighted,tunnel_used,0.03333333333333333,0.0,0.1,30
wormhole,0.5,0.5,trust_weighted,natural_drops,82.73333333333333,74.79916666666666,88.66666666666667,30
wormhole,0.5,0.5,trust_weighted,malicious_drops,1.3,0.0,2.933333333333333,30
wormhole,0.5,0.5,trust_weighted,energy_drops,134.6,122.5325,144.36666666666667,30
wormhole,0.5,0.5,trust_weighted,disconnect_drops,10.0,0.0,30.0,30
wormhole,0.75,0.0,clean_oracle,true_route_cost,5.282809473521516,4.854830236073878,6.106488549970068,30
wormhole,0.75,0.0,clean_oracle,regret,0.0,0.0,0.0,30
wormhole,0.75,0.0,clean_oracle,pdr,0.23133333333333334,0.20955555555555558,0.249,30
wormhole,0.75,0.0,clean_oracle,physical_connected,0.9666666666666667,0.9,1.0,30
wormhole,0.75,0.0,clean_oracle,malicious_relays,0.26666666666666666,0.1,0.43333333333333335,30
wormhole,0.75,0.0,clean_oracle,malicious_relay_exposure,0.08888888888888888,0.03333333333333333,0.14444444444444443,30
wormhole,0.75,0.0,clean_oracle,tunnel_used,0.0,0.0,0.0,30
wormhole,0.75,0.0,clean_oracle,natural_drops,80.93333333333334,73.2,87.0,30
wormhole,0.75,0.0,clean_oracle,malicious_drops,4.166666666666667,1.7,7.0,30
wormhole,0.75,0.0,clean_oracle,energy_drops,135.5,123.2,145.66666666666666,30
wormhole,0.75,0.0,clean_oracle,disconnect_drops,10.0,0.0,30.0,30
wormhole,0.75,0.0,naive_poisoned,true_route_cost,15.920101140152001,14.321898978307711,17.13686806035894,30
wormhole,0.75,0.0,naive_poisoned,regret,10.637291666630485,8.994886547516467,11.876477343823366,30
wormhole,0.75,0.0,naive_poisoned,pdr,0.01977777777777778,0.0,0.043555555555555556,30
wormhole,0.75,0.0,naive_poisoned,physical_connected,0.1,0.0,0.23333333333333334,30
wormhole,0.75,0.0,naive_poisoned,malicious_relays,1.8,1.6,2.0,30
wormhole,0.75,0.0,naive_poisoned,malicious_relay_exposure,0.6,0.5333333333333332,0.6666666666666669,30
wormhole,0.75,0.0,naive_poisoned,tunnel_used,0.9,0.7666666666666667,1.0,30
wormhole,0.75,0.0,naive_poisoned,natural_drops,8.4,0.0,17.866666666666667,30
wormhole,0.75,0.0,naive_poisoned,malicious_drops,0.0,0.0,0.0,30
wormhole,0.75,0.0,naive_poisoned,energy_drops,15.666666666666666,0.0,35.1,30
wormhole,0.75,0.0,naive_poisoned,disconnect_drops,270.0,240.0,300.0,30
wormhole,0.75,0.0,trust_weighted,true_route_cost,5.292754174560748,4.8649323527857895,6.125503334146163,30
wormhole,0.75,0.0,trust_weighted,regret,0.009944701039232218,0.0022057471909795014,0.018514449357417105,30
wormhole,0.75,0.0,trust_weighted,pdr,0.2351111111111111,0.21300000000000002,0.2537777777777778,30
wormhole,0.75,0.0,trust_weighted,physical_connected,0.9666666666666667,0.9,1.0,30
wormhole,0.75,0.0,trust_weighted,malicious_relays,0.2,0.06583333333333362,0.4,30
wormhole,0.75,0.0,trust_weighted,malicious_relay_exposure,0.06666666666666667,0.01111111111111111,0.13333333333333333,30
wormhole,0.75,0.0,trust_weighted,tunnel_used,0.03333333333333333,0.0,0.1,30
wormhole,0.75,0.0,trust_weighted,natural_drops,81.8,74.56666666666666,87.66749999999999,30
wormhole,0.75,0.0,trust_weighted,malicious_drops,2.533333333333333,0.5333333333333333,5.066666666666666,30
wormhole,0.75,0.0,trust_weighted,energy_drops,135.13333333333333,122.56666666666666,145.13333333333333,30
wormhole,0.75,0.0,trust_weighted,disconnect_drops,10.0,0.0,30.0,30
wormhole,0.75,0.5,clean_oracle,true_route_cost,5.282809473521516,4.856019232401462,6.11385864664666,30
wormhole,0.75,0.5,clean_oracle,regret,0.0,0.0,0.0,30
wormhole,0.75,0.5,clean_oracle,pdr,0.2294444444444444,0.20588611111111113,0.24855555555555553,30
wormhole,0.75,0.5,clean_oracle,physical_connected,0.9666666666666667,0.9,1.0,30
wormhole,0.75,0.5,clean_oracle,malicious_relays,0.3333333333333333,0.16666666666666666,0.5333333333333333,30
wormhole,0.75,0.5,clean_oracle,malicious_relay_exposure,0.11111111111111112,0.05555555555555555,0.17777777777777776,30
wormhole,0.75,0.5,clean_oracle,tunnel_used,0.0,0.0,0.0,30
wormhole,0.75,0.5,clean_oracle,natural_drops,81.1,73.56666666666666,86.8,30
wormhole,0.75,0.5,clean_oracle,malicious_drops,3.6666666666666665,1.5666666666666667,6.0,30
wormhole,0.75,0.5,clean_oracle,energy_drops,136.4,124.09833333333333,146.36666666666667,30
wormhole,0.75,0.5,clean_oracle,disconnect_drops,10.0,0.0,30.0,30
wormhole,0.75,0.5,naive_poisoned,true_route_cost,15.51088984435933,13.88326405901137,16.748706653586808,30
wormhole,0.75,0.5,naive_poisoned,regret,10.228080370837812,8.57578006435777,11.850193879425843,30
wormhole,0.75,0.5,naive_poisoned,pdr,0.030333333333333337,0.005333333333333333,0.06066666666666667,30
wormhole,0.75,0.5,naive_poisoned,physical_connected,0.13333333333333333,0.03333333333333333,0.26666666666666666,30
wormhole,0.75,0.5,naive_poisoned,malicious_relays,1.7333333333333334,1.4666666666666666,1.9333333333333333,30
wormhole,0.75,0.5,naive_poisoned,malicious_relay_exposure,0.5777777777777777,0.4888888888888888,0.6444444444444446,30
wormhole,0.75,0.5,naive_poisoned,tunnel_used,0.8666666666666667,0.7333333333333333,0.9666666666666667,30
wormhole,0.75,0.5,naive_poisoned,natural_drops,11.366666666666667,2.566666666666667,22.733333333333334,30
wormhole,0.75,0.5,naive_poisoned,malicious_drops,0.0,0.0,0.0,30
wormhole,0.75,0.5,naive_poisoned,energy_drops,19.533333333333335,4.233333333333333,39.233333333333334,30
wormhole,0.75,0.5,naive_poisoned,disconnect_drops,260.0,220.0,290.0,30
wormhole,0.75,0.5,trust_weighted,true_route_cost,5.292551366729325,4.868219702767431,6.119347465894529,30
wormhole,0.75,0.5,trust_weighted,regret,0.00974189320780822,0.0025057070303357836,0.018614093971524696,30
wormhole,0.75,0.5,trust_weighted,pdr,0.2354444444444444,0.2122222222222222,0.25477777777777777,30
wormhole,0.75,0.5,trust_weighted,physical_connected,0.9666666666666667,0.9,1.0,30
wormhole,0.75,0.5,trust_weighted,malicious_relays,0.16666666666666666,0.03333333333333333,0.3333333333333333,30
wormhole,0.75,0.5,trust_weighted,malicious_relay_exposure,0.05555555555555555,0.01111111111111111,0.11111111111111112,30
wormhole,0.75,0.5,trust_weighted,tunnel_used,0.03333333333333333,0.0,0.1,30
wormhole,0.75,0.5,trust_weighted,natural_drops,81.8,74.63250000000001,87.63333333333334,30
wormhole,0.75,0.5,trust_weighted,malicious_drops,1.6333333333333333,0.0,3.7333333333333334,30
wormhole,0.75,0.5,trust_weighted,energy_drops,135.93333333333334,123.76666666666667,145.9675,30
wormhole,0.75,0.5,trust_weighted,disconnect_drops,10.0,0.0,30.0,30
wormhole,1.0,0.0,clean_oracle,true_route_cost,5.282809473521516,4.854231468518235,6.107083173793811,30
wormhole,1.0,0.0,clean_oracle,regret,0.0,0.0,0.0,30
wormhole,1.0,0.0,clean_oracle,pdr,0.22588888888888886,0.2028888888888889,0.24544999999999992,30
wormhole,1.0,0.0,clean_oracle,physical_connected,0.9666666666666667,0.9,1.0,30
wormhole,1.0,0.0,clean_oracle,malicious_relays,0.4,0.2,0.6,30
wormhole,1.0,0.0,clean_oracle,malicious_relay_exposure,0.13333333333333333,0.06666666666666667,0.19999999999999998,30
wormhole,1.0,0.0,clean_oracle,tunnel_used,0.0,0.0,0.0,30
wormhole,1.0,0.0,clean_oracle,natural_drops,81.03333333333333,73.76583333333333,87.1,30
wormhole,1.0,0.0,clean_oracle,malicious_drops,6.266666666666667,2.966666666666667,9.934166666666655,30
wormhole,1.0,0.0,clean_oracle,energy_drops,134.93333333333334,122.6,144.63499999999996,30
wormhole,1.0,0.0,clean_oracle,disconnect_drops,10.0,0.0,30.0,30
wormhole,1.0,0.0,naive_poisoned,true_route_cost,16.3459123624988,15.127590480522361,17.16945986490176,30
wormhole,1.0,0.0,naive_poisoned,regret,11.063102888977285,9.440622938468483,12.288995664324942,30
wormhole,1.0,0.0,naive_poisoned,pdr,0.012333333333333333,0.0,0.03166666666666666,30
wormhole,1.0,0.0,naive_poisoned,physical_connected,0.06666666666666667,0.0,0.16666666666666666,30
wormhole,1.0,0.0,naive_poisoned,malicious_relays,1.8666666666666667,1.6666666666666667,2.0,30
wormhole,1.0,0.0,naive_poisoned,malicious_relay_exposure,0.6222222222222222,0.5555555555555555,0.6666666666666669,30
wormhole,1.0,0.0,naive_poisoned,tunnel_used,0.9333333333333333,0.8333333333333334,1.0,30
wormhole,1.0,0.0,naive_poisoned,natural_drops,5.466666666666667,0.0,13.833333333333334,30
wormhole,1.0,0.0,naive_poisoned,malicious_drops,0.0,0.0,0.0,30
wormhole,1.0,0.0,naive_poisoned,energy_drops,10.833333333333334,0.0,27.5,30
wormhole,1.0,0.0,naive_poisoned,disconnect_drops,280.0,250.0,300.0,30
wormhole,1.0,0.0,trust_weighted,true_route_cost,5.290196950046168,4.864493175919138,6.117250713494471,30
wormhole,1.0,0.0,trust_weighted,regret,0.007387476524652954,0.001354487632230376,0.015418772494279516,30
wormhole,1.0,0.0,trust_weighted,pdr,0.23366666666666666,0.21144166666666667,0.25255833333333333,30
wormhole,1.0,0.0,trust_weighted,physical_connected,0.9666666666666667,0.9,1.0,30
wormhole,1.0,0.0,trust_weighted,malicious_relays,0.23333333333333334,0.06666666666666667,0.4,30
wormhole,1.0,0.0,trust_weighted,malicious_relay_exposure,0.07777777777777777,0.02222222222222222,0.14444444444444443,30
wormhole,1.0,0.0,trust_weighted,tunnel_used,0.03333333333333333,0.0,0.1,30
wormhole,1.0,0.0,trust_weighted,natural_drops,81.43333333333334,74.0325,87.46666666666667,30
wormhole,1.0,0.0,trust_weighted,malicious_drops,3.566666666666667,0.7333333333333333,6.866666666666666,30
wormhole,1.0,0.0,trust_weighted,energy_drops,134.9,121.89916666666667,144.9,30
wormhole,1.0,0.0,trust_weighted,disconnect_drops,10.0,0.0,30.0,30
wormhole,1.0,0.5,clean_oracle,true_route_cost,5.282809473521516,4.854421905229533,6.108254804684496,30
wormhole,1.0,0.5,clean_oracle,regret,0.0,0.0,0.0,30
wormhole,1.0,0.5,clean_oracle,pdr,0.22477777777777774,0.2025527777777778,0.2441111111111111,30
wormhole,1.0,0.5,clean_oracle,physical_connected,0.9666666666666667,0.9,1.0,30
wormhole,1.0,0.5,clean_oracle,malicious_relays,0.36666666666666664,0.2,0.5333333333333333,30
wormhole,1.0,0.5,clean_oracle,malicious_relay_exposure,0.12222222222222222,0.06666666666666667,0.17777777777777773,30
wormhole,1.0,0.5,clean_oracle,tunnel_used,0.0,0.0,0.0,30
wormhole,1.0,0.5,clean_oracle,natural_drops,80.2,72.73333333333333,86.3,30
wormhole,1.0,0.5,clean_oracle,malicious_drops,6.333333333333333,3.1666666666666665,9.733333333333333,30
wormhole,1.0,0.5,clean_oracle,energy_drops,136.03333333333333,123.96666666666667,146.23333333333332,30
wormhole,1.0,0.5,clean_oracle,disconnect_drops,10.0,0.0,30.0,30
wormhole,1.0,0.5,naive_poisoned,true_route_cost,15.93671343633144,14.693410391346825,17.14924219249094,30
wormhole,1.0,0.5,naive_poisoned,regret,10.653903962809922,9.010260117117125,11.89836678270464,30
wormhole,1.0,0.5,naive_poisoned,pdr,0.019777777777777776,0.0,0.043222222222222224,30
wormhole,1.0,0.5,naive_poisoned,physical_connected,0.1,0.0,0.2,30
wormhole,1.0,0.5,naive_poisoned,malicious_relays,1.8,1.6,2.0,30
wormhole,1.0,0.5,naive_poisoned,malicious_relay_exposure,0.6,0.511111111111111,0.6666666666666669,30
wormhole,1.0,0.5,naive_poisoned,tunnel_used,0.9,0.7666666666666667,1.0,30
wormhole,1.0,0.5,naive_poisoned,natural_drops,8.833333333333334,0.0,19.266666666666666,30
wormhole,1.0,0.5,naive_poisoned,malicious_drops,0.0,0.0,0.0,30
wormhole,1.0,0.5,naive_poisoned,energy_drops,15.233333333333333,0.0,33.666666666666664,30
wormhole,1.0,0.5,naive_poisoned,disconnect_drops,270.0,240.0,300.0,30
wormhole,1.0,0.5,trust_weighted,true_route_cost,5.2910400498834536,4.863682392153605,6.118661066351919,30
wormhole,1.0,0.5,trust_weighted,regret,0.008230576361938446,0.0021686567027688675,0.015983965960625155,30
wormhole,1.0,0.5,trust_weighted,pdr,0.23422222222222222,0.21144444444444446,0.25511111111111107,30
wormhole,1.0,0.5,trust_weighted,physical_connected,0.9666666666666667,0.9,1.0,30
wormhole,1.0,0.5,trust_weighted,malicious_relays,0.23333333333333334,0.06666666666666667,0.43333333333333335,30
wormhole,1.0,0.5,trust_weighted,malicious_relay_exposure,0.07777777777777777,0.02222222222222222,0.14444444444444443,30
wormhole,1.0,0.5,trust_weighted,tunnel_used,0.03333333333333333,0.0,0.1,30
wormhole,1.0,0.5,trust_weighted,natural_drops,81.0,73.5,87.0,30
wormhole,1.0,0.5,trust_weighted,malicious_drops,3.2,0.8333333333333334,6.033333333333333,30
wormhole,1.0,0.5,trust_weighted,energy_drops,135.53333333333333,122.66666666666667,145.0,30
wormhole,1.0,0.5,trust_weighted,disconnect_drops,10.0,0.0,30.0,30
