seed,n_flows,n_stages,candidates,qubits,feasible_assignments,congestion_weight,nearby_weight,conflict_radius,stage_conflict_window,optimum_cost,n_quadratic_couplings,cross_flow_couplings,dp_objective_is_coupled,independent_dp_reported_cost,independent_dp_true_cost,independent_dp_is_optimal,dp_ratio,greedy_cost,greedy_is_optimal,greedy_ratio,sa_cost,sa_is_optimal,sa_ratio,random_best_cost,random_mean_cost,random_ratio,qaoa_probability_of_optimum,qaoa_approximation_ratio,qaoa_expectation_ratio,qaoa_optimizer_success,qaoa_evaluations,build_seconds,sa_seconds,qaoa_seconds
1,2,4,3,24,6561,0.0,0.0,12.0,0,15.870565440303416,54,0,False,15.870565440303416,15.870565440303416,True,1.0,20.742022779288174,False,0.7651406812719769,15.870565440303416,True,1.0,16.090996762887624,24.864154204797938,0.6382909834608786,0.008513888443786834,0.9891361488263317,0.9500472987449928,False,20,0.0853637449999951,0.007460694000201329,0.055932210000264604
2,2,4,3,24,6561,0.0,0.0,12.0,0,10.548325643153241,54,0,False,10.548325643153243,10.548325643153241,True,1.0,10.548325643153241,True,1.0,10.548325643153241,True,1.0,10.840689143853634,20.210903143907444,0.5219126314171182,0.0036911346658827764,0.64140213173252,0.575809309290957,False,20,0.08415269499982969,0.0073116489998028555,0.0508365769996999
3,2,4,3,24,6561,0.0,0.0,12.0,0,10.075439055853888,54,0,False,10.075439055853884,10.075439055853888,True,1.0,10.385891266930896,False,0.970108274475634,10.075439055853888,True,1.0,10.315656080431735,24.5167070739663,0.4109621665526507,0.022225032885217724,0.646220582702327,0.5814004680754872,False,20,0.08475760800001808,0.007401415999993333,0.05165074500018818
4,2,4,3,24,6561,0.0,0.0,12.0,0,10.589941819283158,54,0,False,10.589941819283156,10.589941819283158,True,1.0,10.595346645989475,False,0.99948988675058,10.595346645989475,False,0.99948988675058,10.627429408914342,18.28751994356663,0.5790802608534459,0.0008570213493489415,0.9848273643248626,0.7150360498740322,False,20,0.08450975899995683,0.007223955999961618,0.05075308999994377
5,2,4,3,24,6561,0.0,0.0,12.0,0,10.100744518554485,54,0,False,10.100744518554485,10.100744518554485,True,1.0,10.240600920189907,False,0.9863429497228344,10.100744518554485,True,1.0,10.308350662390442,17.784995218232247,0.5679363078039925,0.00020380177504879528,0.4997132237843358,0.5605604123084178,False,20,0.08361147400000846,0.0071916229999260395,0.05186490100004448
6,2,4,3,24,6561,0.0,0.0,12.0,0,15.852560055443677,54,0,False,15.852560055443675,15.852560055443677,True,1.0,21.313787584107683,False,0.7437702000588534,15.852560055443677,True,1.0,16.1590355074672,22.815142362645997,0.6948262607117551,8.610775424140876e-05,0.9269319133841617,0.8155901455017809,False,20,0.0839725969999563,0.007350751000103628,0.051108371000282204
7,2,4,3,24,6561,0.0,0.0,12.0,0,10.324358016274136,54,0,False,10.324358016274136,10.324358016274136,True,1.0,10.465714651519962,False,0.9864933604677157,10.324358016274136,True,1.0,10.51768556635225,19.036844912865117,0.5423355636677444,0.011342081639556117,0.6457230254950309,0.5961521659616402,False,20,0.08261560000028112,0.0074568350000845385,0.05144121400007862
8,2,4,3,24,6561,0.0,0.0,12.0,0,10.035533407574393,54,0,False,10.035533407574395,10.035533407574393,True,1.0,10.039719410549637,False,0.9995830557803393,10.035533407574393,True,1.0,10.198633412618832,16.70891647989841,0.6006094661881636,0.000694241500410889,0.9606854672851052,0.9141316305955245,False,20,0.08437050100019405,0.013441700000385026,0.09037645300031727
9,2,4,3,24,6561,0.0,0.0,12.0,0,10.251624569952545,54,0,False,10.251624569952545,10.251624569952545,True,1.0,10.318257588407175,False,0.9935422218447528,10.251624569952545,True,1.0,10.54292320890318,23.3062877867696,0.43986518418313436,0.00010567152260745815,0.6355577549420615,0.6507331942520413,False,20,0.19427127400012978,0.00762466600008338,0.051101215000016964
10,2,4,3,24,6561,0.0,0.0,12.0,0,9.511711383690608,54,0,False,9.511711383690606,9.511711383690608,True,1.0,9.665266843079305,False,0.9841126518406837,9.511711383690608,True,1.0,9.595906899618699,11.076981673068678,0.8586916241647586,0.5059245930918804,1.0,0.9891632566108163,False,20,0.08372847999999067,0.007283639999968727,0.05102264199967976
11,2,4,3,24,6561,0.0,0.0,12.0,0,10.23555207091052,54,0,False,10.235552070910522,10.23555207091052,True,1.0,20.698468820142555,False,0.4945076932912966,10.23555207091052,True,1.0,15.403343479093044,25.70142127263136,0.3982484844840094,0.4636164091104677,1.0,0.7811475189574196,False,20,0.08249665599987566,0.007447367999702692,0.05023142899972299
12,2,4,3,24,6561,0.0,0.0,12.0,0,10.59993922839199,54,0,False,10.59993922839199,10.59993922839199,True,1.0,16.210635224815086,False,0.6538879619082234,10.59993922839199,True,1.0,10.78080797869254,22.67286119074008,0.4675166111245438,0.0016730749576934544,0.9702205977085456,0.699361789271917,False,20,0.08298688100012441,0.007493602000067767,0.05223759599994082
13,2,4,3,24,6561,0.0,0.0,12.0,0,9.732927271546387,54,0,False,9.732927271546389,9.732927271546387,True,1.0,9.732927271546387,True,1.0,9.732927271546387,True,1.0,10.028453503084586,15.581468694050335,0.6246476158735172,0.3354514002258887,1.0,0.9413089559999613,False,20,0.08359679100021822,0.007180819000041083,0.05016313899977831
14,2,4,3,24,6561,0.0,0.0,12.0,0,9.968155244566804,54,0,False,9.968155244566802,9.968155244566804,True,1.0,21.049380213573052,False,0.47356051073366723,9.968155244566804,True,1.0,10.00305065726496,19.100008796016414,0.5218927043973827,0.0009333553747344269,0.9887517168079994,0.7779138041240081,False,20,0.0828125549996912,0.007304147000013472,0.05071142199994938
15,2,4,3,24,6561,0.0,0.0,12.0,0,9.91273855221023,54,0,False,9.912738552210229,9.91273855221023,True,1.0,9.924804559872875,False,0.9987842574037751,9.91273855221023,True,1.0,10.210064336138796,22.192664299662283,0.44666735000182367,0.0001743121368201872,0.9540241043055196,0.6822919150482856,False,20,0.08420309199982512,0.0072954130000653095,0.05011537100017449
16,2,4,3,24,6561,0.0,0.0,12.0,0,10.279736948260616,54,0,False,10.279736948260615,10.279736948260616,True,1.0,10.422427183966915,False,0.986309308456882,10.279736948260616,True,1.0,10.444883004282921,18.501878884126985,0.5556050286914236,0.21815060646824982,1.0,0.926628847385587,False,20,0.08276862599996093,0.007369284000105836,0.05085412000016731
17,2,4,3,24,6561,0.0,0.0,12.0,0,16.06899163944637,54,0,False,16.068991639446367,16.06899163944637,True,1.0,16.13591297585502,False,0.9958526464223755,16.06899163944637,True,1.0,16.170743641887015,20.779237835887383,0.7733195878673641,0.003175002729502546,0.9970108715347925,0.9571433802476529,False,20,0.08454923899989808,0.007437822000156302,0.05114036800023314
18,2,4,3,24,6561,0.0,0.0,12.0,0,10.086432669955684,54,0,False,10.086432669955684,10.086432669955684,True,1.0,10.39308354696103,False,0.970494716450633,10.086432669955684,True,1.0,10.182099130318852,15.475346132818416,0.6517742855887071,5.791958373657977e-06,0.9328132313893982,0.8248970537103802,False,20,0.08190976700007013,0.007458281999788596,0.051344653999876755
19,2,4,3,24,6561,0.0,0.0,12.0,0,16.09019660747733,54,0,False,16.09019660747733,16.09019660747733,True,1.0,21.11542239266703,False,0.762011590782344,16.09019660747733,True,1.0,16.213664232663373,22.082537987386115,0.7286389189806126,0.00025719300650139655,0.9911207095262797,0.9324707576399426,False,20,0.08189774399988892,0.00708324100014579,0.05027377099986552
20,2,4,3,24,6561,0.0,0.0,12.0,0,10.48653777037687,54,0,False,10.486537770376872,10.48653777037687,True,1.0,21.216012820288878,False,0.49427467164558797,10.48653777037687,True,1.0,10.552399655216778,22.180158383273415,0.47278912932763445,0.530364163402314,1.0,0.930392244372961,False,20,0.0844680810000682,0.007332062000386941,0.05075992000001861
21,2,4,3,24,6561,0.0,0.0,12.0,0,10.354209902531952,54,0,False,10.354209902531952,10.354209902531952,True,1.0,10.35785954192744,False,0.9996476454058183,10.354209902531952,True,1.0,10.66739796599769,20.50818422630935,0.5048818456218488,0.0025535690172200816,0.9984366765398711,0.7398527950115309,False,20,0.08288767699968957,0.007389958000203478,0.0513408229999186
22,2,4,3,24,6561,0.0,0.0,12.0,0,10.184505098335293,54,0,False,10.184505098335292,10.184505098335293,True,1.0,10.215139887079719,False,0.9970010407020297,10.184505098335293,True,1.0,10.352006675553872,15.721804977435276,0.6477949009641454,7.788183992454768e-07,0.9939349825762601,0.757231903379434,False,20,0.08328858100003345,0.0072347919999629084,0.051915602999997645
23,2,4,3,24,6561,0.0,0.0,12.0,0,9.979861967044227,54,0,False,9.979861967044227,9.979861967044227,True,1.0,20.734936112881826,False,0.4813066176193386,9.979861967044227,True,1.0,15.151848041421601,26.34604378468994,0.3787992629407102,0.3157671500415683,1.0,0.6799254098569247,False,20,0.08353814700012663,0.007414564000100654,0.051052886999968905
24,2,4,3,24,6561,0.0,0.0,12.0,0,10.145750737983333,54,0,False,10.145750737983331,10.145750737983333,True,1.0,10.330699956848674,False,0.9820971260768511,10.145750737983333,True,1.0,10.508410203388111,27.01058299303887,0.37562131630398654,7.387065904422847e-07,0.9155003431927667,0.5218567255594725,False,20,0.08262619199967958,0.007413959000132309,0.05195779899986519
25,2,4,3,24,6561,0.0,0.0,12.0,0,10.029224117617769,54,0,False,10.029224117617769,10.029224117617769,True,1.0,10.169573237084009,False,0.9861991141423272,10.029224117617769,True,1.0,10.300126876124583,18.8475576669911,0.5321232753240264,3.057947045176774e-06,0.6290716137655036,0.5617579856526046,False,20,0.08260793599993121,0.007521396999891294,0.05152903200041692
26,2,4,3,24,6561,0.0,0.0,12.0,0,10.117026633452163,54,0,False,10.117026633452163,10.117026633452163,True,1.0,20.837306555015918,False,0.4855246817404436,10.117026633452163,True,1.0,10.181212815232318,18.35444081900042,0.5512032065274944,5.9748405871778994e-05,0.9541729252110168,0.6610668294816099,False,20,0.08360524599993369,0.007342906999838306,0.05088656699990679
27,2,4,3,24,6561,0.0,0.0,12.0,0,15.47863307144523,54,0,False,15.47863307144523,15.47863307144523,True,1.0,20.525570347632367,False,0.7541146389255243,15.47863307144523,True,1.0,15.653902289652493,17.82827107743095,0.8682071864522994,1.7288570508171235e-06,0.9129400019701503,0.9314612013560926,False,20,0.08312384000009843,0.007332169000164868,0.052161621999857744
28,2,4,3,24,6561,0.0,0.0,12.0,0,10.377482670305605,54,0,False,10.377482670305607,10.377482670305605,True,1.0,10.377482670305605,True,1.0,10.377482670305605,True,1.0,10.58240586698971,21.416330782938168,0.4845593194971136,0.0001410037523771777,0.9133893080137586,0.7164058209048624,False,20,0.0814401950001411,0.007487524000225676,0.051112061999901925
29,2,4,3,24,6561,0.0,0.0,12.0,0,10.467320004362339,54,0,False,10.46732000436234,10.467320004362339,True,1.0,10.553555199636616,False,0.991828801418763,10.467320004362339,True,1.0,10.487803312612884,22.750211121944105,0.4600977084676769,1.9482072218153615e-05,0.9655653876653945,0.5933743674404528,False,20,0.08516992400018353,0.007506135000312497,0.051711979999709
30,2,4,3,24,6561,0.0,0.0,12.0,0,10.22463366848349,54,0,False,10.224633668483488,10.22463366848349,True,1.0,21.02735271113383,False,0.4862539668661962,10.22463366848349,True,1.0,10.496361355692187,22.714617616480172,0.450134527515233,0.2217836198251228,1.0,0.7617009528449112,False,20,0.08264084399979765,0.007264355000188516,0.05131175399992571
1,2,4,3,24,6561,1.0,0.5,12.0,0,16.66331241170328,90,36,True,15.870565440303416,18.9745525352902,False,0.8781926414713436,22.790315907735657,False,0.7311575881248445,16.66331241170328,True,1.0,16.97193925462143,26.688005299341853,0.6243745916864836,2.6637439302422268e-08,0.831300408178531,0.8263435424612455,False,20,0.09732549199998175,0.008555182999771205,0.05813868500035824
2,2,4,3,24,6561,1.0,0.5,12.0,0,11.700047840265526,90,36,True,10.548325643153243,13.762339867211034,False,0.8501496077815265,12.30470596031225,False,0.9508596042849788,11.700047840265526,True,1.0,11.70577858189813,22.056910027589776,0.5304481827069422,0.00031198817174128235,0.6575927121840757,0.5395772804852819,False,20,0.09636884900010045,0.008523537000201031,0.0591216290004013
3,2,4,3,24,6561,1.0,0.5,12.0,0,10.70376065816401,82,28,True,10.075439055853884,12.452997102913116,False,0.8595328955517134,11.530157680804328,False,0.9283273442117689,10.70376065816401,True,1.0,11.156477557984983,26.19425872597923,0.40863002729480247,2.066737420851977e-05,0.5463518846300046,0.4797233179657311,False,20,0.09643592199972773,0.008291032999750314,0.05713155300009021
4,2,4,3,24,6561,1.0,0.5,12.0,0,11.3505531925989,90,36,True,10.589941819283156,13.820921971072648,False,0.821258756568899,13.118255467715864,False,0.8652486773513983,11.3505531925989,True,1.0,11.604822238319136,20.259644603606837,0.5602543092280184,0.0005781723083947435,0.9558181811618242,0.6789788072386668,False,20,0.0992793690002145,0.008441390999905707,0.05857480300028328
5,2,4,3,24,6561,1.0,0.5,12.0,0,10.745042672503912,82,28,True,10.100744518554485,13.100744518554485,False,0.8201856510739363,10.817692053571308,False,0.9932842069539767,10.765328694619745,False,0.998115615166867,10.80633931298305,19.54607522276965,0.5497289123284851,1.0219058396661243e-05,0.6049438079470794,0.5710097488235719,False,20,0.09512322799992035,0.007900026999777765,0.05742764700016778
6,2,4,3,24,6561,1.0,0.5,12.0,0,16.821284944366035,88,34,True,15.852560055443675,19.08807343481055,False,0.8812458209475129,23.875504271952597,False,0.7045415565997739,16.821284944366035,True,1.0,17.138747970026166,24.752691249510562,0.679573981463476,0.00018555358964053795,0.7139923429049866,0.7252156664734941,False,20,0.09606267300023319,0.008247993000168208,0.05845339600000443
7,2,4,3,24,6561,1.0,0.5,12.0,0,10.65358039661624,80,26,True,10.324358016274136,13.409971683438094,False,0.7944521172832811,11.375706029489805,False,0.936520367966475,10.65358039661624,True,1.0,10.957895071355223,20.634648938607675,0.516295694116863,0.0003488286501157442,0.4920216794682589,0.5234777228197685,False,20,0.09524052400001892,0.008419635999871389,0.058030151999901136
8,2,4,3,24,6561,1.0,0.5,12.0,0,10.991982060119286,88,34,True,10.035533407574395,14.035533407574393,False,0.7831538525060523,11.381324083766156,False,0.965791148658862,11.044903498466912,False,0.9952085196258191,11.297579242718108,18.66290904113951,0.5889747432133519,0.0005363710808416054,0.9773427519064647,0.8497160921741392,False,20,0.09744590399986919,0.008491825999954017,0.05832555999995748
9,2,4,3,24,6561,1.0,0.5,12.0,0,10.724522736176102,80,26,True,10.251624569952545,12.455866115296311,False,0.8610017671116383,10.815723751360808,False,0.9915677381115404,10.791752287072782,False,0.9937702840921198,11.101325418284034,24.9208927690673,0.43034263802490097,0.00011911816060828257,0.457463425622745,0.4767271367347028,False,20,0.09496879400012403,0.008314163999784796,0.05834457000037219
10,2,4,3,24,6561,1.0,0.5,12.0,0,10.836756623355068,88,34,True,9.511711383690606,13.511711383690608,False,0.8020269465225286,10.933182264263484,False,0.9911804597620588,10.837283951753827,False,0.999951341276919,11.090470143602797,13.172315433172649,0.8226918553790626,0.00018058871863111788,0.9485894393883401,0.8287373504934163,False,20,0.09822719300018434,0.008186438999928214,0.05868048999991515
11,2,4,3,24,6561,1.0,0.5,12.0,0,11.523084376286095,84,30,True,10.235552070910522,14.23555207091052,False,0.8094582014724117,16.19322966833179,False,0.7115988973355426,11.523084376286095,True,1.0,16.312660183904313,27.45584793650944,0.41969508291759083,0.0002398792164441754,0.4128355237671565,0.43022728770133684,False,20,0.09546857999976055,0.0083896480000476,0.05845502600004693
12,2,4,3,24,6561,1.0,0.5,12.0,0,12.629159449211558,88,34,True,10.59993922839199,14.59993922839199,False,0.8650145217489723,17.25095215023493,False,0.7320847764938916,12.629159449211558,True,1.0,12.900457129462978,24.547604020963945,0.5144762575779741,0.0003863899362061229,0.8461585227389429,0.6333098319825519,False,20,0.09548309599995264,0.008700861000306759,0.05845792500031166
13,2,4,3,24,6561,1.0,0.5,12.0,0,10.578689340156345,84,30,True,9.732927271546389,13.732927271546387,False,0.7703156895088645,11.89264940988079,False,0.8895149411675446,10.627694079673583,False,0.9953889583996434,10.821805576826618,17.428665096593537,0.6069707164333525,0.0002012131476471563,0.8333185300119421,0.6509048616879038,False,20,0.09639794500026255,0.008400776000144106,0.058041140000113955
14,2,4,3,24,6561,1.0,0.5,12.0,0,10.380875358606394,86,32,True,9.968155244566802,12.99355483108762,False,0.798924966535695,15.441490702740097,False,0.6722715804092868,10.481938380865317,False,0.9903583651623622,11.277527194788458,20.788911321322168,0.4993467526103322,2.2027884396254884e-08,0.7403057410636613,0.7446866574220934,False,20,0.09574028599990925,0.008596670999850176,0.058035618999838334
15,2,4,3,24,6561,1.0,0.5,12.0,0,11.591813479286994,86,32,True,9.912738552210229,13.91273855221023,False,0.8331798542599275,16.801918595849322,False,0.6899101083700399,11.591813479286994,True,1.0,12.535947422519392,23.821348878420675,0.48661448763666804,2.199422353208845e-06,0.5492908654561194,0.5076778464808333,False,20,0.09644376699998247,0.008358140999916941,0.05924505600023622
16,2,4,3,24,6561,1.0,0.5,12.0,0,11.526823315972038,88,34,True,10.279736948260615,14.279736948260616,False,0.8072153820295755,11.720264541482457,False,0.9834951485245271,11.526823315972038,True,1.0,11.676558203127767,20.38687380033373,0.5654041629366119,6.788700429676659e-06,0.8934305233096871,0.7745285223434879,False,20,0.09692961099972308,0.008560956000110309,0.05897216199991817
17,2,4,3,24,6561,1.0,0.5,12.0,0,16.70489514085102,84,30,True,16.068991639446367,18.32525903515244,False,0.9115775721809358,16.70489514085102,True,1.0,16.70489514085102,True,1.0,16.797069728091337,22.552374732538087,0.74071557159564,1.9196557149810256e-05,0.8303800616089799,0.7879228924374034,False,20,0.09578112000008332,0.008229748000303516,0.05794703899982778
18,2,4,3,24,6561,1.0,0.5,12.0,0,10.475210386094286,86,32,True,10.086432669955684,12.478674882807791,False,0.8394489386470247,10.668535739925433,False,0.981878923355184,10.475210386094286,True,1.0,10.689362616038666,17.294110542369136,0.6057096929287511,0.00031208096425796103,0.8675566222040259,0.6383545947378447,False,20,0.09636025800000425,0.008761300000060146,0.05906973699984519
19,2,4,3,24,6561,1.0,0.5,12.0,0,16.863272518290636,88,34,True,16.09019660747733,19.338406867876003,False,0.8720093973357786,28.456407921380112,False,0.5926001821762182,16.875558070612488,False,0.999271991345682,17.30491109730375,23.864333048340512,0.7066307901474448,0.00156721382059975,0.9863136105055341,0.8129352157741786,False,20,0.0953973919999953,0.008291559000099369,0.05837421300020651
20,2,4,3,24,6561,1.0,0.5,12.0,0,12.168212411991643,90,36,True,10.486537770376872,14.48653777037687,False,0.8399669130655975,16.351017953789878,False,0.744186841845603,12.168212411991643,True,1.0,12.900386669469892,24.10466958034273,0.5048072686262738,3.822766942242032e-06,0.8399669130655975,0.7044467293830965,False,20,0.09666840899990348,0.008553355000003648,0.058981197999855794
21,2,4,3,24,6561,1.0,0.5,12.0,0,10.531926967235524,76,22,True,10.354209902531952,14.354209902531952,False,0.7337169400997674,10.787667540219147,False,0.9762932467069311,10.531926967235524,True,1.0,11.794326442632023,21.97045461227397,0.4793677305772171,0.0019830713756232273,0.9664968278608506,0.5974755863272538,False,20,0.09368248200007656,0.00807127500002025,0.05649189799987653
22,2,4,3,24,6561,1.0,0.5,12.0,0,11.058735828710947,90,36,True,10.184505098335292,14.184505098335293,False,0.7796349433445381,12.040667425014693,False,0.918448740286293,11.058735828710947,True,1.0,11.16596014551722,17.731492889306843,0.6236776507058822,0.00018348753825551451,0.6433368506887053,0.6707144060002438,False,20,0.09778937500004758,0.00829436000003625,0.05981857599999785
23,2,4,3,24,6561,1.0,0.5,12.0,0,12.859053611131786,86,32,True,9.979861967044227,13.979861967044227,False,0.9198269368785896,17.09078078668154,False,0.7523970830608603,12.859053611131786,True,1.0,16.782384050881163,28.163453800545494,0.45658652884692436,0.0010668150334134589,0.9198269368785896,0.5932019287531329,False,20,0.09543773499990493,0.008410918000208767,0.057775303999733296
24,2,4,3,24,6561,1.0,0.5,12.0,0,10.965600365467191,82,28,True,10.145750737983331,13.357751026921166,False,0.8209166605491566,11.054100169513514,False,0.9919939386572233,10.965600365467191,True,1.0,11.939911888681387,28.692726052382692,0.3821735287699019,2.0656723506622923e-05,0.4785750700322387,0.4444891029997707,False,20,0.09574731700013217,0.008331423000072391,0.05773295999961192
25,2,4,3,24,6561,1.0,0.5,12.0,0,10.695928149225843,82,28,True,10.029224117617769,12.281183773864429,False,0.8709199655482588,11.72612840708407,False,0.9121448936858089,10.695928149225843,True,1.0,10.796235872483724,20.566438166935804,0.5200671143154697,8.759679405318553e-05,0.9381508758206932,0.5515804267452736,False,20,0.0943285050002487,0.008059846999913134,0.057414248999975825
26,2,4,3,24,6561,1.0,0.5,12.0,0,11.806220203682123,90,36,True,10.117026633452163,14.117026633452163,False,0.8363106842701368,15.647088288156034,False,0.7545314493188339,11.806220203682123,True,1.0,12.107234262435528,20.006041466471892,0.590132746823911,3.335258155958366e-05,0.6750960150461951,0.6092483173620824,False,20,0.09729430599963962,0.008785114000147587,0.0596167499998046
27,2,4,3,24,6561,1.0,0.5,12.0,0,16.05722201692445,84,30,True,15.47863307144523,18.47863307144523,False,0.8689615706335685,22.26591936065487,False,0.7211569285254155,16.157236993054834,False,0.9938098960748439,16.157236993054834,19.628527802339566,0.8180553416242737,0.0001479277714949862,0.9415298029206061,0.8605546769115348,False,20,0.09618477000003622,0.008256135000010545,0.058444801999939955
28,2,4,3,24,6561,1.0,0.5,12.0,0,11.046867853586173,82,28,True,10.377482670305607,14.377482670305605,False,0.768345064772828,11.258206338967373,False,0.9812280500980244,11.063954472090073,False,0.9984556499624974,11.498938300958988,23.245417370742743,0.47522776973194014,1.4197918181771127e-05,0.5731284521563093,0.5005927396386174,False,20,0.0941661510000813,0.008329962000061641,0.058569370999975945
29,2,4,3,24,6561,1.0,0.5,12.0,0,11.989553327927885,86,32,True,10.46732000436234,14.467320004362339,False,0.8287335404423672,12.148694330354926,False,0.9869005674108197,11.989553327927885,True,1.0,12.617817697367053,24.534830030290514,0.488674806922472,0.00041920267261698146,0.7145208563582297,0.5572460609581066,False,20,0.09672746100022778,0.008295759000247926,0.058563484999922366
30,2,4,3,24,6561,1.0,0.5,12.0,0,12.326571698721878,86,32,True,10.224633668483488,14.22463366848349,False,0.8665651422737858,16.242381457120487,False,0.758914062649233,12.326571698721878,True,1.0,13.770036786647735,24.737306923966273,0.49829885430169896,5.957278375028443e-06,0.45724905177290925,0.5250259972541923,False,20,0.09694446899993636,0.008468501000152173,0.05794711799990182
1,2,4,3,24,6561,3.0,1.5,12.0,0,17.429781855083682,90,36,True,15.870565440303416,25.182526725263774,False,0.6921379274303585,26.187224051495026,False,0.6655834089481744,17.429781855083682,True,1.0,18.327492558451503,30.335707488429676,0.5745632226224348,1.5676551838484505e-05,0.576604896062446,0.6308949819235001,False,20,0.09760854299975108,0.008498883999891405,0.05925347199990938
2,2,4,3,24,6561,3.0,1.5,12.0,0,13.031575718893784,90,36,True,10.548325643153243,20.19036831532662,False,0.6454352647445982,15.382894082690727,False,0.8471472044754755,13.031575718893784,True,1.0,13.037306460526388,25.748923794954425,0.506101762647158,4.962636995823253e-05,0.8290074672473271,0.5856867831945296,False,20,0.09631566999996721,0.008138890999816795,0.059815579000314756
3,2,4,3,24,6561,3.0,1.5,12.0,0,11.65158323656601,82,28,True,10.075439055853884,17.208113197031572,False,0.6770982444824879,14.00548320024256,False,0.8319301140830483,11.65158323656601,True,1.0,12.040291579333696,29.54936203000508,0.3943091300832394,1.977157423156881e-06,0.41572555276571654,0.404891232824923,False,20,0.09765861500000028,0.008221668000260252,0.05697825300012482
4,2,4,3,24,6561,3.0,1.5,12.0,0,12.51365050422884,90,36,True,10.589941819283156,20.28288227465163,False,0.6169562261803232,17.988398446840414,False,0.6956511743504775,12.51365050422884,True,1.0,13.37206583556313,24.20389392368725,0.517009806094973,0.00015393364716048113,0.6004967125701685,0.5299685850992729,False,20,0.09870949700007259,0.00845982200007711,0.059111114000188536
5,2,4,3,24,6561,3.0,1.5,12.0,0,11.741019973689127,82,28,True,10.100744518554485,19.100744518554485,False,0.6146891270276866,11.813669354756527,False,0.9938503966138049,11.741019973689127,True,1.0,11.80231661416827,23.068235231844454,0.5089691454802439,9.925218603216824e-06,0.4996588608885094,0.5021980027602004,False,20,0.09473497399994812,0.008212398000068788,0.058462217999931454
6,2,4,3,24,6561,3.0,1.5,12.0,0,17.942958882918948,88,34,True,15.852560055443675,25.559100193544293,False,0.7020184101571374,28.87922484039871,False,0.6213102665352297,17.942958882918948,True,1.0,18.653965501839238,28.62778902323972,0.6267671900317923,2.0951284553952287e-05,0.6829896355576964,0.708767409896911,False,20,0.09866564200001449,0.008467509000183782,0.058164189999843074
7,2,4,3,24,6561,3.0,1.5,12.0,0,10.88524340980311,80,26,True,10.324358016274136,19.58119901776601,False,0.5559028024753201,12.561898898092709,False,0.8665285000387825,10.88524340980311,True,1.0,11.142860767648743,23.830256990092803,0.4567824599763462,0.0011280013833730599,0.6446452428732377,0.46878064291996546,False,20,0.09430973799999265,0.008431248999841046,0.05706415599979664
8,2,4,3,24,6561,3.0,1.5,12.0,0,12.051063200336948,88,34,True,10.035533407574395,22.03553340757439,False,0.5468922842682161,12.969764313224376,False,0.9291659361958727,12.051063200336948,True,1.0,12.773636658975407,22.57089416362171,0.5339205045655685,4.2403555495316196e-05,0.5894438277412885,0.590915460935143,False,20,0.09649670799990417,0.008539570000266394,0.05923350800003391
9,2,4,3,24,6561,3.0,1.5,12.0,0,10.994227131430858,80,26,True,10.251624569952545,16.864349205983842,False,0.6519212213377237,11.137551540512572,False,0.9871314257392771,10.994227131430858,True,1.0,11.663777117666834,28.1501027336627,0.39055726493969933,6.658394517375107e-05,0.43237773536506613,0.4536916833059345,False,20,0.09643444499988618,0.008249758000147267,0.05662082599974383
10,2,4,3,24,6561,3.0,1.5,12.0,0,12.790987932663413,88,34,True,9.511711383690606,21.51171138369061,False,0.5946057802895715,12.88680392283836,False,0.9925647980097578,12.84866737472285,False,0.9955108619145273,13.115711855792084,17.362982953380588,0.7366814773133782,0.00011684919089823187,0.7149516512794621,0.7617123561984465,False,20,0.09690034100003686,0.008442635999927006,0.05947599799992531
11,2,4,3,24,6561,3.0,1.5,12.0,0,13.288433469107856,84,30,True,10.235552070910522,22.235552070910522,False,0.5976210272059015,17.74120388517794,False,0.7490153179632757,13.288433469107856,True,1.0,17.86063440075047,30.964701264265614,0.4291478014174543,0.00016187010853891746,0.43947935690802303,0.48338628391374266,False,20,0.09453753400021014,0.008866752999892924,0.05971540200016534
12,2,4,3,24,6561,3.0,1.5,12.0,0,16.270720629896427,88,34,True,10.59993922839199,22.59993922839199,False,0.7199453266429915,18.995677102356886,False,0.8565486000958418,16.270720629896427,True,1.0,17.139755431003856,28.297089681411695,0.5749962562611035,9.661182441666456e-06,0.7185363908093301,0.613925245620241,False,20,0.09687815900042551,0.008466520999718341,0.0586591250003039
13,2,4,3,24,6561,3.0,1.5,12.0,0,11.551217477531194,84,30,True,9.732927271546389,21.732927271546387,False,0.5315076672922248,15.09057483337561,False,0.7654590766140684,11.551217477531194,True,1.0,12.251512495955469,21.123057901679946,0.5468534684370917,0.0001058946276733808,0.5045641983921326,0.5564680778979967,False,20,0.09601383499966687,0.00842476900015754,0.05885898199994699
14,2,4,3,24,6561,3.0,1.5,12.0,0,10.760988410392956,86,32,True,9.968155244566802,19.044354004129254,False,0.5650487492544891,15.770804581485026,False,0.6823360440992586,10.760988410392956,True,1.0,13.574242418731274,24.166716371933664,0.4452813632095411,3.786007492220074e-05,0.8941025634762585,0.5501291003854681,False,20,0.09558456900003875,0.008566865999910078,0.05816588299967407
15,2,4,3,24,6561,3.0,1.5,12.0,0,14.228579570853848,86,32,True,9.912738552210229,21.91273855221023,False,0.6493291350577759,17.853598720142323,False,0.7969586296795866,14.228579570853848,True,1.0,16.67348577089318,27.07871803593748,0.525452480873371,8.005213155545148e-05,0.7445921147614705,0.5860480980637685,False,20,0.09653630799994062,0.00845481500027745,0.05798532400012846
16,2,4,3,24,6561,3.0,1.5,12.0,0,13.003086756750205,88,34,True,10.279736948260615,22.279736948260616,False,0.5836283788694084,13.430579786935112,False,0.968170173070208,13.003086756750205,True,1.0,13.42784505094217,24.156863632747232,0.5382771105733742,0.0028348397325923943,0.7417848120917422,0.6495071060797744,False,20,0.09670735100007732,0.008542296000086935,0.05945812800018757
17,2,4,3,24,6561,3.0,1.5,12.0,0,17.58914449092706,84,30,True,16.068991639446367,22.837793826564575,False,0.7701770418151176,17.91082508458978,False,0.9820398785570469,17.58914449092706,True,1.0,17.698957492738803,26.098648525839476,0.6739484794974185,0.0003397546612654758,0.988136575461143,0.6952661946917532,False,20,0.09650832199986326,0.008243647000199417,0.058140639000157535
18,2,4,3,24,6561,3.0,1.5,12.0,0,10.881474978463697,86,32,True,10.086432669955684,17.26315930851201,False,0.6303292916435248,11.60138597109314,False,0.937946121745865,10.881474978463697,True,1.0,11.12560898609588,20.931639361470584,0.5198577517293516,0.00029463763850898835,0.5027317695009524,0.5718356327183209,False,20,0.09593981100033488,0.008417192999786494,0.05839623700012453
19,2,4,3,24,6561,3.0,1.5,12.0,0,17.600939665262736,88,34,True,16.09019660747733,25.83482738867335,False,0.6812872948777448,31.018792199364913,False,0.5674282722595209,17.600939665262736,True,1.0,18.83018886120467,27.427923170249322,0.6417160918823859,0.0014571684438236584,0.6257372974080382,0.7078776126206566,False,20,0.09603990799996609,0.008367157000066072,0.05899003199965591
20,2,4,3,24,6561,3.0,1.5,12.0,0,14.810373382873141,90,36,True,10.486537770376872,22.48653777037687,False,0.6586328911151413,17.750230044856252,False,0.8343764190912536,14.810373382873141,True,1.0,16.72673860606071,27.953691974481348,0.5298181505467466,0.00034111502387554164,0.9845748626338636,0.6798998139919625,False,20,0.09873169499996948,0.008311689000038314,0.0591015699997115
21,2,4,3,24,6561,3.0,1.5,12.0,0,10.531926967235524,76,22,True,10.354209902531952,22.354209902531952,False,0.4711384125476349,11.050927459549905,False,0.9530355715197574,10.531926967235524,True,1.0,13.861481782548198,24.894995384203213,0.4230539835294935,2.7605616119780223e-05,0.7074212697416904,0.5303379232831028,False,20,0.09182041200028834,0.008000525000170455,0.05625403600015488
22,2,4,3,24,6561,3.0,1.5,12.0,0,12.452746533817912,90,36,True,10.184505098335292,22.184505098335293,False,0.5613263166620001,12.607355789692475,False,0.987736583431637,12.452746533817912,True,1.0,12.676541192493296,21.75086871304997,0.572517203708125,0.00012655943329566206,0.698279780214745,0.6385493237378571,False,20,0.09697060300004523,0.008390164000047662,0.0585780189999241
23,2,4,3,24,6561,3.0,1.5,12.0,0,17.469163014134967,86,32,True,9.979861967044227,21.97986196704423,False,0.7947803785268337,20.53234922683211,False,0.8508117030907449,17.469163014134967,True,1.0,18.27054400169047,31.798273832256633,0.5493745700250556,5.32709089830165e-05,0.6343522825910938,0.5879339343243177,False,20,0.0970628090003629,0.008330047000072227,0.05911554400017849
24,2,4,3,24,6561,3.0,1.5,12.0,0,11.82860373605374,82,28,True,10.145750737983331,19.78175160479683,False,0.5979553263213279,11.917103540100063,False,0.9925737152699455,11.844547209075314,False,0.9986539398475817,14.802915259267936,32.05701217107034,0.3689864692608001,2.0753974183271476e-05,0.5290897709416946,0.43462409449425254,False,20,0.09499200700020083,0.008351972999662394,0.05666486000018267
25,2,4,3,24,6561,3.0,1.5,12.0,0,11.688146141944124,82,28,True,10.029224117617769,16.78510308635775,False,0.6963404443696133,14.257424000751625,False,0.819793683720702,11.783731684649005,False,0.9918883469801503,11.788453865202005,24.004199166825217,0.4869208949948065,6.3792014007157715e-06,0.4173565683580808,0.49989569537358486,False,20,0.09356623499979833,0.008431759000359307,0.05808451300026718
26,2,4,3,24,6561,3.0,1.5,12.0,0,14.870359683206718,90,36,True,10.117026633452163,22.117026633452163,False,0.672348952219246,16.792457982673128,False,0.8855380015570277,14.870714017347758,False,0.9999761723518705,15.596577591601445,23.30924276141483,0.6379597928347336,0.0022875938550996617,0.7421448172614795,0.6603054259291692,False,20,0.09841021600004751,0.008618554999884509,0.05954777299984926
27,2,4,3,24,6561,3.0,1.5,12.0,0,16.75917988229962,84,30,True,15.47863307144523,24.47863307144523,False,0.6846452509576406,25.269899416135573,False,0.6632072255736163,16.75917988229962,True,1.0,17.161217048535537,23.229041252156787,0.7214753161947031,1.0514422579253472e-05,0.740078462002493,0.7779927065644179,False,20,0.09439884499988693,0.008230795999679685,0.05838967599993339
28,2,4,3,24,6561,3.0,1.5,12.0,0,11.866982323029339,82,28,True,10.377482670305607,22.377482670305604,False,0.5303090833705145,12.514323707023772,False,0.9482719642587552,11.884068941533238,False,0.9985622248921677,12.40922788855136,26.90359054635189,0.44109288321883466,0.00021783968594124914,0.6849446041064363,0.5159552013992906,False,20,0.093557459999829,0.008560531000057381,0.0576959530003478
29,2,4,3,24,6561,3.0,1.5,12.0,0,14.27061722763227,86,32,True,10.46732000436234,22.46732000436234,False,0.6351722067812909,15.23767794976735,False,0.9365349021469609,14.27061722763227,True,1.0,16.27135311286829,28.104067846983334,0.5077776393556517,0.00028442334007199613,0.37322135822875857,0.4965280533852026,False,20,0.09802050300004339,0.008560132999718917,0.05836831699980394
30,2,4,3,24,6561,3.0,1.5,12.0,0,16.34337620220807,86,32,True,10.224633668483488,22.22463366848349,False,0.7353721301325399,18.000660929224704,False,0.9079320068561497,16.34337620220807,True,1.0,19.23833743288582,28.782685538938466,0.5678197116144024,0.00013652605629859807,0.6117885661019985,0.5745293913843463,False,20,0.09503461900021648,0.008488006999868958,0.05860450000000128
