Workload Range,Workload,Algorithm,Response Time,Energy Consumption,Cloud Offloading %,Edge Processing %,Latency,Throughput,Cost,SLA Violations,Runtime (s)
5k-15k,5000,Baseline,2158.4415,168.0675,94.0,6.0,2158.4415,6087.995,629.9845,3.0,0.001
5k-15k,5000,PSO,2236.792,124.9165,40.7,59.3,2236.792,5982.7495,418.2725,2.6,0.2431
5k-15k,5000,DE,2372.4745,118.065,41.8,58.2,2372.4745,5682.596,374.935,2.9,0.5248
5k-15k,5000,GA,2219.514,124.785,40.0,60.0,2219.514,6011.736,418.618,2.6,1.3628
5k-15k,5000,Lion,2255.7575,123.8385,40.8,59.2,2255.7575,5944.8795,410.464,2.6,0.3589
5k-15k,5000,Hybrid,2215.719,125.3765,40.0,60.0,2215.719,6021.8425,422.1415,2.6,0.873
5k-15k,10000,Baseline,5401.8825,330.9205,94.3,5.7,5401.8825,9646.0235,1230.654,10.6,0.0039
5k-15k,10000,PSO,5010.0755,237.925,39.75,60.25,5010.0755,10553.2165,773.398,8.15,0.4542
5k-15k,10000,DE,5238.558,223.799,37.5,62.5,5238.558,10106.721,689.497,9.0,0.9448
5k-15k,10000,GA,4918.031,243.973,39.95,60.05,4918.031,10721.431,809.4375,8.15,2.4296
5k-15k,10000,Lion,5027.4675,236.881,39.5,60.5,5027.4675,10510.059,766.5135,8.15,0.6521
5k-15k,10000,Hybrid,4950.4145,241.4225,40.05,59.95,4950.4145,10659.4155,794.647,8.15,1.5829
5k-15k,15000,Baseline,9845.9385,500.2385,94.2333,5.7667,9845.9385,12169.3085,1859.185,26.85,0.0087
5k-15k,15000,PSO,8405.354,350.8225,38.8,61.2,8405.354,14556.5675,1120.225,16.45,0.6694
5k-15k,15000,DE,8663.9895,331.7675,37.1333,62.8667,8663.9895,14133.458,1007.2675,18.55,1.3893
5k-15k,15000,GA,8284.714,360.427,39.1667,60.8333,8284.714,14759.1055,1175.8425,16.45,3.5397
5k-15k,15000,Lion,8456.12,346.5655,38.4667,61.5333,8456.12,14474.1095,1093.892,16.45,0.9492
5k-15k,15000,Hybrid,8330.9785,356.7455,38.9333,61.0667,8330.9785,14683.3685,1154.6375,16.45,2.3041
20k-35k,20000,Baseline,14481.189,632.4505,87.8,12.2,14481.189,14644.225,2312.1615,44.4,0.0152
20k-35k,20000,PSO,12234.722,457.096,37.875,62.125,12234.722,17699.6335,1438.5245,25.45,0.8769
20k-35k,20000,DE,12488.9695,439.8725,37.625,62.375,12488.9695,17351.0685,1331.156,30.05,1.7967
20k-35k,20000,GA,12066.625,470.7285,39.175,60.825,12066.625,17928.787,1518.722,25.45,4.6052
20k-35k,20000,Lion,12260.1185,449.3095,38.1,61.9,12260.1185,17667.009,1393.8445,25.55,1.2462
20k-35k,20000,Hybrid,12144.3075,464.749,38.85,61.15,12144.3075,17827.24,1483.6335,25.45,2.9951
20k-35k,25000,Baseline,19195.5485,754.295,79.08,20.92,19195.5485,17516.0415,2699.088,58.4,0.0237
20k-35k,25000,PSO,16759.339,568.898,38.08,61.92,16759.339,20252.6605,1771.66,33.95,1.0873
20k-35k,25000,DE,16942.035,549.713,37.54,62.46,16942.035,20061.4735,1658.603,41.85,2.2097
20k-35k,25000,GA,16631.2025,584.783,39.38,60.62,16631.2025,20393.9055,1859.7735,33.9,5.6658
20k-35k,25000,Lion,16724.912,565.1435,37.02,62.98,16724.912,20282.551,1751.177,34.65,1.5319
20k-35k,25000,Hybrid,16688.299,579.7045,38.9,61.1,16688.299,20324.648,1832.0855,33.9,3.686
20k-35k,30000,Baseline,24002.044,860.4075,72.6,27.4,24002.044,19950.389,3009.03,74.45,0.038
20k-35k,30000,PSO,21499.364,675.405,37.9667,62.0333,21499.364,22295.725,2089.935,49.0,1.4327
20k-35k,30000,DE,21736.8535,659.313,38.05,61.95,21736.8535,22088.573,1990.0835,58.9,2.9561
20k-35k,30000,GA,21433.79,692.511,39.4667,60.5333,21433.79,22334.247,2185.6965,48.6,7.8281
20k-35k,30000,Lion,21585.1295,668.5265,37.6167,62.3833,21585.1295,22224.302,2045.8455,49.7,2.0677
20k-35k,30000,Hybrid,21498.3385,687.501,39.0167,60.9833,21498.3385,22288.5685,2154.923,48.6,4.8449
20k-35k,35000,Baseline,29421.861,972.0915,68.1857,31.8143,29421.861,22095.6415,3348.781,93.75,0.05
20k-35k,35000,PSO,26906.215,780.986,37.7286,62.2714,26906.215,24098.1185,2391.274,64.85,1.5586
20k-35k,35000,DE,27150.126,768.4715,38.2714,61.7286,27150.126,23946.95,2312.7655,76.8,3.1389
20k-35k,35000,GA,26859.105,799.6205,39.4,60.6,26859.105,24131.995,2503.9475,63.75,8.1641
20k-35k,35000,Lion,26968.0425,775.504,37.2571,62.7429,26968.0425,24067.0915,2359.481,66.4,2.187
20k-35k,35000,Hybrid,26930.5325,797.771,38.9571,61.0429,26930.5325,24068.4475,2484.483,63.85,5.2165
40k-50k,40000,Baseline,35424.7785,1086.8025,64.6625,35.3375,35424.7785,24059.003,3704.323,114.05,0.0619
40k-50k,40000,PSO,32869.727,895.1045,38.2375,61.7625,32869.727,25819.8305,2752.008,83.65,1.7888
40k-50k,40000,DE,33100.234,887.242,38.1625,61.8375,33100.234,25688.8555,2695.924,97.0,3.637
40k-50k,40000,GA,32886.4215,912.3325,39.1875,60.8125,32886.4215,25795.301,2841.8255,82.5,9.2398
40k-50k,40000,Lion,32905.4385,891.642,38.1375,61.8625,32905.4385,25793.7865,2729.863,85.65,2.5905
40k-50k,40000,Hybrid,32887.1945,906.5045,39.0375,60.9625,32887.1945,25802.0605,2811.177,82.65,6.1355
40k-50k,45000,Baseline,41944.162,1201.8195,61.9333,38.0667,41944.162,25838.4555,4062.4695,139.2,0.0779
40k-50k,45000,PSO,39327.875,1012.1945,38.9111,61.0889,39327.875,27397.5725,3112.0545,106.6,1.9676
40k-50k,45000,DE,39586.6575,993.338,38.5444,61.4556,39586.6575,27294.083,2997.09,120.65,3.9663
40k-50k,45000,GA,39429.0515,1024.149,39.4111,60.5889,39429.0515,27349.5045,3174.2265,104.35,10.1784
40k-50k,45000,Lion,39398.2775,1009.083,38.4556,61.5444,39398.2775,27355.6305,3094.621,108.75,2.7759
40k-50k,45000,Hybrid,39390.521,1021.661,39.0556,60.9444,39390.521,27353.198,3164.095,104.55,6.6358
40k-50k,50000,Baseline,48930.643,1317.0355,59.75,40.25,48930.643,27381.742,4414.716,166.1,0.0949
40k-50k,50000,PSO,46360.2565,1127.6255,39.01,60.99,46360.2565,28734.708,3468.6465,132.0,2.1689
40k-50k,50000,DE,46574.1555,1110.917,38.52,61.48,46574.1555,28675.8925,3363.445,146.65,4.3727
40k-50k,50000,GA,46343.7885,1139.362,39.39,60.61,46343.7885,28735.1485,3532.9555,128.55,11.2194
40k-50k,50000,Lion,46503.12,1122.0675,38.17,61.83,46503.12,28692.653,3432.6775,134.6,3.0426
40k-50k,50000,Hybrid,46338.2565,1133.289,38.8,61.2,46338.2565,28745.076,3498.3065,129.55,7.2991
