tasks,cpu,memory,bandwidth,priority,deadline,optimizer
5000,66,1663,465,1,259,GA
5000,52,761,688,5,90,GA
5000,94,1991,922,2,88,GA
5000,98,2622,211,3,363,GA
5000,96,2844,737,3,202,GA
5000,76,389,241,5,139,GA
5000,30,3019,336,4,80,GA
5000,56,1648,314,2,146,GA
5000,44,2695,692,1,303,GA
5000,37,3643,823,1,115,GA
5000,82,4028,22,5,267,GA
5000,94,2678,936,2,311,GA
5000,40,1337,982,1,459,GA
5000,94,3369,620,3,195,GA
5000,76,376,665,3,304,GA
5000,59,969,515,3,321,GA
5000,32,1444,956,3,224,GA
5000,92,2823,850,2,319,GA
5000,69,1105,780,5,269,GA
5000,87,2702,817,3,390,GA
5000,39,3681,439,1,439,GA
5000,78,918,337,2,139,GA
5000,44,2946,193,5,145,GA
5000,95,759,504,5,439,GA
5000,88,1491,462,4,307,GA
5000,16,2603,152,1,434,GA
5000,89,1134,850,4,215,GA
5000,70,639,113,4,264,GA
5000,72,527,829,5,231,GA
5000,66,562,64,4,463,GA
5000,41,3872,703,4,133,GA
5000,23,2779,785,1,437,GA
5000,85,2360,502,1,154,GA
5000,53,1387,708,5,359,GA
5000,79,2359,165,5,451,GA
5000,54,4091,828,1,231,GA
5000,88,1294,543,5,468,GA
5000,43,1248,863,2,208,GA
5000,25,1961,513,5,297,GA
5000,42,2783,757,3,112,GA
5000,61,665,199,4,355,GA
5000,100,2809,450,3,287,GA
5000,76,835,987,5,88,GA
5000,21,2186,392,3,422,GA
5000,13,3396,35,3,243,GA
5000,15,2448,367,2,148,GA
5000,61,3052,550,4,272,GA
5000,13,4000,755,4,135,GA
5000,20,1070,139,2,187,GA
5000,82,848,425,3,397,GA
5000,88,1875,759,1,147,GA
5000,90,664,544,2,343,GA
5000,78,3245,82,3,103,GA
5000,38,2701,118,3,295,GA
5000,54,4082,812,5,165,GA
5000,24,672,638,1,123,GA
5000,75,1105,603,3,399,GA
5000,44,2236,562,4,84,GA
5000,25,458,490,5,341,GA
5000,25,3347,782,1,67,GA
5000,17,3461,123,4,123,GA
5000,90,1419,930,2,217,GA
5000,83,1163,927,2,314,GA
5000,18,1907,231,5,462,GA
5000,60,3601,310,1,214,GA
5000,72,2699,978,1,257,GA
5000,58,3757,727,4,102,GA
5000,80,1885,13,5,139,GA
5000,75,1671,880,1,312,GA
5000,67,3190,274,3,172,GA
5000,84,2975,195,4,492,GA
5000,68,1854,793,5,482,GA
5000,66,3663,824,1,156,GA
5000,31,2135,802,1,341,GA
5000,49,1470,471,5,142,GA
5000,66,4038,296,1,88,GA
5000,77,2665,57,4,496,GA
5000,19,1504,801,2,404,GA
5000,11,1474,328,2,489,GA
5000,31,2999,86,4,344,GA
5000,67,2381,552,5,107,GA
5000,69,2875,37,1,229,GA
5000,88,3163,190,1,291,GA
5000,38,1427,428,5,418,GA
5000,31,1802,526,2,238,GA
5000,47,4083,369,4,275,GA
5000,29,2524,72,4,170,GA
5000,32,3969,91,1,80,GA
5000,72,1484,211,3,183,GA
5000,58,3305,517,1,384,GA
5000,35,2277,64,3,197,GA
5000,80,352,434,2,143,GA
5000,85,3725,862,4,108,GA
5000,55,2405,354,4,244,GA
5000,37,2990,433,3,394,GA
5000,17,1089,604,5,286,GA
5000,23,3671,905,1,67,GA
5000,26,747,94,3,82,GA
5000,75,1232,351,1,273,GA
5000,64,2817,218,5,179,GA
10000,97,799,687,1,95,GA
10000,17,1486,180,2,173,GA
10000,14,1618,649,3,242,GA
10000,85,3054,173,3,287,GA
10000,73,3207,785,3,126,GA
10000,62,786,611,1,50,GA
10000,51,1648,813,3,447,GA
10000,15,3974,200,4,388,GA
10000,43,1594,265,4,156,GA
10000,64,1035,235,1,217,GA
10000,77,3614,898,4,299,GA
10000,34,4066,43,2,180,GA
10000,12,1900,769,2,458,GA
10000,19,1965,926,4,385,GA
10000,70,1384,347,3,262,GA
10000,39,4061,40,5,66,GA
10000,92,2014,849,1,134,GA
10000,20,3872,182,5,282,GA
10000,53,692,477,5,424,GA
10000,73,3761,604,4,286,GA
10000,55,4066,47,2,344,GA
10000,27,3616,228,5,382,GA
10000,60,2522,53,4,411,GA
10000,45,3793,68,3,62,GA
10000,53,2327,25,2,154,GA
10000,67,1163,652,4,350,GA
10000,66,3141,110,4,119,GA
10000,81,3718,156,3,351,GA
10000,14,686,549,2,419,GA
10000,74,3903,206,3,359,GA
10000,39,3791,688,5,286,GA
10000,17,3530,970,3,198,GA
10000,33,2649,972,3,100,GA
10000,38,2192,429,2,56,GA
10000,28,812,246,1,93,GA
10000,14,1066,128,5,129,GA
10000,82,2147,595,2,240,GA
10000,78,1862,864,3,253,GA
10000,86,2091,621,5,180,GA
10000,71,2743,741,5,105,GA
10000,57,1877,358,5,81,GA
10000,53,3045,193,4,255,GA
10000,56,3919,984,2,308,GA
10000,16,2411,495,4,332,GA
10000,90,1355,873,4,262,GA
10000,77,3776,201,3,394,GA
10000,19,3367,581,4,130,GA
10000,88,3857,684,2,469,GA
10000,89,2144,168,3,89,GA
10000,36,2680,769,3,376,GA
10000,16,3634,175,2,232,GA
10000,40,1801,380,3,231,GA
10000,46,1664,871,2,444,GA
10000,52,1956,353,4,332,GA
10000,24,2786,188,1,388,GA
10000,22,3148,901,4,77,GA
10000,82,293,699,3,112,GA
10000,31,3917,548,3,201,GA
10000,24,3633,783,4,491,GA
10000,18,2606,849,2,265,GA
10000,66,2660,497,3,424,GA
10000,25,2721,295,3,214,GA
10000,91,1725,687,4,357,GA
10000,44,1610,13,2,353,GA
10000,86,2152,831,4,260,GA
10000,67,2266,261,4,393,GA
10000,79,1403,750,3,328,GA
10000,79,4054,619,1,286,GA
10000,60,2978,541,4,447,GA
10000,36,2475,314,3,141,GA
10000,81,3536,849,1,74,GA
10000,11,1420,824,5,156,GA
10000,39,3770,395,2,130,GA
10000,94,3310,543,4,382,GA
10000,97,2847,485,4,198,GA
10000,68,2897,862,1,416,GA
10000,77,2800,44,5,311,GA
10000,36,1830,234,4,171,GA
10000,86,2232,256,1,157,GA
10000,73,4044,349,4,445,GA
10000,69,1982,525,3,178,GA
10000,43,3330,558,1,495,GA
10000,41,2173,27,1,271,GA
10000,17,2795,358,4,141,GA
10000,25,1609,116,1,177,GA
10000,99,2333,54,1,286,GA
10000,75,3197,159,2,303,GA
10000,98,4028,514,5,65,GA
10000,91,3294,503,4,63,GA
10000,12,3401,589,4,389,GA
10000,16,1185,792,4,98,GA
10000,17,1044,208,2,331,GA
10000,59,3932,548,2,489,GA
10000,14,348,409,3,435,GA
10000,53,3757,506,3,347,GA
10000,71,3281,576,3,189,GA
10000,41,1349,852,5,178,GA
10000,63,863,546,3,125,GA
10000,84,3898,898,3,422,GA
10000,38,1893,235,2,251,GA
15000,100,1251,221,5,72,GA
15000,30,3722,607,2,314,GA
15000,22,2606,546,4,74,GA
15000,93,1950,556,3,166,GA
15000,40,3301,203,1,478,GA
15000,42,4020,625,1,132,GA
15000,56,2993,188,3,289,GA
15000,15,3770,291,2,181,GA
15000,51,3736,168,2,134,GA
15000,47,1841,808,3,179,GA
15000,36,3349,631,1,396,GA
15000,12,2051,652,2,226,GA
15000,74,1800,57,3,450,GA
15000,64,4096,845,1,155,GA
15000,72,2264,94,4,383,GA
15000,91,1383,888,3,376,GA
15000,71,929,815,5,400,GA
15000,52,3692,827,5,424,GA
15000,80,3832,918,2,69,GA
15000,89,3318,529,2,83,GA
15000,45,3512,774,5,432,GA
15000,19,2940,668,4,118,GA
15000,40,1298,610,4,343,GA
15000,55,1667,710,1,128,GA
15000,40,407,14,2,149,GA
15000,29,1869,847,2,78,GA
15000,92,3355,455,4,389,GA
15000,65,2449,869,4,199,GA
15000,29,3926,504,5,478,GA
15000,17,1705,847,5,90,GA
15000,38,3370,241,3,62,GA
15000,21,2418,140,5,266,GA
15000,52,3382,983,5,171,GA
15000,54,945,657,2,402,GA
15000,33,3092,31,4,313,GA
15000,26,2851,14,2,372,GA
15000,28,2022,720,5,356,GA
15000,48,2716,166,2,369,GA
15000,43,2683,779,3,336,GA
15000,95,486,856,4,410,GA
15000,87,1329,906,2,471,GA
15000,53,3260,341,5,244,GA
15000,19,1998,319,2,81,GA
15000,43,458,973,5,231,GA
15000,66,1256,238,1,236,GA
15000,79,3332,293,4,127,GA
15000,35,2220,837,3,277,GA
15000,51,697,911,4,177,GA
15000,85,3034,468,2,391,GA
15000,78,690,258,1,408,GA
15000,15,1909,480,4,69,GA
15000,68,1840,413,2,127,GA
15000,65,2815,239,4,249,GA
15000,20,701,397,4,275,GA
15000,56,398,93,2,89,GA
15000,26,2294,697,3,246,GA
15000,56,2142,481,5,197,GA
15000,91,4070,688,2,296,GA
15000,29,4054,749,1,201,GA
15000,28,1028,253,2,314,GA
15000,13,1768,390,1,324,GA
15000,95,2607,10,5,364,GA
15000,13,3922,37,1,373,GA
15000,97,1252,240,4,486,GA
15000,65,2356,119,2,242,GA
15000,39,3124,323,1,460,GA
15000,46,818,815,2,272,GA
15000,19,2041,345,5,238,GA
15000,39,2196,307,4,79,GA
15000,84,4040,776,5,91,GA
15000,52,2595,201,2,92,GA
15000,34,1879,496,3,66,GA
15000,21,1421,614,3,62,GA
15000,100,3158,356,3,372,GA
15000,80,725,839,4,317,GA
15000,11,2739,824,2,214,GA
15000,100,1491,607,5,267,GA
15000,48,3177,434,4,405,GA
15000,13,1831,788,5,435,GA
15000,39,1522,481,2,114,GA
15000,99,1084,364,2,279,GA
15000,17,366,976,3,313,GA
15000,32,689,424,5,394,GA
15000,50,3378,980,5,357,GA
15000,67,1034,622,2,496,GA
15000,35,2648,174,1,299,GA
15000,65,1260,340,1,345,GA
15000,56,2861,925,4,207,GA
15000,74,2010,444,4,145,GA
15000,52,2460,128,3,367,GA
15000,12,2878,201,2,132,GA
15000,55,359,664,1,460,GA
15000,87,3440,124,2,117,GA
15000,65,1480,838,1,416,GA
15000,25,3877,903,5,97,GA
15000,53,906,160,1,63,GA
15000,62,437,975,5,281,GA
15000,40,257,657,1,478,GA
15000,82,3081,556,1,481,GA
15000,34,3623,925,5,161,GA
20000,23,3293,992,1,288,PSO
20000,49,3913,475,5,499,PSO
20000,26,3735,989,1,68,PSO
20000,65,3055,575,5,129,PSO
20000,22,1141,359,3,144,PSO
20000,49,760,616,1,374,PSO
20000,68,2977,619,2,67,PSO
20000,71,2893,1000,1,214,PSO
20000,77,914,570,3,350,PSO
20000,27,1022,981,2,376,PSO
20000,33,2881,313,4,429,PSO
20000,59,930,12,3,296,PSO
20000,54,2775,267,4,433,PSO
20000,48,1108,986,4,286,PSO
20000,22,1588,53,2,274,PSO
20000,89,1050,659,1,175,PSO
20000,80,2202,350,2,402,PSO
20000,47,1054,73,1,474,PSO
20000,40,2534,878,5,108,PSO
20000,89,3571,461,4,178,PSO
20000,48,1998,485,4,187,PSO
20000,47,3300,524,2,143,PSO
20000,37,621,827,1,247,PSO
20000,16,1380,462,5,85,PSO
20000,88,725,505,2,361,PSO
20000,81,3539,90,2,302,PSO
20000,48,1377,234,4,75,PSO
20000,46,2509,37,2,246,PSO
20000,90,2040,649,2,55,PSO
20000,52,3924,491,4,119,PSO
20000,75,3331,373,1,92,PSO
20000,18,804,286,2,422,PSO
20000,43,1055,222,5,216,PSO
20000,22,2323,265,3,298,PSO
20000,94,3147,989,2,477,PSO
20000,75,952,882,3,215,PSO
20000,46,1447,502,3,441,PSO
20000,39,435,373,3,265,PSO
20000,11,1755,806,3,461,PSO
20000,73,2140,385,5,350,PSO
20000,48,2657,732,3,493,PSO
20000,32,3213,732,1,286,PSO
20000,75,1154,674,2,375,PSO
20000,25,1009,494,1,340,PSO
20000,18,4077,82,4,136,PSO
20000,23,2518,315,1,301,PSO
20000,27,440,453,5,404,PSO
20000,58,2008,587,3,133,PSO
20000,85,1058,941,3,387,PSO
20000,68,3467,252,2,358,PSO
20000,55,2343,169,4,184,PSO
20000,99,917,174,4,262,PSO
20000,87,305,955,1,467,PSO
20000,67,1355,347,1,131,PSO
20000,91,457,926,5,219,PSO
20000,74,3171,521,5,390,PSO
20000,55,1226,130,3,232,PSO
20000,36,310,904,5,472,PSO
20000,76,3908,819,5,483,PSO
20000,82,1389,461,5,279,PSO
20000,87,673,984,2,138,PSO
20000,32,2107,220,2,326,PSO
20000,79,1806,652,3,414,PSO
20000,58,2308,124,4,282,PSO
20000,90,3994,429,4,216,PSO
20000,15,291,333,3,105,PSO
20000,70,3888,194,1,496,PSO
20000,76,1891,192,2,131,PSO
20000,13,3811,938,2,487,PSO
20000,47,2102,397,1,398,PSO
20000,28,384,242,5,259,PSO
20000,11,2553,116,2,118,PSO
20000,86,1810,577,1,212,PSO
20000,71,2323,878,4,471,PSO
20000,48,569,342,1,101,PSO
20000,62,3269,762,4,213,PSO
20000,75,527,238,3,486,PSO
20000,72,1748,941,3,486,PSO
20000,100,1302,717,2,59,PSO
20000,46,4094,105,5,302,PSO
20000,14,3857,622,3,196,PSO
20000,54,2306,487,2,355,PSO
20000,58,3152,808,3,476,PSO
20000,19,1695,937,3,312,PSO
20000,43,2029,31,3,66,PSO
20000,48,1265,200,2,212,PSO
20000,96,843,919,1,214,PSO
20000,94,1458,746,4,488,PSO
20000,69,2466,354,3,149,PSO
20000,55,488,260,1,185,PSO
20000,96,3056,979,2,178,PSO
20000,54,1715,158,2,145,PSO
20000,62,3157,957,4,208,PSO
20000,37,3253,583,3,243,PSO
20000,36,3779,186,1,391,PSO
20000,32,3728,577,4,469,PSO
20000,81,591,722,4,261,PSO
20000,91,2385,383,4,277,PSO
20000,80,1139,983,3,205,PSO
20000,39,3100,233,1,235,PSO
25000,10,1425,157,4,355,PSO
25000,74,1910,464,5,257,PSO
25000,86,3800,776,3,402,PSO
25000,73,1630,391,1,413,PSO
25000,53,1444,937,3,315,PSO
25000,31,3586,944,3,120,PSO
25000,81,3881,381,4,163,PSO
25000,62,2742,598,5,67,PSO
25000,98,3125,58,4,73,PSO
25000,14,3737,406,1,424,PSO
25000,50,2088,322,5,277,PSO
25000,43,2115,989,5,288,PSO
25000,63,2760,873,1,109,PSO
25000,66,2794,833,1,475,PSO
25000,11,2775,255,5,228,PSO
25000,18,3698,753,4,473,PSO
25000,88,1672,485,5,154,PSO
25000,60,1934,326,2,423,PSO
25000,92,3184,719,2,274,PSO
25000,20,3820,136,2,341,PSO
25000,10,1785,300,3,178,PSO
25000,50,1273,212,3,415,PSO
25000,61,2563,981,4,186,PSO
25000,39,2590,355,1,418,PSO
25000,33,2639,547,1,225,PSO
25000,40,3329,215,1,440,PSO
25000,98,3008,268,5,325,PSO
25000,60,1955,37,2,165,PSO
25000,67,2675,274,2,145,PSO
25000,71,3726,619,1,314,PSO
25000,76,3747,58,2,491,PSO
25000,85,3865,286,5,143,PSO
25000,26,2022,963,4,257,PSO
25000,44,3292,21,1,77,PSO
25000,61,809,143,4,228,PSO
25000,64,3004,41,4,307,PSO
25000,57,1664,322,2,155,PSO
25000,100,2555,988,5,229,PSO
25000,75,4059,348,3,223,PSO
25000,36,2149,218,3,396,PSO
25000,23,426,160,3,294,PSO
25000,86,999,270,1,387,PSO
25000,86,3340,660,1,423,PSO
25000,32,1852,922,1,256,PSO
25000,67,646,83,2,434,PSO
25000,71,2826,440,4,174,PSO
25000,28,2159,465,2,278,PSO
25000,70,1619,806,1,319,PSO
25000,27,3025,856,3,53,PSO
25000,20,957,67,4,108,PSO
25000,91,1002,986,1,224,PSO
25000,40,368,658,5,221,PSO
25000,61,4075,665,3,404,PSO
25000,61,2651,431,5,164,PSO
25000,36,971,557,2,367,PSO
25000,16,2410,700,1,355,PSO
25000,73,3672,911,3,329,PSO
25000,56,423,56,3,348,PSO
25000,44,1273,407,4,100,PSO
25000,39,1038,115,2,322,PSO
25000,22,349,52,4,295,PSO
25000,60,2443,338,2,172,PSO
25000,71,1258,809,1,411,PSO
25000,32,2406,459,5,280,PSO
25000,95,1117,996,5,395,PSO
25000,20,3332,63,1,434,PSO
25000,45,3334,431,2,168,PSO
25000,28,589,591,2,232,PSO
25000,70,2948,862,4,439,PSO
25000,89,739,887,4,154,PSO
25000,93,784,779,5,325,PSO
25000,68,1432,93,5,75,PSO
25000,66,618,409,2,66,PSO
25000,48,2424,693,2,54,PSO
25000,94,338,181,4,262,PSO
25000,83,3400,567,2,312,PSO
25000,60,4052,605,1,427,PSO
25000,32,295,439,4,60,PSO
25000,40,2508,656,3,173,PSO
25000,14,598,825,2,326,PSO
25000,50,3153,824,1,107,PSO
25000,50,3990,651,2,376,PSO
25000,23,1341,711,4,254,PSO
25000,82,2640,228,4,66,PSO
25000,16,3756,299,3,189,PSO
25000,87,1613,905,2,305,PSO
25000,86,1065,906,5,307,PSO
25000,79,2782,813,2,66,PSO
25000,87,4035,555,3,209,PSO
25000,28,3215,597,3,298,PSO
25000,93,1064,993,2,415,PSO
25000,77,649,545,4,187,PSO
25000,95,3481,643,2,150,PSO
25000,84,4055,951,2,227,PSO
25000,34,4084,529,2,77,PSO
25000,41,2355,763,1,192,PSO
25000,88,2060,90,5,452,PSO
25000,99,2790,368,3,50,PSO
25000,93,350,749,2,164,PSO
25000,35,2669,379,5,138,PSO
30000,61,2775,485,5,265,PSO
30000,38,1177,333,5,309,PSO
30000,92,492,184,4,278,PSO
30000,80,1025,698,1,380,PSO
30000,80,3485,75,3,258,PSO
30000,68,1651,465,4,170,PSO
30000,32,2321,277,2,178,PSO
30000,17,2843,273,2,208,PSO
30000,29,3936,917,2,120,PSO
30000,58,4092,838,4,320,PSO
30000,67,3318,446,4,74,PSO
30000,57,3402,969,1,297,PSO
30000,70,3879,964,1,275,PSO
30000,17,2002,644,1,405,PSO
30000,46,1149,280,1,475,PSO
30000,47,1224,423,4,481,PSO
30000,17,1655,280,5,340,PSO
30000,44,1866,259,2,414,PSO
30000,80,1382,943,3,211,PSO
30000,76,422,739,1,484,PSO
30000,28,926,175,3,242,PSO
30000,87,1593,859,2,455,PSO
30000,66,1456,868,3,380,PSO
30000,67,1619,733,5,347,PSO
30000,70,2879,360,2,413,PSO
30000,83,3663,49,4,94,PSO
30000,25,2339,858,1,468,PSO
30000,13,2573,712,4,271,PSO
30000,99,3805,530,1,426,PSO
30000,75,3272,352,4,187,PSO
30000,53,3851,481,2,232,PSO
30000,98,1010,872,2,129,PSO
30000,49,3794,731,2,75,PSO
30000,57,540,808,3,426,PSO
30000,30,2242,962,1,480,PSO
30000,68,2955,47,4,80,PSO
30000,67,3398,673,2,260,PSO
30000,46,815,255,4,332,PSO
30000,87,763,887,5,276,PSO
30000,30,2726,675,2,489,PSO
30000,80,2544,949,5,93,PSO
30000,82,877,688,5,477,PSO
30000,51,2219,47,2,157,PSO
30000,46,301,79,3,173,PSO
30000,60,466,761,2,157,PSO
30000,78,3965,696,4,489,PSO
30000,66,2060,749,3,367,PSO
30000,67,2348,605,1,210,PSO
30000,55,2069,810,5,72,PSO
30000,100,1679,342,4,215,PSO
30000,87,923,206,3,168,PSO
30000,86,1464,857,3,128,PSO
30000,63,694,577,5,428,PSO
30000,38,3323,57,3,401,PSO
30000,67,4038,681,4,94,PSO
30000,27,2424,578,3,378,PSO
30000,36,330,119,4,462,PSO
30000,60,2568,574,3,305,PSO
30000,20,2132,493,1,391,PSO
30000,77,889,721,4,318,PSO
30000,75,550,591,5,88,PSO
30000,93,2110,835,3,331,PSO
30000,35,2656,501,5,495,PSO
30000,58,2195,520,4,485,PSO
30000,11,755,442,2,220,PSO
30000,31,1905,385,3,335,PSO
30000,88,1284,897,4,466,PSO
30000,83,996,397,3,152,PSO
30000,63,2756,984,3,348,PSO
30000,20,2045,218,5,193,PSO
30000,11,1991,901,2,355,PSO
30000,74,3943,983,2,154,PSO
30000,38,1418,969,4,420,PSO
30000,26,2293,867,5,89,PSO
30000,75,2887,693,4,340,PSO
30000,88,1600,676,2,71,PSO
30000,70,2459,36,2,199,PSO
30000,41,1696,183,5,396,PSO
30000,48,2413,525,1,129,PSO
30000,27,806,226,5,113,PSO
30000,88,3662,212,3,359,PSO
30000,84,2784,362,3,145,PSO
30000,55,3576,432,5,289,PSO
30000,26,736,402,3,351,PSO
30000,12,3086,189,5,326,PSO
30000,61,1424,958,4,323,PSO
30000,91,3048,829,4,85,PSO
30000,15,2420,320,5,137,PSO
30000,49,830,734,1,180,PSO
30000,12,1120,198,4,91,PSO
30000,35,1193,54,5,400,PSO
30000,12,1945,622,2,314,PSO
30000,71,977,997,4,315,PSO
30000,65,625,894,3,220,PSO
30000,35,406,179,2,146,PSO
30000,84,2576,592,4,111,PSO
30000,59,2187,837,5,90,PSO
30000,14,2191,46,3,187,PSO
30000,37,1029,561,1,170,PSO
30000,16,1105,541,3,432,PSO
35000,82,2593,362,5,262,Lion
35000,72,2406,615,1,194,Lion
35000,72,2054,888,5,211,Lion
35000,38,1071,893,2,348,Lion
35000,85,1098,763,5,144,Lion
35000,96,1785,483,3,388,Lion
35000,69,2698,303,2,373,Lion
35000,78,3114,40,4,62,Lion
35000,56,3859,491,4,63,Lion
35000,30,1698,306,4,297,Lion
35000,48,2971,462,5,192,Lion
35000,82,1145,550,3,66,Lion
35000,41,2122,567,5,193,Lion
35000,45,2494,77,4,75,Lion
35000,54,385,439,1,152,Lion
35000,89,2991,735,1,250,Lion
35000,13,2361,409,5,319,Lion
35000,49,542,898,2,446,Lion
35000,28,3438,279,3,455,Lion
35000,62,781,52,3,440,Lion
35000,13,2368,59,3,427,Lion
35000,81,2036,275,5,261,Lion
35000,33,2039,749,1,71,Lion
35000,96,2417,909,4,138,Lion
35000,36,427,73,1,496,Lion
35000,28,3202,963,1,455,Lion
35000,64,2186,109,3,113,Lion
35000,88,3131,204,5,302,Lion
35000,86,2393,459,1,474,Lion
35000,45,1495,519,4,382,Lion
35000,80,3009,93,3,182,Lion
35000,97,2815,408,3,490,Lion
35000,84,1735,513,5,142,Lion
35000,27,2181,572,5,441,Lion
35000,89,738,615,4,427,Lion
35000,76,672,95,4,92,Lion
35000,88,972,154,4,239,Lion
35000,76,266,312,1,251,Lion
35000,44,2157,488,1,429,Lion
35000,27,1110,448,5,323,Lion
35000,68,344,541,4,449,Lion
35000,23,2104,225,2,348,Lion
35000,14,3380,365,1,306,Lion
35000,43,636,459,4,52,Lion
35000,87,3120,151,3,405,Lion
35000,56,3681,532,4,214,Lion
35000,47,2919,278,5,66,Lion
35000,90,1669,63,4,362,Lion
35000,30,2644,355,1,195,Lion
35000,92,3306,66,5,387,Lion
35000,45,3941,175,1,121,Lion
35000,86,3306,49,2,402,Lion
35000,67,2397,685,1,229,Lion
35000,58,2028,907,3,465,Lion
35000,37,3436,488,1,114,Lion
35000,21,2851,52,5,451,Lion
35000,74,664,679,4,149,Lion
35000,95,771,152,5,229,Lion
35000,10,550,430,4,86,Lion
35000,89,1801,448,4,483,Lion
35000,63,3294,745,1,243,Lion
35000,86,3008,176,3,403,Lion
35000,35,2634,765,1,248,Lion
35000,48,3077,64,2,114,Lion
35000,78,2042,190,1,380,Lion
35000,12,2271,661,1,271,Lion
35000,38,2230,312,1,392,Lion
35000,30,2198,780,5,105,Lion
35000,10,942,576,2,111,Lion
35000,52,3471,90,1,81,Lion
35000,14,3868,776,2,118,Lion
35000,89,3728,940,2,469,Lion
35000,14,1454,748,2,364,Lion
35000,18,770,810,3,298,Lion
35000,55,1328,162,5,425,Lion
35000,67,912,60,3,161,Lion
35000,66,1201,120,5,414,Lion
35000,68,1399,321,1,317,Lion
35000,88,2489,720,1,399,Lion
35000,63,3373,256,4,226,Lion
35000,98,2967,581,4,434,Lion
35000,70,868,662,5,500,Lion
35000,84,3011,993,2,309,Lion
35000,77,3081,725,3,108,Lion
35000,65,644,935,3,289,Lion
35000,86,3426,377,4,287,Lion
35000,86,791,851,2,143,Lion
35000,90,1488,700,5,228,Lion
35000,53,1891,109,4,145,Lion
35000,84,2341,129,1,233,Lion
35000,72,664,515,2,450,Lion
35000,97,3427,39,1,236,Lion
35000,51,992,499,5,451,Lion
35000,76,2623,52,5,354,Lion
35000,82,1054,430,2,423,Lion
35000,80,2993,813,5,172,Lion
35000,24,818,266,3,232,Lion
35000,48,489,978,5,254,Lion
35000,91,1482,474,1,349,Lion
35000,88,855,51,2,423,Lion
40000,15,3788,578,2,302,Lion
40000,99,2718,767,2,130,Lion
40000,30,3938,525,2,395,Lion
40000,41,414,126,4,143,Lion
40000,79,1489,10,1,295,Lion
40000,91,2464,688,3,326,Lion
40000,82,1149,290,2,108,Lion
40000,71,3881,391,4,428,Lion
40000,73,1652,523,3,132,Lion
40000,38,2825,201,5,254,Lion
40000,97,2592,958,2,492,Lion
40000,78,2328,827,2,322,Lion
40000,12,683,823,4,61,Lion
40000,46,2036,580,4,129,Lion
40000,31,1848,642,4,227,Lion
40000,75,2165,788,1,178,Lion
40000,45,3194,414,4,137,Lion
40000,45,3070,323,2,459,Lion
40000,100,2182,478,2,414,Lion
40000,27,1782,445,4,151,Lion
40000,18,1834,67,2,344,Lion
40000,45,1028,115,3,88,Lion
40000,76,324,130,1,90,Lion
40000,91,393,864,4,362,Lion
40000,70,507,347,5,255,Lion
40000,63,1714,273,3,368,Lion
40000,85,2089,856,5,82,Lion
40000,24,2877,501,5,439,Lion
40000,25,3091,688,3,226,Lion
40000,55,590,963,4,469,Lion
40000,14,3774,480,4,219,Lion
40000,12,1269,23,4,204,Lion
40000,15,2660,158,3,413,Lion
40000,87,3916,960,1,286,Lion
40000,77,394,319,2,385,Lion
40000,16,4019,1000,3,486,Lion
40000,28,539,129,1,96,Lion
40000,85,2716,894,1,316,Lion
40000,73,3875,908,4,56,Lion
40000,80,1019,426,3,104,Lion
40000,46,2709,788,4,267,Lion
40000,81,2071,96,5,433,Lion
40000,70,505,354,3,204,Lion
40000,94,893,399,2,349,Lion
40000,55,948,45,4,141,Lion
40000,80,1898,137,3,184,Lion
40000,23,532,536,3,220,Lion
40000,89,3883,190,4,197,Lion
40000,87,2285,840,4,103,Lion
40000,20,3746,786,2,440,Lion
40000,99,1081,530,2,149,Lion
40000,77,1983,969,3,236,Lion
40000,11,1878,630,4,409,Lion
40000,52,3855,436,4,452,Lion
40000,68,3585,568,4,108,Lion
40000,56,653,126,1,190,Lion
40000,100,4009,813,2,355,Lion
40000,12,2476,313,1,93,Lion
40000,25,315,434,3,61,Lion
40000,82,2292,140,4,494,Lion
40000,28,1413,179,4,196,Lion
40000,50,274,58,3,414,Lion
40000,78,1919,600,2,380,Lion
40000,18,1098,713,5,215,Lion
40000,72,1936,276,1,255,Lion
40000,46,1136,299,2,288,Lion
40000,94,3950,296,2,179,Lion
40000,36,3489,602,2,253,Lion
40000,66,1091,427,5,107,Lion
40000,55,2680,567,4,239,Lion
40000,38,2443,584,3,495,Lion
40000,94,1178,814,5,77,Lion
40000,43,584,677,3,381,Lion
40000,48,4081,274,1,456,Lion
40000,11,2987,314,4,310,Lion
40000,91,426,635,3,133,Lion
40000,46,2119,868,2,496,Lion
40000,19,375,53,5,428,Lion
40000,95,925,222,4,458,Lion
40000,80,2164,446,4,73,Lion
40000,33,2356,466,4,348,Lion
40000,31,2076,379,4,398,Lion
40000,19,2077,35,3,53,Lion
40000,43,2781,592,5,433,Lion
40000,82,486,585,4,123,Lion
40000,62,1207,768,3,412,Lion
40000,31,3697,84,1,55,Lion
40000,68,2021,198,2,295,Lion
40000,70,2429,237,3,225,Lion
40000,97,480,208,5,490,Lion
40000,51,2039,731,1,486,Lion
40000,41,798,79,1,351,Lion
40000,54,1936,28,4,286,Lion
40000,96,968,586,1,73,Lion
40000,96,663,663,5,318,Lion
40000,67,3643,177,3,487,Lion
40000,90,2634,580,4,169,Lion
40000,100,2890,322,3,243,Lion
40000,86,3846,889,3,259,Lion
40000,11,1213,765,2,69,Lion
45000,61,3076,594,3,201,Hybrid
45000,15,2997,413,1,276,Hybrid
45000,31,3931,392,2,114,Hybrid
45000,32,2127,19,5,312,Hybrid
45000,74,594,864,2,187,Hybrid
45000,51,1429,657,1,403,Hybrid
45000,16,3230,868,5,431,Hybrid
45000,96,584,849,5,97,Hybrid
45000,56,2209,645,2,229,Hybrid
45000,99,3861,917,4,124,Hybrid
45000,37,3969,246,5,271,Hybrid
45000,60,298,245,1,338,Hybrid
45000,77,1137,135,1,379,Hybrid
45000,53,2536,958,2,435,Hybrid
45000,41,2515,579,2,133,Hybrid
45000,52,2719,386,2,359,Hybrid
45000,91,692,121,5,402,Hybrid
45000,96,3941,766,1,200,Hybrid
45000,75,3454,84,1,276,Hybrid
45000,97,1678,232,1,176,Hybrid
45000,37,564,847,1,264,Hybrid
45000,16,2984,928,2,331,Hybrid
45000,81,2953,277,2,106,Hybrid
45000,63,385,331,3,410,Hybrid
45000,44,539,812,3,496,Hybrid
45000,17,624,782,2,453,Hybrid
45000,100,378,784,1,241,Hybrid
45000,72,1711,526,5,144,Hybrid
45000,37,3233,257,3,148,Hybrid
45000,11,1540,610,2,447,Hybrid
45000,72,3331,170,4,96,Hybrid
45000,29,3499,995,3,62,Hybrid
45000,75,314,866,5,388,Hybrid
45000,27,2230,28,5,456,Hybrid
45000,71,2852,695,4,307,Hybrid
45000,93,1332,940,3,131,Hybrid
45000,30,2374,739,3,395,Hybrid
45000,93,1393,798,3,295,Hybrid
45000,12,2202,109,4,309,Hybrid
45000,20,1188,829,4,440,Hybrid
45000,10,1552,311,4,431,Hybrid
45000,60,341,842,2,368,Hybrid
45000,17,3074,223,4,420,Hybrid
45000,51,2214,185,5,135,Hybrid
45000,86,3256,744,4,143,Hybrid
45000,40,2478,668,4,240,Hybrid
45000,27,2125,192,1,310,Hybrid
45000,19,2154,511,4,415,Hybrid
45000,43,2569,581,4,249,Hybrid
45000,60,2226,473,5,85,Hybrid
45000,60,2298,331,1,392,Hybrid
45000,68,3780,32,3,149,Hybrid
45000,90,2735,193,1,281,Hybrid
45000,69,3700,579,3,323,Hybrid
45000,67,2358,317,5,198,Hybrid
45000,44,1944,805,5,308,Hybrid
45000,22,1274,874,1,302,Hybrid
45000,24,1251,892,5,167,Hybrid
45000,10,378,310,5,56,Hybrid
45000,89,350,60,3,500,Hybrid
45000,74,1186,471,5,118,Hybrid
45000,93,1499,250,5,222,Hybrid
45000,41,1082,229,3,365,Hybrid
45000,63,3998,157,2,415,Hybrid
45000,19,2172,943,5,265,Hybrid
45000,85,3488,64,4,149,Hybrid
45000,63,4035,481,2,292,Hybrid
45000,91,883,335,4,301,Hybrid
45000,12,2978,705,2,408,Hybrid
45000,61,1705,435,3,318,Hybrid
45000,15,1823,862,2,455,Hybrid
45000,95,534,970,5,469,Hybrid
45000,27,955,687,1,186,Hybrid
45000,93,2021,170,5,339,Hybrid
45000,65,3503,424,4,338,Hybrid
45000,39,2087,434,4,384,Hybrid
45000,88,3917,279,3,317,Hybrid
45000,40,600,403,1,289,Hybrid
45000,53,857,245,2,139,Hybrid
45000,77,1040,793,2,131,Hybrid
45000,17,2960,818,1,251,Hybrid
45000,17,3021,261,2,428,Hybrid
45000,82,2382,302,5,466,Hybrid
45000,95,2388,494,4,406,Hybrid
45000,71,3781,496,2,335,Hybrid
45000,75,3605,217,4,472,Hybrid
45000,22,2621,390,1,53,Hybrid
45000,55,2397,125,5,183,Hybrid
45000,92,1265,933,4,124,Hybrid
45000,71,656,430,2,191,Hybrid
45000,76,3106,906,4,426,Hybrid
45000,47,3891,935,3,161,Hybrid
45000,81,2167,855,5,125,Hybrid
45000,66,2141,521,4,333,Hybrid
45000,31,2256,290,1,273,Hybrid
45000,36,3698,529,1,263,Hybrid
45000,80,899,771,2,88,Hybrid
45000,23,2491,906,5,68,Hybrid
45000,16,313,559,2,147,Hybrid
45000,100,1582,637,3,331,Hybrid
50000,41,4046,250,2,162,Hybrid
50000,34,3244,226,4,288,Hybrid
50000,94,1894,329,3,415,Hybrid
50000,72,914,248,1,144,Hybrid
50000,52,2574,132,3,380,Hybrid
50000,88,3644,314,3,103,Hybrid
50000,85,1884,105,5,209,Hybrid
50000,52,1620,608,1,249,Hybrid
50000,16,3695,232,2,370,Hybrid
50000,87,3820,797,1,237,Hybrid
50000,30,1786,156,5,264,Hybrid
50000,53,2208,798,4,137,Hybrid
50000,96,3287,756,3,284,Hybrid
50000,10,1599,108,1,467,Hybrid
50000,47,3208,330,2,81,Hybrid
50000,83,3144,456,5,330,Hybrid
50000,26,1729,346,5,141,Hybrid
50000,29,3593,840,4,259,Hybrid
50000,12,2898,956,4,490,Hybrid
50000,11,3143,514,2,387,Hybrid
50000,85,1442,234,2,114,Hybrid
50000,89,1747,698,4,423,Hybrid
50000,93,2710,864,3,134,Hybrid
50000,63,992,155,5,417,Hybrid
50000,68,1125,677,4,105,Hybrid
50000,41,3151,292,2,102,Hybrid
50000,66,2452,81,1,169,Hybrid
50000,10,3676,991,2,323,Hybrid
50000,87,2805,981,5,270,Hybrid
50000,38,3259,405,4,498,Hybrid
50000,13,3138,427,3,296,Hybrid
50000,48,3818,964,4,447,Hybrid
50000,17,896,504,4,326,Hybrid
50000,89,3927,706,1,492,Hybrid
50000,69,3903,603,1,117,Hybrid
50000,63,658,446,3,94,Hybrid
50000,89,881,784,1,344,Hybrid
50000,16,2067,178,4,470,Hybrid
50000,40,269,949,5,368,Hybrid
50000,14,3263,354,5,194,Hybrid
50000,36,1336,580,3,325,Hybrid
50000,14,512,277,3,67,Hybrid
50000,81,1850,236,3,256,Hybrid
50000,53,2937,663,4,111,Hybrid
50000,64,3002,187,1,362,Hybrid
50000,52,3571,418,1,466,Hybrid
50000,72,1595,578,5,403,Hybrid
50000,46,3577,49,1,336,Hybrid
50000,61,3504,536,4,78,Hybrid
50000,90,329,557,5,101,Hybrid
50000,60,1876,586,2,221,Hybrid
50000,15,2236,55,3,260,Hybrid
50000,48,2926,327,4,401,Hybrid
50000,80,3572,924,3,184,Hybrid
50000,92,652,382,2,131,Hybrid
50000,97,1301,181,1,423,Hybrid
50000,85,976,199,2,458,Hybrid
50000,60,3858,114,2,451,Hybrid
50000,21,1864,620,2,164,Hybrid
50000,43,3531,578,2,116,Hybrid
50000,79,881,849,5,223,Hybrid
50000,43,486,543,5,340,Hybrid
50000,83,1337,863,3,90,Hybrid
50000,75,2776,845,2,411,Hybrid
50000,60,324,955,2,380,Hybrid
50000,86,1776,377,5,209,Hybrid
50000,27,2943,638,5,263,Hybrid
50000,81,1337,120,3,465,Hybrid
50000,83,1929,87,5,260,Hybrid
50000,25,2925,902,5,143,Hybrid
50000,16,2401,611,4,193,Hybrid
50000,99,3187,706,2,389,Hybrid
50000,39,3496,942,1,306,Hybrid
50000,82,3562,33,4,412,Hybrid
50000,51,1166,994,1,105,Hybrid
50000,20,3523,509,1,51,Hybrid
50000,28,1307,164,1,244,Hybrid
50000,28,2563,347,2,277,Hybrid
50000,90,1986,960,1,108,Hybrid
50000,13,3332,627,2,380,Hybrid
50000,67,1236,122,2,101,Hybrid
50000,43,1751,812,4,453,Hybrid
50000,93,1902,21,1,316,Hybrid
50000,57,2117,917,4,143,Hybrid
50000,56,2695,164,3,411,Hybrid
50000,26,2936,962,4,60,Hybrid
50000,59,3189,29,5,65,Hybrid
50000,93,343,141,3,164,Hybrid
50000,39,1374,46,2,173,Hybrid
50000,41,3698,297,1,428,Hybrid
50000,75,3423,60,1,86,Hybrid
50000,25,672,996,4,199,Hybrid
50000,70,1757,446,4,357,Hybrid
50000,29,770,873,4,141,Hybrid
50000,63,474,472,2,209,Hybrid
50000,16,403,41,3,290,Hybrid
50000,52,930,436,5,235,Hybrid
50000,34,1636,977,4,276,Hybrid
50000,54,3018,573,4,338,Hybrid
50000,87,2353,357,4,200,Hybrid
