Workload,Tasks,Baseline Latency,Baseline Energy,Baseline Throughput,Baseline Response,Baseline Cost,Baseline Load,Baseline SLA,Baseline Fitness,Baseline Runtime,Baseline Latency Std,Baseline Energy Std,Baseline Throughput Std,Baseline Fitness Std,Baseline Median Fitness,Baseline Best Fitness,Baseline Worst Fitness,PSO Latency,PSO Energy,PSO Throughput,PSO Response,PSO Cost,PSO Load,PSO SLA,PSO Fitness,PSO Runtime,PSO Latency Std,PSO Energy Std,PSO Throughput Std,PSO Fitness Std,PSO Median Fitness,PSO Best Fitness,PSO Worst Fitness,DE Latency,DE Energy,DE Throughput,DE Response,DE Cost,DE Load,DE SLA,DE Fitness,DE Runtime,DE Latency Std,DE Energy Std,DE Throughput Std,DE Fitness Std,DE Median Fitness,DE Best Fitness,DE Worst Fitness,GA Latency,GA Energy,GA Throughput,GA Response,GA Cost,GA Load,GA SLA,GA Fitness,GA Runtime,GA Latency Std,GA Energy Std,GA Throughput Std,GA Fitness Std,GA Median Fitness,GA Best Fitness,GA Worst Fitness,Lion Latency,Lion Energy,Lion Throughput,Lion Response,Lion Cost,Lion Load,Lion SLA,Lion Fitness,Lion Runtime,Lion Latency Std,Lion Energy Std,Lion Throughput Std,Lion Fitness Std,Lion Median Fitness,Lion Best Fitness,Lion Worst Fitness,Hybrid Latency,Hybrid Energy,Hybrid Throughput,Hybrid Response,Hybrid Cost,Hybrid Load,Hybrid SLA,Hybrid Fitness,Hybrid Runtime,Hybrid Latency Std,Hybrid Energy Std,Hybrid Throughput Std,Hybrid Fitness Std,Hybrid Median Fitness,Hybrid Best Fitness,Hybrid Worst Fitness
Low,5000,2158.4415,168.0675,6087.995,2158.4415,629.9845,10.84,3.0,0.0680266,0.0010209250009211245,80.07772200050071,8.33803452480512,168.37602568749443,0.00952065849336948,0.065815,0.052745,0.090822,2236.792,124.9165,5982.7495,2236.792,418.2725,0.30000000000000004,2.6,0.03458865,0.24314793000012286,129.09499271140567,4.44101016839519,71.99773179724049,0.008627927581101782,0.0325145,0.020439,0.051198,2372.4745000000003,118.065,5682.596,2372.4745000000003,374.935,1.74,2.9,0.0461002,0.52483749999883,110.21664042263592,6.0640480660503036,124.48493594766676,0.008322789136493024,0.045861,0.030192,0.061069,2219.514,124.785,6011.736,2219.514,418.618,0.0,2.6,0.0331421,1.362774125001306,131.23548562953943,3.987653973268783,56.95529182936749,0.009086166703175478,0.030393,0.01868,0.051184,2255.7575,123.8385,5944.8795,2255.7575,410.464,0.36000000000000004,2.6,0.0352465,0.3589250049997645,127.61943643731917,4.697836316074837,63.23267080893851,0.008800700465543099,0.032241,0.022133,0.053093,2215.719,125.3765,6021.8425,2215.719,422.1415,0.060000000000000005,2.6,0.03333245,0.8730424100031087,130.0915316593424,4.262857054037571,61.52149738741312,0.00896194873941459,0.030540499999999998,0.018687,0.051114
Low,10000,5401.8825,330.9205,9646.0235,5401.8825,1230.654,21.78,10.6,0.1032333,0.003854694998153718,133.66051481173056,11.112541267462293,213.00874677556024,0.005955165039031686,0.103211,0.089948,0.11263,5010.0755,237.925,10553.2165,5010.0755,773.398,0.6,8.15,0.05554515,0.4541793200005486,166.1779908941964,8.048583072422387,131.57064507328374,0.005005322065193786,0.0563915,0.047355,0.065363,5238.558,223.799,10106.721,5238.558,689.497,2.12,9.0,0.06452465,0.9448174849996576,171.3804728973704,8.755049610608182,193.8227460145778,0.00507757084767489,0.0641385,0.055566,0.07509,4918.031,243.973,10721.431,4918.031,809.4375,0.1,8.15,0.05305215,2.429605134999292,160.04129476646423,7.401806394032262,147.80004543479123,0.005101775452309664,0.053291500000000006,0.044809,0.063369,5027.4675,236.881,10510.059,5027.4675,766.5135,0.8,8.15,0.0562697,0.6521138799995242,153.79734074338484,8.640288676951284,159.52849030815773,0.005261236647705357,0.0569025,0.047817,0.067108,4950.4145,241.4225,10659.4155,4950.4145,794.6469999999999,0.42000000000000004,8.15,0.0541663,1.5828651749980054,165.16181158185447,7.271500152904091,128.2378578832071,0.005191371364303008,0.054154,0.045926,0.064865
Low,15000,9845.9385,500.2385,12169.3085,9845.9385,1859.185,32.8,26.85,0.13924635,0.008719165001093643,240.98102223324324,18.277897862258612,251.96742607506772,0.005453218656276117,0.138826,0.13184,0.147629,8405.354,350.8225,14556.5675,8405.354,1120.225,1.06,16.45,0.072264,0.6694122350003454,216.5791798663457,12.645223718651119,279.58443115819705,0.005294545385781981,0.07437450000000001,0.060479,0.078374,8663.9895,331.7675,14133.458,8663.9895,1007.2675,2.6,18.55,0.08028445000000001,1.3893242350015498,222.9718576642873,12.760123277328931,281.3748473141349,0.0050318864044056185,0.080153,0.0705,0.08883,8284.714,360.427,14759.1055,8284.714,1175.8425,0.54,16.45,0.07032795,3.539706459998706,236.03704518347817,12.677104974177492,233.43461190787232,0.005221759165917374,0.07193150000000001,0.058844,0.076765,8456.12,346.5655,14474.1095,8456.12,1093.892,1.46,16.45,0.073243,0.9492409000034968,227.4930631446757,12.3910976001661,265.94562943490223,0.0050528180256169935,0.07497899999999999,0.062156,0.078987,8330.9785,356.7455,14683.3685,8330.9785,1154.6375,0.6,16.45,0.0709202,2.3041169650001394,238.25384216872118,11.613339641618118,282.37466677177974,0.0050440999677058874,0.072293,0.060122,0.076758
Medium,20000,14481.189,632.4505,14644.225,14481.189,2312.1615,38.22,44.4,0.1551594,0.015183259999321307,291.43784376414595,16.56867001459778,222.1802627431869,0.006467361158764425,0.156337,0.145955,0.166867,12234.722,457.096,17699.6335,12234.722,1438.5245,1.68,25.45,0.08608695,0.8768665750001674,258.22019621368054,14.938532796270966,308.22806288568717,0.004495490260425324,0.0852715,0.079111,0.093414,12488.9695,439.8725,17351.0685,12488.9695,1331.156,3.44,30.05,0.09507755,1.796660304998659,307.4057245892846,18.12696940298742,298.7400739293542,0.004979577941056113,0.095746,0.087404,0.105801,12066.625,470.7285,17928.787,12066.625,1518.722,0.88,25.45,0.0842291,4.605181099999754,278.9000353928005,12.673615059808723,266.4071919192791,0.004566278271484512,0.0839135,0.076607,0.091156,12260.1185,449.3095,17667.009000000002,12260.1185,1393.8445,2.52,25.55,0.08700395,1.2461735450015112,288.2944880038829,15.816164773986602,294.89242675396446,0.004394376699409802,0.086823,0.080202,0.095049,12144.307499999999,464.749,17827.24,12144.307499999999,1483.6335,1.0,25.45,0.0848834,2.995098605000385,238.2670485616154,12.823649164521655,315.2948266889929,0.004708714702269444,0.0840915,0.077783,0.092674
Medium,25000,19195.5485,754.295,17516.0415,19195.5485,2699.088,39.34,58.4,0.15735635,0.023711110000294865,335.92950769430325,15.80177188598931,301.24617976656117,0.007843980925894035,0.1561435,0.144189,0.174812,16759.339,568.898,20252.6605,16759.339,1771.66,2.54,33.95,0.097162,1.0872814999973344,319.5999233729571,14.38415524475675,395.1361026342695,0.005026820916475521,0.09623999999999999,0.088736,0.110597,16942.035,549.713,20061.4735,16942.035,1658.603,4.24,41.85,0.10697035,2.2097305849987605,324.8750223101998,23.344654093321704,438.586929501109,0.0057114223067279354,0.1060845,0.098777,0.122345,16631.2025,584.783,20393.9055,16631.2025,1859.7735,1.0,33.9,0.0955466,5.665798015001928,330.70712762479445,13.473090568747914,339.930675834678,0.0050525217195293475,0.0948795,0.08724,0.108627,16724.912,565.1435,20282.551,16724.912,1751.177,3.2800000000000002,34.65,0.0981389,1.5319049899990205,336.7862603241971,19.211796067986324,379.9749455022971,0.004965088358783389,0.0968465,0.090431,0.111608,16688.299,579.7044999999999,20324.648,16688.299,1832.0855,1.34,33.9,0.09606289999999999,3.685979670000961,328.6245416709182,15.455876577841636,345.6086330945363,0.005044001303267915,0.0951835,0.08854,0.109558
Medium,30000,24002.044,860.4075,19950.389,24002.044,3009.0299999999997,39.22,74.45,0.16121885,0.03804230999812717,388.79404100371727,19.335452541898267,357.3073165527195,0.005928287844377112,0.161187,0.147232,0.170672,21499.364,675.405,22295.725,21499.364,2089.935,2.96,49.0,0.11148975,1.4326820800008135,423.712706955774,22.347189508915164,345.8822488483919,0.00533894215695049,0.111445,0.099884,0.127108,21736.8535,659.313,22088.573,21736.8535,1990.0835,4.58,58.9,0.12141705,2.9561011400001007,420.96811663586493,24.337261468568588,394.4581607337761,0.005707006824256061,0.12061150000000001,0.110017,0.136202,21433.79,692.511,22334.247,21433.79,2185.6965,0.9400000000000001,48.6,0.10998735,7.828079720000824,357.1432977922091,19.26755956469182,400.86362008333447,0.00524498620012233,0.1096375,0.099187,0.125694,21585.1295,668.5265,22224.302,21585.1295,2045.8455,3.64,49.7,0.11271425,2.0677422549997573,382.50253421210743,22.33646046383874,421.9757033738966,0.00518422262228084,0.112007,0.102133,0.127813,21498.3385,687.501,22288.5685,21498.3385,2154.9230000000002,1.28,48.6,0.11036185,4.844868704999681,321.93876842253877,20.933612834763846,422.6798584006951,0.005289652195063189,0.1100615,0.098956,0.126128
Medium,35000,29421.861,972.0915,22095.641499999998,29421.861,3348.781,39.38,93.75,0.16784815,0.04999676000079489,385.57424578085295,19.64129331013456,367.5266664478423,0.0054118427864025065,0.167407,0.159903,0.177927,26906.215,780.986,24098.1185,26906.215,2391.274,3.36,64.85,0.12365034999999999,1.5586177649995079,415.07204516679684,23.117790005466397,360.1611444935371,0.005742227747367006,0.123471,0.114721,0.134232,27150.126,768.4715,23946.95,27150.126,2312.7655,4.72,76.8,0.1333937,3.138931940000475,403.601171238716,27.250498455122457,368.83406431619096,0.005387676777903245,0.133351,0.125714,0.14505,26859.105,799.6205,24131.995,26859.105,2503.9475,1.22,63.75,0.1218482,8.164084840000578,366.463111384029,20.47507302859543,399.1427910106726,0.005836536388178038,0.1217895,0.112258,0.13295,26968.0425,775.504,24067.091500000002,26968.0425,2359.481,4.14,66.4,0.1252284,2.186980159999075,378.87620480455803,22.183502499783366,410.61830175935506,0.005593936354378918,0.125302,0.115729,0.13606,26930.5325,797.771,24068.4475,26930.5325,2484.483,1.58,63.85,0.1223054,5.216548650001641,385.4703698473632,22.591293129503626,395.94480552185104,0.0060611730704108495,0.12231449999999999,0.112524,0.133989
High,40000,35424.7785,1086.8025,24059.003,35424.7785,3704.323,39.46,114.05,0.17440645,0.06188761000012164,300.7368205674191,15.158601128003033,260.9991862883059,0.005379019480938495,0.176161,0.163094,0.183098,32869.727,895.1045,25819.8305,32869.727,2752.008,4.0,83.65,0.1354683,1.7888047049986198,322.19328600767153,17.92934098504167,289.2032208722692,0.004910398559233891,0.136102,0.126873,0.141697,33100.234000000004,887.242,25688.8555,33100.234000000004,2695.924,4.98,97.0,0.1446778,3.637025894999533,387.9698980916731,24.508859751440678,281.08860141796055,0.004965528960003311,0.1457835,0.136198,0.152623,32886.4215,912.3325,25795.301,32886.4215,2841.8255,1.28,82.5,0.13382655,9.239790624998568,283.6905360882746,20.510746573442926,297.57548706876156,0.004901834054987132,0.1345055,0.125072,0.139435,32905.438500000004,891.6419999999999,25793.7865,32905.438500000004,2729.863,4.32,85.65,0.13692365,2.5905174000006808,329.6657767189928,20.898489393909994,300.945625675837,0.004906101413707116,0.137288,0.127462,0.143741,32887.1945,906.5045,25802.0605,32887.1945,2811.177,1.98,82.65,0.1341598,6.135462929999631,336.64482694712996,19.258505291237743,264.51148237886275,0.004806522811434698,0.1351845,0.125396,0.140307
High,45000,41944.162,1201.8195,25838.4555,41944.162,4062.4695,39.52,139.2,0.1830146,0.07785445000045002,396.939358308971,19.027641797354185,383.2315931443386,0.006101566187204893,0.1821565,0.175298,0.194572,39327.875,1012.1945000000001,27397.5725,39327.875,3112.0545,4.0200000000000005,106.6,0.1474861,1.9675915300009366,325.90257274383777,17.570062599115637,433.67785523934714,0.004571033510913561,0.1475755,0.139127,0.155734,39586.6575,993.338,27294.083,39586.6575,2997.09,5.72,120.65,0.15626005,3.9662769300026413,473.4943315491865,23.851065208475436,401.3506414084168,0.005098056610895443,0.15609800000000001,0.147502,0.164455,39429.0515,1024.1490000000001,27349.5045,39429.0515,3174.2265,1.6199999999999999,104.35,0.14563635,10.178373525000643,369.1292012329757,23.103177020077844,417.3741164329166,0.004373058971222487,0.14597749999999998,0.137949,0.154172,39398.2775,1009.083,27355.6305,39398.2775,3094.621,4.3,108.75,0.1489122,2.7758940599997004,401.7540662470665,21.85193237269997,398.61211591266044,0.004786887172265504,0.1483915,0.140696,0.157341,39390.521,1021.661,27353.198,39390.521,3164.095,2.52,104.55,0.1460017,6.635809639999934,376.9601955798239,21.478950993693168,409.2287618461158,0.004557498045153609,0.1461465,0.137657,0.154177
High,50000,48930.643,1317.0355,27381.742,48930.643,4414.716,39.58,166.1,0.19155845,0.0948700650005776,415.33517076541557,19.560427149302196,417.62232014105757,0.005684153961719046,0.1902055,0.178796,0.202075,46360.2565,1127.6255,28734.708,46360.2565,3468.6465,3.94,132.0,0.1591733,2.1688571950027837,454.02495550789666,29.898409300232178,429.79328679580004,0.005107785317790049,0.1588715,0.148245,0.168162,46574.1555,1110.917,28675.8925,46574.1555,3363.445,7.46,146.65,0.16780675,4.37272729499964,575.6337082360903,34.91200051558205,434.0580604732994,0.004855952656005661,0.16699350000000002,0.157799,0.176786,46343.7885,1139.362,28735.1485,46343.7885,3532.9555,1.78,128.55,0.15680154999999998,11.219361655001558,421.16842569558213,24.456795977267454,430.51416216420495,0.005389317342523177,0.15628999999999998,0.145585,0.166092,46503.12,1122.0674999999999,28692.653,46503.12,3432.6775,4.12,134.6,0.1607085,3.0426167399986297,448.4024873634008,21.186842708326523,452.73959939926897,0.005137842968447076,0.1605675,0.14976,0.169411,46338.2565,1133.289,28745.076,46338.2565,3498.3065,2.74,129.55,0.15756025,7.299059650000709,463.2999196641292,25.41332760580558,424.87363245037824,0.005442680627034322,0.156924,0.146156,0.16723
