Algorithm,Metric,Mean,Median,Std Dev,Variance,Minimum,Maximum,Best,Worst,95% CI,Improvement (%)
Baseline,Fitness,-1.3465,0.0744,4.1983,17.6261,-8.2567,3.204,-8.2567,3.204,2.6022,0.0
Baseline,Latency,10170.849,10073.75,6160.1197,37947075.2314,1631.61,19555.61,1631.61,19555.61,3818.0818,0.0
Baseline,Energy,786.999,824.02,376.3391,141631.1399,174.78,1312.98,174.78,1312.98,233.2574,0.0
Baseline,Throughput,57830.415,59780.735,27981.8557,782984248.4251,12290.23,97245.28,12290.23,97245.28,17343.3338,0.0
Baseline,Response,7791.149,7590.75,5085.0841,25858080.161,1095.61,15676.61,1095.61,15676.61,3151.7678,0.0
Baseline,Cost,2744.473,2915.46,1221.1968,1491321.5466,653.25,4379.26,653.25,4379.26,756.9056,0.0
Baseline,Load,34.2,39.6,9.8725,97.4667,11.2,39.6,11.2,39.6,6.1191,0.0
Baseline,SLA,12.6,13.5,9.2999,86.4889,2.0,27.0,2.0,27.0,5.7642,0.0
Baseline,Runtime,0.0434,0.0343,0.0378,0.0014,0.001,0.1044,0.001,0.1044,0.0234,0.0
PSO,Fitness,-1.4945,-0.1893,3.1079,9.659,-8.174,1.0646,-8.174,1.0646,1.9263,-10.99
PSO,Latency,10823.0034,10521.2525,6556.7393,42990830.0032,1647.2485,20892.8665,1647.2485,20892.8665,4063.9091,-6.41
PSO,Energy,709.3467,761.0518,328.0277,107602.1932,174.6605,1161.5425,174.6605,1161.5425,203.3137,9.87
PSO,Throughput,50630.3432,53276.6212,23436.3117,549260704.9431,12297.2265,84364.282,12297.2265,84364.282,14525.9765,-12.45
PSO,Response,8860.1784,8420.1525,5745.8495,33014786.8474,1105.7985,17757.3665,1105.7985,17757.3665,3561.3144,-13.72
PSO,Cost,2389.6004,2655.4808,997.6026,995210.9086,658.5425,3667.416,658.5425,3667.416,618.3205,12.93
PSO,Load,12.48,14.0,7.988,63.8083,1.86,21.92,1.86,21.92,4.951,63.51
PSO,SLA,14.55,15.975,10.5972,112.3,2.05,32.05,2.05,32.05,6.5682,-15.48
PSO,Runtime,2.5464,0.9667,5.3703,28.8406,0.1702,17.7811,0.1702,17.7811,3.3286,-5771.96
DE,Fitness,-0.3386,0.4993,2.0958,4.3925,-5.0155,1.3427,-5.0155,1.3427,1.299,74.85
DE,Latency,11220.5409,11135.9698,6528.7371,42624407.7824,1798.932,21058.0675,1798.932,21058.0675,4046.5532,-10.32
DE,Energy,678.4056,714.4997,334.0126,111564.4211,157.7545,1153.0255,157.7545,1153.0255,207.0232,13.8
DE,Throughput,49082.3528,50862.8195,24290.0537,590006708.6679,10966.4615,84356.5205,10966.4615,84356.5205,15055.1313,-15.13
DE,Response,9340.5909,9159.2698,5654.4876,31973230.2212,1337.432,17915.9175,1337.432,17915.9175,3504.6877,-19.89
DE,Cost,2213.8998,2388.3148,1017.5761,1035461.1575,570.2765,3611.233,570.2765,3611.233,630.7002,19.33
DE,Load,8.632,8.93,4.5823,20.9979,2.08,13.84,2.08,13.84,2.8402,74.76
DE,SLA,16.755,19.45,11.2807,127.2536,3.05,35.35,3.05,35.35,6.9918,-32.98
DE,Runtime,2.4432,2.5362,1.2951,1.6773,0.4724,4.38,0.4724,4.38,0.8027,-5534.14
GA,Fitness,-2.6186,-1.1201,3.5326,12.4793,-9.2157,0.6228,-9.2157,0.6228,2.1895,-94.47
GA,Latency,10329.573,9696.7268,6486.6497,42076623.9804,1627.842,20510.23,1627.842,20510.23,4020.4671,-1.56
GA,Energy,748.2047,829.3755,327.888,107510.5632,180.373,1179.04,180.373,1179.04,203.2271,4.93
GA,Throughput,52665.1441,57228.8112,22590.4386,510327916.3546,12854.9515,84009.4165,12854.9515,84009.4165,14001.6989,-8.93
GA,Response,8256.108,7382.8768,5766.9428,33257629.7863,1047.7425,17406.88,1047.7425,17406.88,3574.3882,-5.97
GA,Cost,2614.8946,2996.7948,1019.7845,1039960.3471,701.062,3785.434,701.062,3785.434,632.069,4.72
GA,Load,17.26,17.66,13.5398,183.3252,0.16,34.52,0.16,34.52,8.392,49.53
GA,SLA,12.105,11.675,9.8113,96.2614,2.0,29.35,2.0,29.35,6.0811,3.93
GA,Runtime,4.7662,4.6578,2.5957,6.7379,0.9394,8.566,0.9394,8.566,1.6089,-10890.91
Lion,Fitness,-0.366,0.5007,2.1657,4.6904,-5.153,1.3696,-5.153,1.3696,1.3423,72.82
Lion,Latency,11218.9816,11148.462,6548.9967,42889357.5637,1801.6775,21119.7135,1801.6775,21119.7135,4059.1102,-10.31
Lion,Energy,679.0464,712.889,332.9482,110854.4799,158.2265,1148.9635,158.2265,1148.9635,206.3634,13.72
Lion,Throughput,49090.7644,50566.773,24268.6451,588967136.113,11065.054,84224.306,11065.054,84224.306,15041.8621,-15.11
Lion,Response,9337.1966,9186.512,5674.8987,32204475.6624,1333.9775,17983.7135,1333.9775,17983.7135,3517.3387,-19.84
Lion,Cost,2217.9722,2378.678,1011.6954,1023527.5675,573.1985,3591.6745,573.1985,3591.6745,627.0553,19.18
Lion,Load,8.692,9.15,4.3308,18.756,2.04,13.68,2.04,13.68,2.6843,74.58
Lion,SLA,16.745,19.6,10.9976,120.9469,3.3,34.6,3.3,34.6,6.8164,-32.9
Lion,Runtime,1.373,1.3424,0.7532,0.5673,0.2613,2.5368,0.2613,2.5368,0.4669,-3066.15
Hybrid,Fitness,-2.521,-1.0314,3.5209,12.3965,-9.2022,0.6401,-9.2022,0.6401,2.1823,-87.22
Hybrid,Latency,10376.7457,9786.0372,6494.9612,42184520.6383,1629.452,20503.848,1629.452,20503.848,4025.6186,-2.02
Hybrid,Energy,743.9503,820.9762,327.8683,107497.6451,180.221,1179.972,180.221,1179.972,203.2149,5.47
Hybrid,Throughput,52406.7311,56757.1775,22675.0739,514158977.1178,12851.5005,84074.399,12851.5005,84074.399,14054.1564,-9.38
Hybrid,Response,8319.2007,7500.3622,5763.4552,33217415.3896,1049.352,17397.848,1049.352,17397.848,3572.2265,-6.78
Hybrid,Cost,2591.2745,2961.8552,1016.2958,1032857.1704,699.183,3789.072,699.183,3789.072,629.9067,5.58
Hybrid,Load,16.622,17.49,12.8157,164.2421,0.3,32.78,0.3,32.78,7.9433,51.4
Hybrid,SLA,12.375,12.125,9.922,98.4462,2.0,30.5,2.0,30.5,6.1497,1.79
Hybrid,Runtime,6.107,4.8621,5.9715,35.6591,0.9437,22.0099,0.9437,22.0099,3.7012,-13982.75
