seed,depth,objective,mixer,in_constraint_probability,probability_of_optimum,feasible_shot_fraction,mode_is_optimal,best_sampled_is_optimal,approximation_ratio,two_qubit_gates,transpiled_depth
1,1,expectation,xy,0.9999999999999997,0.6964261340225405,1.0,True,True,1.0,12,25
1,1,expectation,penalty_x,0.03727276964849548,0.0025473747298586347,0.03564453125,False,True,0.47122269161825814,0,14
1,1,cvar,xy,0.9999999999999984,0.493993072516022,1.0,True,True,1.0,12,25
1,1,cvar,penalty_x,0.05530971925955493,0.0009397659404479121,0.05908203125,False,True,0.47122269161825814,0,14
1,2,expectation,xy,1.0000000000000002,0.8213474231637192,1.0,True,True,1.0,12,40
1,2,expectation,penalty_x,0.016598547976886553,0.0005122226587719378,0.01611328125,False,True,0.4795553028631907,0,26
1,2,cvar,xy,1.000000000000001,0.31174965094141993,1.0,True,True,1.0,12,40
1,2,cvar,penalty_x,0.16994712254514732,0.008264021192353777,0.1591796875,False,True,0.30954810165395286,0,26
1,3,expectation,xy,0.9999999999999954,0.7192548122638207,1.0,True,True,1.0,12,55
1,3,expectation,penalty_x,0.0940146993570186,0.014700421331685861,0.09521484375,True,True,1.0,0,38
1,3,cvar,xy,1.0000000000000027,0.2505776167336041,1.0,False,True,0.47237921587357484,12,55
1,3,cvar,penalty_x,0.12493717646350357,0.029231487317332595,0.1298828125,True,True,1.0,0,38
2,1,expectation,xy,0.999999999999999,0.1471405493591773,1.0,False,True,0.9909911860935657,12,25
2,1,expectation,penalty_x,0.11671660123784526,0.010610126110079816,0.11474609375,False,True,0.9909911860935657,0,14
2,1,cvar,xy,0.999999999999999,0.14984228452876758,1.0,False,True,0.9909911860935657,12,25
2,1,cvar,penalty_x,0.27544648961623563,0.00986926797157307,0.26806640625,False,True,0.4633892799525001,0,14
2,2,expectation,xy,1.000000000000001,0.9600370649711132,1.0,True,True,1.0,12,40
2,2,expectation,penalty_x,0.10803083117837024,0.025641396138834514,0.09619140625,False,True,0.9909911860935657,0,26
2,2,cvar,xy,1.0000000000000007,0.41791939243930304,1.0,True,True,1.0,12,40
2,2,cvar,penalty_x,0.1609716776233184,0.011562882305544048,0.15869140625,False,True,0.46062528521662593,0,26
2,3,expectation,xy,0.9999999999999982,0.09629367955020388,1.0,False,True,0.9909911860935657,12,55
2,3,expectation,penalty_x,0.10462253002879389,0.0038748717482618325,0.09228515625,False,True,0.4576698232269843,0,38
2,3,cvar,xy,0.9999999999999956,0.2504418689661864,1.0,True,True,1.0,12,55
2,3,cvar,penalty_x,0.014087174573302984,0.0001175235857130384,0.017578125,False,False,0.46323516226243366,0,38
3,1,expectation,xy,1.0000000000000007,0.1709249656114799,1.0,False,True,0.9975157556994876,12,25
3,1,expectation,penalty_x,0.060897227486303364,0.0023277749451879218,0.0595703125,False,True,0.4583518129794706,0,14
3,1,cvar,xy,0.9999999999999998,0.1739091238700803,1.0,False,True,0.9975157556994876,12,25
3,1,cvar,penalty_x,0.25823704285297805,0.009747794132276952,0.2646484375,False,True,0.45531078000454767,0,14
3,2,expectation,xy,0.9999999999999978,0.7105455273058127,1.0,True,True,1.0,12,40
3,2,expectation,penalty_x,0.08159723197625654,0.00657174880097043,0.0791015625,False,True,0.4503317947804609,0,26
3,2,cvar,xy,1.0000000000000007,0.279781039495041,1.0,True,True,1.0,12,40
3,2,cvar,penalty_x,0.17732076667090518,0.011246896501540427,0.18359375,False,True,0.4583518129794706,0,26
3,3,expectation,xy,1.0000000000000013,0.14418803909787534,1.0,False,True,0.9975157556994876,12,55
3,3,expectation,penalty_x,0.043015915790669323,0.0017809154836858601,0.03955078125,False,True,0.4583518129794706,0,38
3,3,cvar,xy,1.0000000000000004,0.24917685553925312,1.0,True,True,1.0,12,55
3,3,cvar,penalty_x,0.09409939856905052,0.008400099242136454,0.1005859375,True,True,1.0,0,38
4,1,expectation,xy,0.9999999999999984,0.16696352175232387,1.0,False,True,0.9904152588674325,12,25
4,1,expectation,penalty_x,0.0767459039566641,0.0016074165439358679,0.07177734375,False,True,0.9987643417983052,0,14
4,1,cvar,xy,1.0000000000000002,0.16118219888499463,1.0,False,True,0.9904152588674325,12,25
4,1,cvar,penalty_x,0.04668435279553746,0.0019511862224982706,0.04345703125,False,True,0.9987643417983052,0,14
4,2,expectation,xy,1.0,0.11513660823618094,1.0,False,True,0.9987643417983052,12,40
4,2,expectation,penalty_x,0.08756879369829132,0.004122200255256011,0.07958984375,False,True,0.9987643417983052,0,26
4,2,cvar,xy,0.9999999999999989,0.2543386596263652,1.0,True,True,1.0,12,40
4,2,cvar,penalty_x,0.03126882185433042,0.00023228744146079337,0.0302734375,False,True,0.4602817128926196,0,26
4,3,expectation,xy,1.000000000000003,0.05999943731181668,1.0,False,True,0.9987643417983052,12,55
4,3,expectation,penalty_x,0.02868188476993327,0.0011911984271146714,0.02490234375,False,True,0.45749990679557045,0,38
4,3,cvar,xy,1.000000000000002,0.08157623792186162,1.0,False,True,0.4811782285877284,12,55
4,3,cvar,penalty_x,0.040043661812247076,0.0035753501496477405,0.04296875,False,True,0.9987643417983052,0,38
5,1,expectation,xy,0.9999999999999986,0.7489446892182117,1.0,True,True,1.0,12,25
5,1,expectation,penalty_x,0.024677095845375117,0.0012057146138797533,0.02490234375,False,False,0.4693202384126732,0,14
5,1,cvar,xy,1.0,0.5544011313093087,1.0,True,True,1.0,12,25
5,1,cvar,penalty_x,0.03082200720676032,0.0024922779479413714,0.0302734375,False,True,0.4533368721318368,0,14
5,2,expectation,xy,1.000000000000001,0.044537994107506765,1.0,False,True,0.982050432444205,12,40
5,2,expectation,penalty_x,0.07068418185284556,0.0038050121259602878,0.068359375,False,True,0.9764176655853084,0,26
5,2,cvar,xy,1.0000000000000007,0.33600151601488054,1.0,True,True,1.0,12,40
5,2,cvar,penalty_x,0.03478722851276398,0.0010739189417958983,0.0361328125,False,True,0.4565115991115118,0,26
5,3,expectation,xy,1.000000000000003,0.08369613245614985,1.0,False,True,0.9772998324146682,12,55
5,3,expectation,penalty_x,0.06650595502674297,0.000394000031154658,0.064453125,False,True,0.4565865486226079,0,38
5,3,cvar,xy,1.0000000000000009,0.3170740185519797,1.0,True,True,1.0,12,55
5,3,cvar,penalty_x,0.059345439296730404,0.0015719176517846076,0.06201171875,False,True,0.9764176655853084,0,38
6,1,expectation,xy,0.9999999999999991,0.12963956368606877,1.0,False,True,0.9641885300475928,12,25
6,1,expectation,penalty_x,0.0631532346884086,0.0022238561071005274,0.0595703125,False,True,0.45000421280897673,0,14
6,1,cvar,xy,0.9999999999999979,0.1390284572295929,1.0,False,True,0.9641885300475928,12,25
6,1,cvar,penalty_x,0.08248957573580887,0.006254331457732519,0.083984375,False,True,0.9663705561700183,0,14
6,2,expectation,xy,1.0000000000000016,0.018882386570276414,1.0,False,True,0.9641885300475928,12,40
6,2,expectation,penalty_x,0.06485939249091438,0.0001440488681761665,0.06005859375,False,True,0.9663705561700183,0,26
6,2,cvar,xy,1.0000000000000002,0.053663414137667925,1.0,False,True,0.9663705561700183,12,40
6,2,cvar,penalty_x,0.04809854249361117,0.0013889644504097764,0.0576171875,False,True,0.46357710889707426,0,26
6,3,expectation,xy,1.0000000000000047,0.2589945473307637,1.0,False,True,0.9641885300475928,12,55
6,3,expectation,penalty_x,0.049942402687146024,0.0018018247289469588,0.05419921875,False,False,0.44962673845799583,0,38
6,3,cvar,xy,1.0000000000000013,0.28498684630670595,1.0,False,True,0.9641885300475928,12,55
6,3,cvar,penalty_x,0.04147314634348627,0.0017865152009268364,0.04541015625,False,True,0.9641885300475928,0,38
7,1,expectation,xy,0.9999999999999974,0.7698360447318615,1.0,True,True,1.0,12,25
7,1,expectation,penalty_x,0.06352122685500089,0.0006694173862660022,0.06396484375,False,False,0.45192700548029363,0,14
7,1,cvar,xy,0.9999999999999984,0.6713450348860923,1.0,True,True,1.0,12,25
7,1,cvar,penalty_x,0.05945266391440037,0.0012071030352095188,0.0634765625,False,True,0.45334113692254524,0,14
7,2,expectation,xy,1.000000000000004,0.6636835268205753,1.0,True,True,1.0,12,40
7,2,expectation,penalty_x,0.060749680628260284,0.0030433295289857103,0.06103515625,False,True,0.2907402519955216,0,26
7,2,cvar,xy,0.9999999999999988,0.30472594160964994,1.0,True,True,1.0,12,40
7,2,cvar,penalty_x,0.03812880039802943,0.00041717249204864065,0.03662109375,False,True,0.4634030420090319,0,26
7,3,expectation,xy,0.9999999999999994,0.14454004913488774,1.0,False,True,0.9880552134388516,12,55
7,3,expectation,penalty_x,0.08440754349193744,0.0038616739300757798,0.08154296875,False,True,0.45602286346880305,0,38
7,3,cvar,xy,0.9999999999999979,0.2509966553242338,1.0,True,True,1.0,12,55
7,3,cvar,penalty_x,0.21401484123552686,0.012578611298497041,0.21044921875,False,True,0.4532645642351684,0,38
8,1,expectation,xy,0.9999999999999994,0.0021078072973075876,1.0,False,True,0.9948628464497775,12,25
8,1,expectation,penalty_x,0.05458202393458477,0.003425933080039755,0.0546875,False,True,0.4575335920968867,0,14
8,1,cvar,xy,1.0000000000000016,0.412032758499575,1.0,True,True,1.0,12,25
8,1,cvar,penalty_x,0.05603854991239505,0.0029443211954835956,0.0615234375,False,True,0.4575335920968867,0,14
8,2,expectation,xy,1.0000000000000022,0.016743527900620194,1.0,False,True,0.9948628464497775,12,40
8,2,expectation,penalty_x,0.05789420422247407,0.001997686504699304,0.05615234375,False,True,0.4627952716552634,0,26
8,2,cvar,xy,1.0000000000000018,0.25073404606715466,1.0,True,True,1.0,12,40
8,2,cvar,penalty_x,0.07675643975076042,0.019498307075740476,0.06787109375,False,True,0.9948628464497775,0,26
8,3,expectation,xy,0.9999999999999997,0.22418287827164848,1.0,False,True,0.9948628464497775,12,55
8,3,expectation,penalty_x,0.04912117561998315,0.0038115838264078964,0.0439453125,False,True,0.4575335920968867,0,38
8,3,cvar,xy,0.9999999999999993,0.3060302768350776,1.0,True,True,1.0,12,55
8,3,cvar,penalty_x,0.09892639505652892,0.007127591591970088,0.1083984375,False,True,0.3000114497448933,0,38
9,1,expectation,xy,1.0,0.4065313205453495,1.0,True,True,1.0,12,25
9,1,expectation,penalty_x,0.06369815733356084,0.0006328008511163374,0.06396484375,False,False,0.22306535294221036,0,14
9,1,cvar,xy,0.9999999999999984,0.40750064216684073,1.0,True,True,1.0,12,25
9,1,cvar,penalty_x,0.06190943933451196,0.0035900223504997334,0.0634765625,False,True,0.46652691231748794,0,14
9,2,expectation,xy,1.0000000000000007,0.8245518015526603,1.0,True,True,1.0,12,40
9,2,expectation,penalty_x,0.07472084814283558,0.01970971641014895,0.064453125,True,True,1.0,0,26
9,2,cvar,xy,0.9999999999999983,0.4406981273845474,1.0,True,True,1.0,12,40
9,2,cvar,penalty_x,0.08564622499972843,0.012379421305321811,0.091796875,True,True,1.0,0,26
9,3,expectation,xy,0.9999999999999994,0.8199320515625157,1.0,True,True,1.0,12,55
9,3,expectation,penalty_x,0.06958932537458373,0.013608011024853739,0.0771484375,False,True,0.4616082483391816,0,38
9,3,cvar,xy,1.0000000000000042,0.38488583773428897,1.0,True,True,1.0,12,55
9,3,cvar,penalty_x,0.10672040120221774,0.04225709208407814,0.11962890625,True,True,1.0,0,38
10,1,expectation,xy,1.000000000000001,0.04764682343498291,1.0,False,True,0.9480133596528595,12,25
10,1,expectation,penalty_x,0.07173969162214831,0.002651970540687008,0.0703125,False,True,0.43975941628072457,0,14
10,1,cvar,xy,0.9999999999999994,0.26905996776612034,1.0,True,True,1.0,12,25
10,1,cvar,penalty_x,0.12221636646656629,0.004760597474147896,0.12939453125,False,True,0.45387135166332426,0,14
10,2,expectation,xy,0.9999999999999977,0.3932364342478797,1.0,True,True,1.0,12,40
10,2,expectation,penalty_x,0.03927803137814697,0.0034162234790766997,0.03662109375,False,True,0.9480133596528595,0,26
10,2,cvar,xy,1.0000000000000004,0.26445413696295067,1.0,True,True,1.0,12,40
10,2,cvar,penalty_x,0.10218117641343616,0.0033525961586028993,0.1083984375,False,True,0.4424725013780243,0,26
10,3,expectation,xy,0.9999999999999996,0.2581643448824991,1.0,False,True,0.9564744401930291,12,55
10,3,expectation,penalty_x,0.10904127270053189,0.0019518557157541484,0.10107421875,False,True,0.2821817140106976,0,38
10,3,cvar,xy,0.9999999999999983,0.25435769323839347,1.0,True,True,1.0,12,55
10,3,cvar,penalty_x,0.08091290197517556,0.0030248809534595437,0.07568359375,False,True,0.9745356625868752,0,38
11,1,expectation,xy,0.9999999999999979,0.19095292048366258,1.0,True,True,1.0,12,25
11,1,expectation,penalty_x,0.05930696292577624,0.0005862097278621254,0.05419921875,False,True,0.2318467761622299,0,14
11,1,cvar,xy,1.000000000000001,0.19900869910577662,1.0,True,True,1.0,12,25
11,1,cvar,penalty_x,0.06838122726298436,0.006361661163107455,0.0654296875,False,True,0.3165066185319005,0,14
11,2,expectation,xy,0.9999999999999989,0.8279516284119492,1.0,True,True,1.0,12,40
11,2,expectation,penalty_x,0.06434743790643252,0.002248831188705428,0.072265625,False,True,0.31560760541268285,0,26
11,2,cvar,xy,0.9999999999999979,0.4394039531557106,1.0,True,True,1.0,12,40
11,2,cvar,penalty_x,0.06977310313521615,0.006300906061444017,0.0546875,False,True,0.4701823472861953,0,26
11,3,expectation,xy,1.0000000000000033,0.6216515167883226,1.0,True,True,1.0,12,55
11,3,expectation,penalty_x,0.03132090782883048,0.004355642071330973,0.02734375,False,True,0.48413178970929494,0,38
11,3,cvar,xy,0.9999999999999953,0.4126043864060991,1.0,True,True,1.0,12,55
11,3,cvar,penalty_x,0.14110976044397625,0.006362653316060581,0.134765625,False,True,0.31560760541268285,0,38
12,1,expectation,xy,0.9999999999999996,0.847950905758015,1.0,True,True,1.0,12,25
12,1,expectation,penalty_x,0.09812448275718363,0.003013113364008856,0.09326171875,False,True,0.9882238081934759,0,14
12,1,cvar,xy,0.9999999999999998,0.7924605243275831,1.0,True,True,1.0,12,25
12,1,cvar,penalty_x,0.06464189387966235,0.0017311965626783151,0.05419921875,False,True,0.6316442493332981,0,14
12,2,expectation,xy,0.9999999999999989,0.029762052378107293,1.0,False,True,0.9834846470015751,12,40
12,2,expectation,penalty_x,0.06237576182110033,0.0013326630943890252,0.07080078125,False,True,0.6346396501162861,0,26
12,2,cvar,xy,0.9999999999999981,0.14279396774514008,1.0,True,True,1.0,12,40
12,2,cvar,penalty_x,0.20254964649340668,0.007091151779021685,0.19677734375,False,True,0.9651178014528514,0,26
12,3,expectation,xy,1.0000000000000027,0.05813215922052939,1.0,False,True,0.9902799283259754,12,55
12,3,expectation,penalty_x,0.006178331833745143,0.000214997709378444,0.005859375,False,False,0.9965430171467549,0,38
12,3,cvar,xy,1.0000000000000002,0.25121784339654396,1.0,True,True,1.0,12,55
12,3,cvar,penalty_x,0.10896126705272388,0.003111331680502216,0.10693359375,False,True,0.6316442493332981,0,38
13,1,expectation,xy,0.9999999999999984,0.7865582996923667,1.0,True,True,1.0,12,25
13,1,expectation,penalty_x,0.07275611917691317,0.002244912339818874,0.06689453125,True,True,1.0,0,14
13,1,cvar,xy,0.9999999999999963,0.2725663783301701,1.0,False,True,0.9781144921643788,12,25
13,1,cvar,penalty_x,0.009334136762080949,0.00016248115011313434,0.00830078125,False,False,0.9567058582784101,0,14
13,2,expectation,xy,0.9999999999999959,0.8688669359105161,1.0,True,True,1.0,12,40
13,2,expectation,penalty_x,0.04734405215234594,0.0001021072036997591,0.04736328125,False,False,0.4329259548029334,0,26
13,2,cvar,xy,0.9999999999999969,0.27841991093408325,1.0,True,True,1.0,12,40
13,2,cvar,penalty_x,0.004530484386722294,3.2819188713384626e-05,0.00634765625,False,False,0.9675499454894831,0,26
13,3,expectation,xy,0.9999999999999971,0.00045015487822233196,1.0,False,False,0.9751086169264322,12,55
13,3,expectation,penalty_x,0.007764999592137427,7.578062298362577e-05,0.00537109375,False,True,0.9567058582784101,0,38
13,3,cvar,xy,0.9999999999999997,0.40099920596888566,1.0,True,True,1.0,12,55
13,3,cvar,penalty_x,0.0171172696455957,0.0019380421619989271,0.021484375,True,True,1.0,0,38
14,1,expectation,xy,0.9999999999999986,0.19821375139035102,1.0,False,True,0.9828939583231381,12,25
14,1,expectation,penalty_x,0.03929555191700343,0.0008150712074258161,0.037109375,False,True,0.2921625813549603,0,14
14,1,cvar,xy,0.9999999999999981,0.2177265824427342,1.0,False,True,0.9828939583231381,12,25
14,1,cvar,penalty_x,0.07193945155630511,0.012518504300815499,0.0712890625,False,True,0.4606906875335416,0,14
14,2,expectation,xy,0.999999999999998,0.11810145850287056,1.0,False,True,0.9828939583231381,12,40
14,2,expectation,penalty_x,0.08774639061587662,0.018925752297015853,0.08349609375,True,True,1.0,0,26
14,2,cvar,xy,0.9999999999999996,0.26431671222940895,1.0,False,True,0.9828939583231381,12,40
14,2,cvar,penalty_x,0.08981223842855758,0.010828778981542225,0.08837890625,False,True,0.4606906875335416,0,26
14,3,expectation,xy,1.0000000000000004,0.8696400096086354,1.0,True,True,1.0,12,55
14,3,expectation,penalty_x,0.03943013208792212,0.008778019527340142,0.03857421875,True,True,1.0,0,38
14,3,cvar,xy,0.9999999999999978,0.503884942703092,1.0,True,True,1.0,12,55
14,3,cvar,penalty_x,0.059181746242091576,0.004665719449813755,0.0537109375,True,True,1.0,0,38
15,1,expectation,xy,0.9999999999999997,0.044098455016179046,1.0,False,True,0.43779213220718793,12,25
15,1,expectation,penalty_x,0.08895086371712053,0.010606942602946473,0.07958984375,False,True,0.9700210337609746,0,14
15,1,cvar,xy,0.9999999999999991,0.03769023345273947,1.0,False,True,0.9700210337609746,12,25
15,1,cvar,penalty_x,0.09379132352394864,0.012364216268337998,0.09130859375,True,True,1.0,0,14
15,2,expectation,xy,0.9999999999999981,0.06051238268929217,1.0,False,True,0.9617552474892336,12,40
15,2,expectation,penalty_x,0.06210234695562302,0.009381372671242314,0.064453125,True,True,1.0,0,26
15,2,cvar,xy,0.9999999999999991,0.2610289004362998,1.0,True,True,1.0,12,40
15,2,cvar,penalty_x,0.10053615333479156,0.004802358914676725,0.099609375,False,True,0.9940102569470244,0,26
15,3,expectation,xy,1.0000000000000013,0.4246777264585396,1.0,True,True,1.0,12,55
15,3,expectation,penalty_x,0.06269936082335087,0.0011199861773114014,0.05517578125,False,True,0.2847476627049479,0,38
15,3,cvar,xy,0.9999999999999968,0.25960697690479767,1.0,True,True,1.0,12,55
15,3,cvar,penalty_x,0.2871272806035223,0.010362318106487757,0.2880859375,False,True,0.28334658383561406,0,38
16,1,expectation,xy,0.9999999999999996,0.12909271129144795,1.0,False,True,0.9853690946167138,12,25
16,1,expectation,penalty_x,0.09123559154884084,0.00014612787717113493,0.09814453125,False,True,0.2124485755544967,0,14
16,1,cvar,xy,0.9999999999999989,0.13087669134806204,1.0,False,True,0.9853690946167138,12,25
16,1,cvar,penalty_x,0.16963185714667595,0.006184869536212398,0.17529296875,False,True,0.2124485755544967,0,14
16,2,expectation,xy,0.9999999999999977,0.1493106657341599,1.0,True,True,1.0,12,40
16,2,expectation,penalty_x,0.05720135497280667,0.0003530691929037811,0.0537109375,False,False,0.2124485755544967,0,26
16,2,cvar,xy,1.0000000000000007,0.25034349769796715,1.0,True,True,1.0,12,40
16,2,cvar,penalty_x,0.08490454600965017,0.003515721018456072,0.08837890625,False,True,0.4474279702323938,0,26
16,3,expectation,xy,1.0000000000000016,0.3548754671494819,1.0,True,True,1.0,12,55
16,3,expectation,penalty_x,0.10201782805457621,0.0034723519574243137,0.10400390625,False,True,0.43958032607174363,0,38
16,3,cvar,xy,0.9999999999999966,0.27071370408727113,1.0,True,True,1.0,12,55
16,3,cvar,penalty_x,0.11342599327510766,0.006976881355110803,0.103515625,False,True,0.9941715605834383,0,38
17,1,expectation,xy,0.9999999999999991,0.26137625331597686,1.0,True,True,1.0,12,25
17,1,expectation,penalty_x,0.05919017324386139,0.0025275359911082675,0.06201171875,False,True,0.45521684690277986,0,14
17,1,cvar,xy,1.0000000000000018,0.2585361289510503,1.0,True,True,1.0,12,25
17,1,cvar,penalty_x,0.09105852819123622,0.007885959253331944,0.0966796875,True,True,1.0,0,14
17,2,expectation,xy,1.0000000000000004,0.0138533021704581,1.0,False,True,0.4616431853191908,12,40
17,2,expectation,penalty_x,0.04389641849450366,5.887650281123591e-05,0.046875,False,False,0.21679703378626303,0,26
17,2,cvar,xy,0.9999999999999971,0.2616718029193831,1.0,True,True,1.0,12,40
17,2,cvar,penalty_x,0.07869239503791287,0.0024721262512446603,0.07373046875,False,True,0.2183739969417207,0,26
17,3,expectation,xy,0.999999999999999,0.561014623460325,1.0,True,True,1.0,12,55
17,3,expectation,penalty_x,0.07743089974684164,0.004539302029731602,0.091796875,False,True,0.29257362891283956,0,38
17,3,cvar,xy,0.9999999999999988,0.26430228192190613,1.0,True,True,1.0,12,55
17,3,cvar,penalty_x,0.06217206911176866,0.0010449185869734084,0.06640625,False,True,0.45786619708754567,0,38
18,1,expectation,xy,1.0000000000000007,0.0642222764511583,1.0,False,True,0.9743672374469503,12,25
18,1,expectation,penalty_x,0.03659873507109934,0.001714431892865645,0.03515625,False,True,0.4392651508567995,0,14
18,1,cvar,xy,0.9999999999999986,0.03479578115913736,1.0,False,True,0.4392651508567995,12,25
18,1,cvar,penalty_x,0.1557404177329333,0.006979566370230909,0.15966796875,False,True,0.43607767062841896,0,14
18,2,expectation,xy,0.9999999999999992,0.06684197617850646,1.0,False,True,0.9743672374469503,12,40
18,2,expectation,penalty_x,0.1360061480465077,0.014489699694497017,0.14453125,False,True,0.9603183078078371,0,26
18,2,cvar,xy,0.9999999999999974,0.1702526352484127,1.0,False,True,0.9934903674091656,12,40
18,2,cvar,penalty_x,0.3096816429466353,0.01099488183510624,0.3046875,False,True,0.4417652667093222,0,26
18,3,expectation,xy,1.0000000000000013,0.03949650052317411,1.0,False,True,0.9934903674091656,12,55
18,3,expectation,penalty_x,0.06166302438586136,0.002071719741451846,0.06396484375,False,True,0.9603183078078371,0,38
18,3,cvar,xy,0.9999999999999987,0.27254228755401694,1.0,False,True,0.4417652667093222,12,55
18,3,cvar,penalty_x,0.12967382212609357,0.00627436867651451,0.1318359375,False,True,0.9624448268825735,0,38
19,1,expectation,xy,1.000000000000002,0.8432144420368257,1.0,True,True,1.0,12,25
19,1,expectation,penalty_x,0.04600727942466258,0.0007477578558213888,0.04833984375,False,True,0.2940264420727468,0,14
19,1,cvar,xy,0.9999999999999991,0.8253310759778039,1.0,True,True,1.0,12,25
19,1,cvar,penalty_x,0.114328597186512,0.013631384281571438,0.107421875,True,True,1.0,0,14
19,2,expectation,xy,1.0000000000000004,0.2693495382425885,1.0,False,True,0.988281053800859,12,40
19,2,expectation,penalty_x,0.016978283721868867,0.0012960367063402048,0.009765625,False,True,0.4565508477719858,0,26
19,2,cvar,xy,1.0000000000000004,0.2502063193268243,1.0,False,True,0.988281053800859,12,40
19,2,cvar,penalty_x,0.23200542161608578,0.009290838898586819,0.21728515625,False,True,0.988281053800859,0,26
19,3,expectation,xy,0.9999999999999999,0.660325796070769,1.0,True,True,1.0,12,55
19,3,expectation,penalty_x,0.10406480468991117,0.030768473058627063,0.10107421875,True,True,1.0,0,38
19,3,cvar,xy,1.0000000000000013,0.2735495223902136,1.0,True,True,1.0,12,55
19,3,cvar,penalty_x,0.06677760287741116,0.0004335764046010941,0.0703125,False,True,0.4499154837730994,0,38
20,1,expectation,xy,1.0000000000000009,0.1829725064739982,1.0,True,True,1.0,12,25
20,1,expectation,penalty_x,0.06375618315537068,0.023000077334457688,0.0634765625,True,True,1.0,0,14
20,1,cvar,xy,0.9999999999999989,0.11603478699600929,1.0,True,True,1.0,12,25
20,1,cvar,penalty_x,0.1939037847194599,0.007019953565039137,0.20556640625,False,True,0.2978263841913157,0,14
20,2,expectation,xy,0.9999999999999994,0.786559642270946,1.0,True,True,1.0,12,40
20,2,expectation,penalty_x,0.08956217315877914,0.0006325188312110553,0.08203125,False,True,0.4642117906566436,0,26
20,2,cvar,xy,1.0000000000000007,0.2591039266727745,1.0,True,True,1.0,12,40
20,2,cvar,penalty_x,0.09408918872604653,0.0005213964763391075,0.10400390625,False,True,0.4642117906566436,0,26
20,3,expectation,xy,1.000000000000001,0.0741561497456106,1.0,False,True,0.4655154449677516,12,55
20,3,expectation,penalty_x,0.037769440202075094,0.001350453895316073,0.0361328125,False,True,0.45437770212907674,0,38
20,3,cvar,xy,0.9999999999999996,0.2550263399382917,1.0,True,True,1.0,12,55
20,3,cvar,penalty_x,0.020538334122946672,0.001258960217513179,0.01953125,False,True,0.2968836392315944,0,38
21,1,expectation,xy,1.0000000000000009,0.2840915339070096,1.0,True,True,1.0,12,25
21,1,expectation,penalty_x,0.07017613596243262,0.005171480997052052,0.076171875,True,True,1.0,0,14
21,1,cvar,xy,1.000000000000001,0.2749822797267101,1.0,True,True,1.0,12,25
21,1,cvar,penalty_x,0.18540154624937022,0.008053411799455389,0.1884765625,False,True,0.3028683648079652,0,14
21,2,expectation,xy,1.0000000000000018,0.7684976036678455,1.0,True,True,1.0,12,40
21,2,expectation,penalty_x,0.07951143225025252,0.0073370156483752,0.078125,False,True,0.30275967656208336,0,26
21,2,cvar,xy,0.9999999999999986,0.29199815364850135,1.0,True,True,1.0,12,40
21,2,cvar,penalty_x,0.13904218392742232,0.007326194743768137,0.140625,True,True,1.0,0,26
21,3,expectation,xy,0.9999999999999988,0.5332003437297671,1.0,True,True,1.0,12,55
21,3,expectation,penalty_x,0.08941324246313949,0.010063621632171714,0.09423828125,False,True,0.4636668878199492,0,38
21,3,cvar,xy,1.0000000000000009,0.2851727407322907,1.0,True,True,1.0,12,55
21,3,cvar,penalty_x,0.07073499210926826,0.0007573298930528912,0.06640625,False,True,0.4636668878199492,0,38
22,1,expectation,xy,0.9999999999999994,0.04253118133199157,1.0,False,True,0.9771380478253193,12,25
22,1,expectation,penalty_x,0.08021692001810128,0.004020353278953574,0.0771484375,False,True,0.9771380478253193,0,14
22,1,cvar,xy,1.0000000000000013,0.06648290470872263,1.0,False,True,0.9540804338191048,12,25
22,1,cvar,penalty_x,0.28329759613826333,0.01030646821578626,0.28564453125,False,True,0.28941681793359864,0,14
22,2,expectation,xy,1.000000000000002,7.489210703713266e-05,1.0,False,False,0.9799144431176214,12,40
22,2,expectation,penalty_x,0.05464492525290716,0.0015857948481569537,0.05224609375,False,True,0.9771380478253193,0,26
22,2,cvar,xy,0.9999999999999996,0.42947122270395166,1.0,True,True,1.0,12,40
22,2,cvar,penalty_x,0.29939029210831203,0.016541467699240125,0.30810546875,False,True,0.961324185786201,0,26
22,3,expectation,xy,0.9999999999999976,0.12927773122455258,1.0,False,True,0.9847375498641634,12,55
22,3,expectation,penalty_x,0.10209524468326577,0.003467114160469301,0.0966796875,False,True,0.9771380478253193,0,38
22,3,cvar,xy,0.999999999999998,0.2528767141840423,1.0,True,True,1.0,12,55
22,3,cvar,penalty_x,0.14684901742430762,0.0027413852459086652,0.138671875,False,True,0.9847375498641634,0,38
23,1,expectation,xy,0.9999999999999981,0.7436842661765882,1.0,True,True,1.0,12,25
23,1,expectation,penalty_x,0.06957106733001354,0.038659137613793956,0.07568359375,True,True,1.0,0,14
23,1,cvar,xy,0.9999999999999977,0.36829698179871884,1.0,True,True,1.0,12,25
23,1,cvar,penalty_x,0.05974686646473985,0.01358240948458722,0.068359375,False,True,0.30974436843665754,0,14
23,2,expectation,xy,0.9999999999999967,0.5206131558276907,1.0,True,True,1.0,12,40
23,2,expectation,penalty_x,0.06576794725184482,0.04377693365168869,0.0693359375,True,True,1.0,0,26
23,2,cvar,xy,0.9999999999999998,0.25021352504132355,1.0,True,True,1.0,12,40
23,2,cvar,penalty_x,0.04610742281724161,0.006343057401188995,0.05322265625,False,True,0.30793856134318454,0,26
23,3,expectation,xy,1.0000000000000047,0.9120269152521289,1.0,True,True,1.0,12,55
23,3,expectation,penalty_x,0.09027837436018589,0.0074477141469549415,0.09375,False,True,0.3153353349436737,0,38
23,3,cvar,xy,0.9999999999999983,0.32482260119631584,1.0,True,True,1.0,12,55
23,3,cvar,penalty_x,0.03495437315470177,0.011558670890860935,0.0341796875,True,True,1.0,0,38
24,1,expectation,xy,0.9999999999999997,0.5627433706782984,1.0,True,True,1.0,12,25
24,1,expectation,penalty_x,0.06240247568068018,0.000287055957084348,0.07177734375,False,False,0.23044823890305674,0,14
24,1,cvar,xy,0.9999999999999981,0.48400988616399787,1.0,True,True,1.0,12,25
24,1,cvar,penalty_x,0.07378525395975456,0.008366171418760688,0.064453125,False,True,0.47726639840024776,0,14
24,2,expectation,xy,0.9999999999999989,0.9246584923043284,1.0,True,True,1.0,12,40
24,2,expectation,penalty_x,0.059006258706391486,0.014313964892995395,0.06005859375,True,True,1.0,0,26
24,2,cvar,xy,1.0000000000000002,0.266593669079641,1.0,True,True,1.0,12,40
24,2,cvar,penalty_x,0.06464581626221237,0.029928618805209674,0.06494140625,True,True,1.0,0,26
24,3,expectation,xy,1.0000000000000009,0.907261842602527,1.0,True,True,1.0,12,55
24,3,expectation,penalty_x,0.08359692944024959,0.0120998114531162,0.07958984375,True,True,1.0,0,38
24,3,cvar,xy,0.9999999999999974,0.34295488869573637,1.0,True,True,1.0,12,55
24,3,cvar,penalty_x,0.19373527463100756,0.02861322613488368,0.18603515625,True,True,1.0,0,38
25,1,expectation,xy,0.9999999999999978,0.19042178569628063,1.0,False,True,0.9729443894921208,12,25
25,1,expectation,penalty_x,0.04570733346210721,0.0014295797103102232,0.05029296875,False,True,0.2866389927936446,0,14
25,1,cvar,xy,1.0000000000000018,0.21118759123916736,1.0,False,True,0.9729443894921208,12,25
25,1,cvar,penalty_x,0.27156308119166017,0.010015071383145663,0.26708984375,False,True,0.44279385671600485,0,14
25,2,expectation,xy,0.9999999999999964,0.2705430475666359,1.0,False,True,0.9729443894921208,12,40
25,2,expectation,penalty_x,0.09796990443366121,0.019113095213940244,0.09716796875,True,True,1.0,0,26
25,2,cvar,xy,0.999999999999999,0.2844814131355541,1.0,True,True,1.0,12,40
25,2,cvar,penalty_x,0.10797991315940147,0.018232900035366085,0.11572265625,False,True,0.44200175304647715,0,26
25,3,expectation,xy,0.9999999999999986,0.29611801014974454,1.0,False,True,0.9729443894921208,12,55
25,3,expectation,penalty_x,0.1135382973661923,0.0054285856716844,0.1005859375,False,True,0.44279385671600485,0,38
25,3,cvar,xy,0.9999999999999969,0.2500838326625503,1.0,False,True,0.9729443894921208,12,55
25,3,cvar,penalty_x,0.08863167036794611,0.02533695912975268,0.08251953125,True,True,1.0,0,38
26,1,expectation,xy,0.9999999999999988,0.17339117581182764,1.0,False,True,0.973395340913228,12,25
26,1,expectation,penalty_x,0.03998197895845923,0.000628386279937478,0.04345703125,False,False,0.3082442292193507,0,14
26,1,cvar,xy,0.9999999999999982,0.18470355555015486,1.0,False,True,0.973395340913228,12,25
26,1,cvar,penalty_x,0.1559392153041925,0.006580283718608269,0.1630859375,False,True,0.31367895160383813,0,14
26,2,expectation,xy,0.9999999999999959,0.07312221217917696,1.0,False,True,0.973395340913228,12,40
26,2,expectation,penalty_x,0.028587304320112014,0.0007681630463520314,0.029296875,False,False,0.3006142462266943,0,26
26,2,cvar,xy,1.0000000000000022,0.5152976666916085,1.0,True,True,1.0,12,40
26,2,cvar,penalty_x,0.09229727990007482,0.02761343399733465,0.08837890625,False,True,0.973395340913228,0,26
26,3,expectation,xy,0.9999999999999957,0.6053479316779401,1.0,True,True,1.0,12,55
26,3,expectation,penalty_x,0.05497932797039072,0.0019605884333334417,0.05224609375,False,True,0.3101671381509916,0,38
26,3,cvar,xy,0.9999999999999991,0.3580880141581879,1.0,True,True,1.0,12,55
26,3,cvar,penalty_x,0.070838270223319,0.0019421022219615039,0.0712890625,False,True,0.48166433220312993,0,38
27,1,expectation,xy,1.0000000000000013,0.025484036800777113,1.0,False,True,0.9291276605526566,12,25
27,1,expectation,penalty_x,0.01866939689801617,0.0008395264075977349,0.02099609375,False,True,0.4375537076357117,0,14
27,1,cvar,xy,0.9999999999999997,0.04111550173913382,1.0,False,True,0.9434942728648625,12,25
27,1,cvar,penalty_x,0.013988440247264816,0.00039788288752640443,0.0166015625,False,True,0.903251588380867,0,14
27,2,expectation,xy,0.9999999999999973,0.009376381537004678,1.0,False,True,0.903251588380867,12,40
27,2,expectation,penalty_x,0.023032723389112032,0.0007329553533156188,0.01904296875,False,True,0.91698539729025,0,26
27,2,cvar,xy,0.9999999999999972,0.123844163472678,1.0,False,True,0.9954987469930021,12,40
27,2,cvar,penalty_x,0.010358409750286414,0.00029448059615367955,0.01171875,False,True,0.43091390448846295,0,26
27,3,expectation,xy,0.9999999999999957,0.010836838155259283,1.0,False,True,0.9332592815606728,12,55
27,3,expectation,penalty_x,0.01602250521534822,8.788894495404254e-05,0.0166015625,False,False,0.42894223636600803,0,38
27,3,cvar,xy,1.0000000000000004,0.344277608399617,1.0,True,True,1.0,12,55
27,3,cvar,penalty_x,0.023780046963574428,0.00028430972792725846,0.0205078125,False,False,0.9606251546273163,0,38
28,1,expectation,xy,0.9999999999999987,0.462806703679924,1.0,True,True,1.0,12,25
28,1,expectation,penalty_x,0.12712033243129772,0.0033357026609275447,0.12109375,False,True,0.45425832269130373,0,14
28,1,cvar,xy,0.999999999999999,0.3210423244453495,1.0,True,True,1.0,12,25
28,1,cvar,penalty_x,0.1410204061129702,0.005016716833367055,0.1337890625,False,True,0.45425832269130373,0,14
28,2,expectation,xy,1.0000000000000016,0.6979753481903802,1.0,True,True,1.0,12,40
28,2,expectation,penalty_x,0.05810522001373919,0.011182423038042394,0.05322265625,True,True,1.0,0,26
28,2,cvar,xy,0.9999999999999982,0.37633124521203704,1.0,True,True,1.0,12,40
28,2,cvar,penalty_x,0.0625019462885684,0.0009329086093450416,0.0703125,False,True,0.29987680190421845,0,26
28,3,expectation,xy,0.9999999999999962,0.3396467989276636,1.0,False,True,0.9861195310364955,12,55
28,3,expectation,penalty_x,0.06991002274866204,0.0013340123231197366,0.072265625,False,True,0.29713461344935826,0,38
28,3,cvar,xy,1.000000000000003,0.2527698191563878,1.0,False,True,0.9861195310364955,12,55
28,3,cvar,penalty_x,0.15775027572324885,0.01645201129612079,0.173828125,False,True,0.45425832269130373,0,38
29,1,expectation,xy,0.9999999999999992,0.29468822484697976,1.0,True,True,1.0,12,25
29,1,expectation,penalty_x,0.13089875122758837,0.008282307494865703,0.11328125,False,True,0.4634170120815731,0,14
29,1,cvar,xy,1.0000000000000004,0.2747234570972791,1.0,True,True,1.0,12,25
29,1,cvar,penalty_x,0.14820390764717378,0.011086934818048682,0.15380859375,True,True,1.0,0,14
29,2,expectation,xy,1.000000000000002,0.36646471055441054,1.0,False,True,0.9738679460887291,12,40
29,2,expectation,penalty_x,0.23246356629785817,0.024382745073578925,0.24560546875,False,True,0.9738679460887291,0,26
29,2,cvar,xy,1.000000000000002,0.27535377779283965,1.0,False,True,0.9738679460887291,12,40
29,2,cvar,penalty_x,0.21774301219812214,0.028157999460744664,0.21533203125,True,True,1.0,0,26
29,3,expectation,xy,1.0,0.4077630959807381,1.0,False,True,0.9738679460887291,12,55
29,3,expectation,penalty_x,0.2214109172927811,0.019696297207316395,0.2255859375,False,True,0.4634170120815731,0,38
29,3,cvar,xy,1.0000000000000029,0.29788671490138136,1.0,False,True,0.9738679460887291,12,55
29,3,cvar,penalty_x,0.23922341418398382,0.026137134012342387,0.24658203125,False,True,0.9738679460887291,0,38
30,1,expectation,xy,1.0000000000000002,0.19565866248346264,1.0,False,True,0.9894742133951642,12,25
30,1,expectation,penalty_x,0.006686444117442505,2.69117848636436e-05,0.005859375,False,False,0.31882446043972446,0,14
30,1,cvar,xy,0.9999999999999999,0.21914710103497254,1.0,False,True,0.9894742133951642,12,25
30,1,cvar,penalty_x,0.026004658388923914,8.038614392774731e-05,0.02783203125,False,False,0.30570180212017145,0,14
30,2,expectation,xy,1.0000000000000024,0.23016020143472118,1.0,False,True,0.9894742133951642,12,40
30,2,expectation,penalty_x,0.03165291029130302,0.00021911621909022924,0.04052734375,False,False,0.4874596770798352,0,26
30,2,cvar,xy,1.0000000000000009,0.25286238118999804,1.0,False,True,0.9894742133951642,12,40
30,2,cvar,penalty_x,0.12074762219298409,0.004848057530860766,0.11669921875,False,True,0.22672904114245498,0,26
30,3,expectation,xy,0.9999999999999968,0.12199569226846844,1.0,False,True,0.4837127639269729,12,55
30,3,expectation,penalty_x,0.05266384140429725,0.0005499376440398069,0.046875,False,False,0.47147346860626904,0,38
30,3,cvar,xy,0.9999999999999956,0.25026450216104285,1.0,False,True,0.9894742133951642,12,55
30,3,cvar,penalty_x,0.08403580189805725,0.003229130695540882,0.08154296875,False,True,0.47968814283755234,0,38
