qubits,n_stages,candidates,radius,weight,seed,is_layered_dag,dp_is_optimal,dp_ratio,sa_is_optimal,sa_ratio,greedy_ratio,cost_spread,n_couplings
16,4,4,0.0,0.0,1,True,True,1.0,True,1.0,0.9992137693364664,20.85486204759724,48
16,4,4,0.0,0.0,2,True,True,1.0,True,1.0,1.0,10.793765752782296,48
16,4,4,0.0,0.0,3,True,True,1.0,True,1.0,0.9895065251396444,10.649963828265243,48
16,4,4,0.0,0.0,4,True,True,1.0,True,1.0,0.48109095526835366,15.667691194843682,48
16,4,4,0.0,0.0,5,True,True,1.0,True,1.0,1.0,10.554605874793214,48
16,4,4,0.0,0.0,6,True,True,1.0,True,1.0,1.0,10.653417396982295,48
16,4,4,0.0,0.0,7,True,True,1.0,True,1.0,0.9813682711407304,10.451639293042826,48
16,4,4,0.0,0.0,8,True,True,1.0,True,1.0,0.9956398717104574,10.420516177941776,48
16,4,4,0.0,0.0,9,True,True,1.0,True,1.0,0.9690640451652413,10.732962861159283,48
16,4,4,0.0,0.0,10,True,True,1.0,True,1.0,0.3208135222323225,10.266465976500497,48
16,4,4,0.0,0.0,11,True,True,1.0,True,1.0,0.9936728338501376,10.513071063707466,48
16,4,4,0.0,0.0,12,True,True,1.0,True,1.0,0.47539676126128144,10.51898085638269,48
16,4,4,0.0,0.0,13,True,True,1.0,True,1.0,0.4806443260717228,5.593181644040527,48
16,4,4,0.0,0.0,14,True,True,1.0,True,1.0,0.9975222373052077,10.44280594453786,48
16,4,4,0.0,0.0,15,True,True,1.0,True,1.0,0.4806960587269181,10.457040568380119,48
16,4,4,0.0,0.0,16,True,True,1.0,True,1.0,0.9765938569185358,10.46879998932845,48
16,4,4,0.0,0.0,17,True,True,1.0,True,1.0,0.9988142705777219,5.600123780078601,48
16,4,4,0.0,0.0,18,True,True,1.0,True,1.0,0.4514325084286682,10.756080445834996,48
16,4,4,0.0,0.0,19,True,True,1.0,True,1.0,1.0,5.430342600002206,48
16,4,4,0.0,0.0,20,True,True,1.0,True,1.0,0.4712346879742148,10.621081827635653,48
16,4,4,25.0,1.0,1,True,True,1.0,True,1.0,0.9992137693364664,20.85486204759724,48
16,4,4,25.0,1.0,2,True,True,1.0,True,1.0,1.0,10.793765752782296,48
16,4,4,25.0,1.0,3,True,True,1.0,True,1.0,0.9895065251396444,10.649963828265243,48
16,4,4,25.0,1.0,4,False,True,1.0,True,1.0,0.48109095526835366,15.675132066973875,49
16,4,4,25.0,1.0,5,True,True,1.0,True,1.0,1.0,10.554605874793214,48
16,4,4,25.0,1.0,6,True,True,1.0,True,1.0,1.0,10.653417396982295,48
16,4,4,25.0,1.0,7,False,True,1.0,True,1.0,0.9813682711407304,10.54533460896211,49
16,4,4,25.0,1.0,8,False,True,1.0,True,1.0,0.9956398717104574,10.544412966122902,50
16,4,4,25.0,1.0,9,True,True,1.0,True,1.0,0.9690640451652413,10.732962861159283,48
16,4,4,25.0,1.0,10,True,True,1.0,True,1.0,0.3208135222323225,10.266465976500497,48
16,4,4,25.0,1.0,11,True,True,1.0,True,1.0,0.9936728338501376,10.513071063707466,48
16,4,4,25.0,1.0,12,True,True,1.0,True,1.0,0.47539676126128144,10.51898085638269,48
16,4,4,25.0,1.0,13,True,True,1.0,True,1.0,0.4806443260717228,5.593181644040527,48
16,4,4,25.0,1.0,14,True,True,1.0,True,1.0,0.9975222373052077,10.44280594453786,48
16,4,4,25.0,1.0,15,True,True,1.0,True,1.0,0.4806960587269181,10.457040568380119,48
16,4,4,25.0,1.0,16,True,True,1.0,True,1.0,0.9765938569185358,10.46879998932845,48
16,4,4,25.0,1.0,17,True,True,1.0,True,1.0,0.9988142705777219,5.600123780078601,48
16,4,4,25.0,1.0,18,False,True,1.0,True,1.0,0.4514325084286682,10.78086213670786,51
16,4,4,25.0,1.0,19,True,True,1.0,True,1.0,1.0,5.430342600002206,48
16,4,4,25.0,1.0,20,True,True,1.0,True,1.0,0.4712346879742148,10.621081827635653,48
16,4,4,35.0,2.0,1,False,True,1.0,True,1.0,0.9992137693364664,21.24914603422695,52
16,4,4,35.0,2.0,2,False,True,1.0,True,1.0,1.0,10.97994704386901,54
16,4,4,35.0,2.0,3,False,False,0.9871641948348961,True,1.0,0.9953786448490342,11.066438944930901,62
16,4,4,35.0,2.0,4,False,True,1.0,True,1.0,0.48109095526835366,16.2497495836011,54
16,4,4,35.0,2.0,5,False,True,1.0,True,1.0,1.0,10.554605874793214,51
16,4,4,35.0,2.0,6,False,True,1.0,True,1.0,1.0,10.653417396982295,49
16,4,4,35.0,2.0,7,False,False,0.9802558432731929,True,1.0,0.9898345678332839,11.144643048496334,57
16,4,4,35.0,2.0,8,False,True,1.0,True,1.0,0.8992293983244989,11.195767568430295,62
16,4,4,35.0,2.0,9,False,False,0.9894978388189507,True,1.0,0.9593697456290331,11.045382744978873,67
16,4,4,35.0,2.0,10,False,True,1.0,True,1.0,0.3208135222323225,10.266465976500497,49
16,4,4,35.0,2.0,11,False,True,1.0,True,1.0,0.9823061260753744,11.209010560331174,63
16,4,4,35.0,2.0,12,True,True,1.0,True,1.0,0.47539676126128144,10.51898085638269,48
16,4,4,35.0,2.0,13,False,True,1.0,True,1.0,0.48493065396533824,5.954971262421318,63
16,4,4,35.0,2.0,14,False,True,1.0,True,1.0,0.9975222373052077,10.621661030348264,50
16,4,4,35.0,2.0,15,False,True,1.0,True,1.0,0.4806960587269181,10.54924661103352,53
16,4,4,35.0,2.0,16,True,True,1.0,True,1.0,0.9765938569185358,10.46879998932845,48
16,4,4,35.0,2.0,17,False,True,1.0,True,1.0,0.9988142705777219,5.600123780078601,50
16,4,4,35.0,2.0,18,False,True,1.0,True,1.0,0.4514325084286682,11.362911432796228,55
16,4,4,35.0,2.0,19,True,True,1.0,True,1.0,1.0,5.430342600002206,48
16,4,4,35.0,2.0,20,True,True,1.0,True,1.0,0.4712346879742148,10.621081827635653,48
16,4,4,45.0,3.0,1,False,False,0.969702451190177,True,1.0,1.0,21.833070244392516,65
16,4,4,45.0,3.0,2,False,False,0.9370156178257575,True,1.0,0.9370156178257575,11.756566571276029,73
16,4,4,45.0,3.0,3,False,False,0.8650134794188449,True,1.0,0.9162484503713945,11.961694638336882,80
16,4,4,45.0,3.0,4,False,False,0.9038127550740879,True,1.0,0.4668393351803516,17.001843240167617,61
16,4,4,45.0,3.0,5,False,False,0.9810663654797778,True,1.0,0.9810663654797778,11.123523630777264,63
16,4,4,45.0,3.0,6,False,False,0.8963335823082786,True,1.0,0.8963335823082786,11.417789742410182,70
16,4,4,45.0,3.0,7,False,False,0.7854575383251419,True,1.0,0.8846955282124823,12.396515095194633,78
16,4,4,45.0,3.0,8,False,False,0.941054758838864,True,1.0,0.8765869663117469,11.752888200202905,77
16,4,4,45.0,3.0,9,False,False,0.9278116249291833,True,1.0,0.9733324071455488,11.659697675563105,78
16,4,4,45.0,3.0,10,False,True,1.0,True,1.0,0.3208135222323225,10.685907802475498,54
16,4,4,45.0,3.0,11,False,False,0.9362203751093929,True,1.0,0.9028403393928854,12.564752133242097,81
16,4,4,45.0,3.0,12,False,True,1.0,True,1.0,0.47539676126128144,10.69436846853171,52
16,4,4,45.0,3.0,13,False,False,0.9621236716072589,True,1.0,0.5233863266544138,6.562811448814553,72
16,4,4,45.0,3.0,14,False,True,1.0,True,1.0,0.9975222373052077,11.343247437664264,61
16,4,4,45.0,3.0,15,False,False,0.9784610256752703,True,1.0,0.4912352195161641,10.924957772670327,63
16,4,4,45.0,3.0,16,False,True,1.0,True,1.0,0.9765938569185358,10.46879998932845,49
16,4,4,45.0,3.0,17,False,False,0.9093035140747333,True,1.0,0.959285778628539,5.987600863722372,67
16,4,4,45.0,3.0,18,False,False,0.9437910658792913,True,1.0,0.4722664528405363,12.397714475255968,65
16,4,4,45.0,3.0,19,False,False,0.999186050853043,True,1.0,0.999186050853043,5.581380903757338,64
16,4,4,45.0,3.0,20,False,True,1.0,True,1.0,0.4761007309696501,10.621106415331347,56
16,4,4,60.0,4.0,1,False,False,0.9651306893565414,True,1.0,0.9875142759673456,22.806437356544233,85
16,4,4,60.0,4.0,2,False,False,0.8867226200629768,True,1.0,0.8867226200629768,12.739222789113402,94
16,4,4,60.0,4.0,3,False,False,0.8717943583392783,True,1.0,0.9245500640645087,12.661989719323456,95
16,4,4,60.0,4.0,4,False,False,0.9059689142785073,True,1.0,0.5298435218619709,17.439791062228274,86
16,4,4,60.0,4.0,5,False,False,0.9607845459978199,True,1.0,0.9607845459978199,11.977486678133433,84
16,4,4,60.0,4.0,6,False,False,0.9082193337912438,True,1.0,0.9082193337912438,11.829249161429557,88
16,4,4,60.0,4.0,7,False,False,0.7355322199050648,True,1.0,0.851961849436721,13.489419782508175,87
16,4,4,60.0,4.0,8,False,False,0.9224516262489039,True,1.0,0.8554098728764363,12.558159540894778,96
16,4,4,60.0,4.0,9,False,False,0.8867829087279169,True,1.0,0.9721689687111009,12.448057725123032,92
16,4,4,60.0,4.0,10,False,True,1.0,True,1.0,0.34861841138831634,11.691014944757052,79
16,4,4,60.0,4.0,11,False,False,0.9547349087969296,True,1.0,0.9303235860682626,13.397620826752302,96
16,4,4,60.0,4.0,12,False,True,1.0,True,1.0,0.5059193175042306,11.662874073254052,76
16,4,4,60.0,4.0,13,False,False,0.9106453649119253,True,1.0,0.5625565448387432,7.514138002803997,85
16,4,4,60.0,4.0,14,False,False,0.9830541095109758,True,1.0,0.9979426113443343,11.839528176914003,80
16,4,4,60.0,4.0,15,False,False,0.9845717266359747,True,1.0,0.5673730114900649,10.98748838460727,81
16,4,4,60.0,4.0,16,False,False,0.9338973229064098,True,1.0,0.952483536500086,10.875088964051884,75
16,4,4,60.0,4.0,17,False,False,0.8652886340684155,True,1.0,0.8985246455454735,6.623233937737664,85
16,4,4,60.0,4.0,18,False,False,0.8017674249728655,True,1.0,0.5033309930164256,13.636057695330418,87
16,4,4,60.0,4.0,19,False,False,0.9621183345193403,True,1.0,0.9621183345193403,5.9281782805476615,78
16,4,4,60.0,4.0,20,False,False,0.9837902642107625,True,1.0,0.5800497548426087,11.357560833719594,86
20,5,4,0.0,0.0,1,True,True,1.0,True,1.0,0.9948182382060982,5.969085511174026,64
20,5,4,0.0,0.0,2,True,True,1.0,True,1.0,1.0,5.93154530055827,64
20,5,4,0.0,0.0,3,True,True,1.0,True,1.0,0.990754451264243,10.981977662712715,64
20,5,4,0.0,0.0,4,True,True,1.0,True,1.0,0.514016824961098,10.86296338064179,64
20,5,4,0.0,0.0,5,True,True,1.0,True,1.0,1.0,10.846889442818911,64
20,5,4,0.0,0.0,6,True,True,1.0,True,1.0,0.509299595083382,5.605983787047688,64
20,5,4,0.0,0.0,7,True,True,1.0,True,1.0,1.0,10.967718462103585,64
20,5,4,0.0,0.0,8,True,True,1.0,True,1.0,0.9808144523435864,10.536493835327455,64
20,5,4,0.0,0.0,9,True,True,1.0,True,1.0,0.9902299512292168,10.861055336733829,64
20,5,4,0.0,0.0,10,True,True,1.0,True,1.0,0.5066505885070973,15.765793979553916,64
20,5,4,0.0,0.0,11,True,True,1.0,True,1.0,0.9796313990635646,16.038546025575517,64
20,5,4,0.0,0.0,12,True,True,1.0,True,1.0,0.5099019285142126,5.699559369979451,64
20,5,4,0.0,0.0,13,True,True,1.0,True,1.0,0.9984795778447708,5.800402883989269,64
20,5,4,0.0,0.0,14,True,True,1.0,True,1.0,0.9847397235627262,10.930195795756312,64
20,5,4,0.0,0.0,15,True,True,1.0,True,1.0,1.0,11.039302366298127,64
20,5,4,0.0,0.0,16,True,True,1.0,True,1.0,0.9649307118842916,10.52114827444724,64
20,5,4,0.0,0.0,17,True,True,1.0,True,1.0,0.9840170929575613,5.857356344257573,64
20,5,4,0.0,0.0,18,True,True,1.0,True,1.0,0.9499925691485168,10.962699241313096,64
20,5,4,0.0,0.0,19,True,True,1.0,True,1.0,0.5070787264960767,5.589048155834002,64
20,5,4,0.0,0.0,20,True,True,1.0,True,1.0,0.9878864294105251,11.044458551138563,64
20,5,4,25.0,1.0,1,False,True,1.0,True,1.0,0.9948182382060982,5.969085511174026,66
20,5,4,25.0,1.0,2,True,True,1.0,True,1.0,1.0,5.93154530055827,64
20,5,4,25.0,1.0,3,False,True,1.0,True,1.0,0.990754451264243,10.981977662712715,66
20,5,4,25.0,1.0,4,False,True,1.0,True,1.0,0.514016824961098,11.097070142534768,67
20,5,4,25.0,1.0,5,False,True,1.0,True,1.0,1.0,10.846889442818911,65
20,5,4,25.0,1.0,6,False,True,1.0,True,1.0,0.509299595083382,5.653698058440311,65
20,5,4,25.0,1.0,7,False,True,1.0,True,1.0,1.0,11.608791799128943,77
20,5,4,25.0,1.0,8,False,True,1.0,True,1.0,0.9507394552387252,10.662717572519892,70
20,5,4,25.0,1.0,9,False,True,1.0,True,1.0,0.9902299512292168,11.04902598382048,68
20,5,4,25.0,1.0,10,False,True,1.0,True,1.0,0.5066505885070973,15.765793979553916,65
20,5,4,25.0,1.0,11,False,False,0.9851562341645487,True,1.0,0.9822684870663192,16.028253683539006,77
20,5,4,25.0,1.0,12,True,True,1.0,True,1.0,0.5099019285142126,5.699559369979451,64
20,5,4,25.0,1.0,13,False,True,1.0,True,1.0,0.9984795778447708,5.800402883989269,69
20,5,4,25.0,1.0,14,False,True,1.0,True,1.0,0.9847397235627262,10.930195795756312,65
20,5,4,25.0,1.0,15,False,True,1.0,True,1.0,1.0,11.039302366298127,66
20,5,4,25.0,1.0,16,False,True,1.0,True,1.0,0.9649307118842916,10.52114827444724,65
20,5,4,25.0,1.0,17,False,True,1.0,True,1.0,0.9840170929575613,5.857356344257573,65
20,5,4,25.0,1.0,18,False,True,1.0,False,0.9900477673076522,0.9499925691485168,10.962699241313096,69
20,5,4,25.0,1.0,19,True,True,1.0,True,1.0,0.5070787264960767,5.589048155834002,64
20,5,4,25.0,1.0,20,True,True,1.0,True,1.0,0.9878864294105251,11.044458551138563,64
20,5,4,35.0,2.0,1,False,False,0.9722454295685217,True,1.0,0.9674505148485851,6.2842337899538,79
20,5,4,35.0,2.0,2,False,True,1.0,True,1.0,1.0,6.117726591644983,75
20,5,4,35.0,2.0,3,False,False,0.9505750631524494,True,1.0,0.9846985400335078,11.093237735207413,93
20,5,4,35.0,2.0,4,False,False,0.9879068920928772,True,1.0,0.5025057532615399,11.676073727425887,73
20,5,4,35.0,2.0,5,False,False,0.9985545333349402,True,1.0,0.9985545333349402,10.791777387460405,77
20,5,4,35.0,2.0,6,False,False,0.9557427398127181,True,1.0,0.48635236984286234,6.450436492069324,82
20,5,4,35.0,2.0,7,False,False,0.8750580332206337,True,1.0,0.8750580332206337,12.922969460592492,104
20,5,4,35.0,2.0,8,False,False,0.8808638186060752,True,1.0,0.8911310038503621,10.957517056576691,96
20,5,4,35.0,2.0,9,False,False,0.9591345147416898,True,1.0,0.9689093384080857,11.638917600398976,83
20,5,4,35.0,2.0,10,False,False,0.9948443023951262,True,1.0,0.5103976300845622,15.832528911911798,73
20,5,4,35.0,2.0,11,False,False,0.9888812955379932,True,1.0,0.98414422130012,15.975997934624264,102
20,5,4,35.0,2.0,12,False,False,0.9632650393658275,True,1.0,0.4987082329522286,6.263214732162768,86
20,5,4,35.0,2.0,13,False,False,0.9530987430759058,True,1.0,0.9665677103939987,6.650697837900733,105
20,5,4,35.0,2.0,14,False,False,0.9797458551991214,True,1.0,0.9655192776760472,11.238039335030313,87
20,5,4,35.0,2.0,15,False,False,0.9870126597517509,True,1.0,0.9870126597517509,11.53027727580816,90
20,5,4,35.0,2.0,16,False,False,0.9155619547300301,True,1.0,0.9476150118569165,10.589660020485614,84
20,5,4,35.0,2.0,17,False,False,0.9892213427780817,True,1.0,0.9684700833690888,5.942073046549343,87
20,5,4,35.0,2.0,18,False,False,0.9208877016054987,True,1.0,0.9000504046684709,10.903904755667071,86
20,5,4,35.0,2.0,19,False,True,1.0,True,1.0,0.5070787264960767,5.615993790946856,68
20,5,4,35.0,2.0,20,False,False,0.9786347255558422,True,1.0,0.9982567059835732,11.270745737317226,72
20,5,4,45.0,3.0,1,False,False,0.8989653124518981,True,1.0,0.8774615433665259,7.016266523665604,106
20,5,4,45.0,3.0,2,False,False,0.9667383737375029,True,1.0,0.9667383737375029,7.0719571553334255,103
20,5,4,45.0,3.0,3,False,False,0.864201842768091,True,1.0,0.9549926125265048,11.910285454158554,128
20,5,4,45.0,3.0,4,False,False,0.9029600600155951,False,0.9960197311035034,0.5082144605828863,12.262582216594547,97
20,5,4,45.0,3.0,5,False,False,0.8321571009088667,True,1.0,0.8321571009088667,11.850805317181864,110
20,5,4,45.0,3.0,6,False,False,0.8811998276483268,True,1.0,0.5595622090274476,6.856278426342986,108
20,5,4,45.0,3.0,7,False,False,0.8325068694341613,True,1.0,0.8325068694341613,13.9466778722342,132
20,5,4,45.0,3.0,8,False,False,0.7933850134846204,True,1.0,0.8457718771186244,11.62524643914016,124
20,5,4,45.0,3.0,9,False,False,0.8840684327982491,True,1.0,0.9269129449521546,12.245468874519819,101
20,5,4,45.0,3.0,10,False,False,0.8176796131939765,True,1.0,0.48183161173915273,17.055598489444172,97
20,5,4,45.0,3.0,11,False,False,0.9343648071863663,True,1.0,0.9414392272851364,15.794875789838162,129
20,5,4,45.0,3.0,12,False,False,0.8935508059715286,True,1.0,0.5155190470542014,6.905511471566956,100
20,5,4,45.0,3.0,13,False,False,0.9227018953516554,True,1.0,0.9381320918929371,7.988259393026126,125
20,5,4,45.0,3.0,14,False,False,0.9068971847430393,True,1.0,0.9610814113725277,12.478672318856319,114
20,5,4,45.0,3.0,15,False,False,0.8176277928723505,True,1.0,0.8176277928723505,13.435648134113567,117
20,5,4,45.0,3.0,16,False,False,0.8318116961398119,True,1.0,0.9763710788518718,10.926105189875805,103
20,5,4,45.0,3.0,17,False,False,0.9343151140342378,True,1.0,0.8741548105863818,6.776019486049678,113
20,5,4,45.0,3.0,18,False,False,0.7121968053882828,True,1.0,0.8287309254368503,11.750913254481338,113
20,5,4,45.0,3.0,19,False,False,0.9708460666183684,True,1.0,0.5145820223773632,6.684244232135192,97
20,5,4,45.0,3.0,20,False,False,0.9259689120195279,True,1.0,0.9820821533139791,11.58220739654191,111
20,5,4,60.0,4.0,1,False,False,0.8923601485596729,True,1.0,0.8630214879657175,8.33656748141385,141
20,5,4,60.0,4.0,2,False,False,0.9699879971684185,True,1.0,0.9699879971684185,7.964997137072183,132
20,5,4,60.0,4.0,3,False,False,0.876456851193727,True,1.0,0.9447754968142724,13.010147798820942,150
20,5,4,60.0,4.0,4,False,False,0.9378786843198186,True,1.0,0.6112439141901004,13.347228823160318,132
20,5,4,60.0,4.0,5,False,False,0.7793070797796181,True,1.0,0.7793070797796181,12.997973130293614,132
20,5,4,60.0,4.0,6,False,False,0.8394367197495044,True,1.0,0.6647626076558439,8.179074917487009,141
20,5,4,60.0,4.0,7,False,False,0.8117334396106529,True,1.0,0.8117334396106529,15.0666070219221,149
20,5,4,60.0,4.0,8,False,False,0.7806144329461171,True,1.0,0.8097022344942812,12.452243094718831,157
20,5,4,60.0,4.0,9,False,False,0.8331757890200271,True,1.0,0.8893398823249771,13.375038391989719,142
20,5,4,60.0,4.0,10,False,False,0.7859990856203489,True,1.0,0.5573836455435517,17.789552389754625,133
20,5,4,60.0,4.0,11,False,False,0.8989806166044341,True,1.0,0.8982632972970968,17.07369142859619,160
20,5,4,60.0,4.0,12,False,False,0.8914041169535782,True,1.0,0.6072716930599936,7.666866432589703,133
20,5,4,60.0,4.0,13,False,False,0.9051342693877565,True,1.0,0.9146030403431177,9.00442273934036,145
20,5,4,60.0,4.0,14,False,False,0.8568886741494491,True,1.0,0.920553376827275,13.526890391842638,135
20,5,4,60.0,4.0,15,False,False,0.7689096574270985,True,1.0,0.7689096574270985,15.183780667434483,147
20,5,4,60.0,4.0,16,False,False,0.7801538487351318,True,1.0,0.920643626115905,11.897738264224566,137
20,5,4,60.0,4.0,17,False,False,0.9333871298258701,True,1.0,0.8555727576839696,8.32360208158436,145
20,5,4,60.0,4.0,18,False,False,0.6806133759654664,True,1.0,0.8023101988533619,12.843638548749434,144
20,5,4,60.0,4.0,19,False,False,0.9527362947410662,True,1.0,0.6063963877452216,8.1490744163103,123
20,5,4,60.0,4.0,20,False,False,0.8855290687168177,True,1.0,0.9586746184935476,12.76018206005002,130
25,5,5,0.0,0.0,1,True,True,1.0,True,1.0,0.9948182382060982,16.105662274406924,100
25,5,5,0.0,0.0,2,True,True,1.0,True,1.0,0.9417992897511359,11.339914636237019,100
25,5,5,0.0,0.0,3,True,True,1.0,True,1.0,0.49151236162107254,21.194032085344563,100
25,5,5,0.0,0.0,4,True,True,1.0,False,0.9919118399684993,0.514016824961098,10.91257639950863,100
25,5,5,0.0,0.0,5,True,True,1.0,False,0.988769560689691,1.0,15.900492496882256,100
25,5,5,0.0,0.0,6,True,True,1.0,True,1.0,0.509299595083382,10.77364955186641,100
25,5,5,0.0,0.0,7,True,True,1.0,False,0.9941483876135194,0.9946322063702998,16.28009910064621,100
25,5,5,0.0,0.0,8,True,True,1.0,True,1.0,0.9938051817746095,5.716730818573276,100
25,5,5,0.0,0.0,9,True,True,1.0,True,1.0,0.9902299512292168,10.981587898056707,100
25,5,5,0.0,0.0,10,True,True,1.0,True,1.0,0.5066505885070973,16.023281272537464,100
25,5,5,0.0,0.0,11,True,True,1.0,True,1.0,0.9796313990635646,16.038546025575517,100
25,5,5,0.0,0.0,12,True,True,1.0,True,1.0,0.5099019285142126,10.838228846606455,100
25,5,5,0.0,0.0,13,True,True,1.0,True,1.0,0.9865545255962261,5.815652301514591,100
25,5,5,0.0,0.0,14,True,True,1.0,True,1.0,0.9831069624467561,15.924285364840792,100
25,5,5,0.0,0.0,15,True,True,1.0,True,1.0,0.9973318701438217,16.23973625374381,100
25,5,5,0.0,0.0,16,True,True,1.0,True,1.0,0.9908107485838805,10.603142674322013,100
25,5,5,0.0,0.0,17,True,True,1.0,True,1.0,0.9840170929575613,5.905729524609807,100
25,5,5,0.0,0.0,18,True,True,1.0,True,1.0,0.9499925691485168,11.247223096902065,100
25,5,5,0.0,0.0,19,True,True,1.0,True,1.0,0.5004344066702701,10.865405359761974,100
25,5,5,0.0,0.0,20,True,True,1.0,True,1.0,0.9878864294105251,11.110248470662404,100
25,5,5,25.0,1.0,1,False,True,1.0,True,1.0,0.9948182382060982,16.105662274406924,102
25,5,5,25.0,1.0,2,False,True,1.0,True,1.0,0.9417992897511359,11.449008518766952,101
25,5,5,25.0,1.0,3,False,True,1.0,False,0.9968690819822448,0.49151236162107254,21.194032085344563,105
25,5,5,25.0,1.0,4,False,True,1.0,False,0.9919118399684993,0.514016824961098,11.097070142534768,104
25,5,5,25.0,1.0,5,False,True,1.0,True,1.0,1.0,15.900492496882256,101
25,5,5,25.0,1.0,6,False,True,1.0,True,1.0,0.509299595083382,10.814459655795332,104
25,5,5,25.0,1.0,7,False,True,1.0,True,1.0,0.9946322063702998,16.530344131624418,118
25,5,5,25.0,1.0,8,False,True,1.0,True,1.0,0.9938051817746095,5.716730818573276,106
25,5,5,25.0,1.0,9,False,True,1.0,True,1.0,0.9902299512292168,11.229990911762881,105
25,5,5,25.0,1.0,10,False,True,1.0,True,1.0,0.5066505885070973,16.023281272537464,101
25,5,5,25.0,1.0,11,False,False,0.9851562341645487,True,1.0,0.9822684870663192,16.028253683539006,113
25,5,5,25.0,1.0,12,True,True,1.0,True,1.0,0.5099019285142126,10.838228846606455,100
25,5,5,25.0,1.0,13,False,True,1.0,True,1.0,0.9865545255962261,5.941636988041505,108
25,5,5,25.0,1.0,14,False,True,1.0,True,1.0,0.9831069624467561,15.929146757116932,104
25,5,5,25.0,1.0,15,False,True,1.0,True,1.0,0.9973318701438217,16.262884186715215,102
25,5,5,25.0,1.0,16,False,True,1.0,True,1.0,0.9908107485838805,10.603142674322013,101
25,5,5,25.0,1.0,17,False,True,1.0,True,1.0,0.9840170929575613,5.905729524609807,101
25,5,5,25.0,1.0,18,False,True,1.0,True,1.0,0.9499925691485168,11.247223096902065,107
25,5,5,25.0,1.0,19,True,True,1.0,True,1.0,0.5004344066702701,10.865405359761974,100
25,5,5,25.0,1.0,20,True,True,1.0,True,1.0,0.9878864294105251,11.110248470662404,100
25,5,5,35.0,2.0,1,False,False,0.9722454295685217,True,1.0,0.9674505148485851,16.522068422308852,121
25,5,5,35.0,2.0,2,False,True,1.0,True,1.0,0.9228660083700969,12.312522945868022,122
25,5,5,35.0,2.0,3,False,False,0.9505750631524494,True,1.0,0.4997836865381779,21.042141883728664,138
25,5,5,35.0,2.0,4,False,False,0.9879068920928772,True,1.0,0.5025057532615399,11.676073727425887,115
25,5,5,35.0,2.0,5,False,False,0.9985545333349402,True,1.0,0.9985545333349402,15.87123067219026,118
25,5,5,35.0,2.0,6,False,False,0.9557427398127181,True,1.0,0.48635236984286234,11.629981876619334,127
25,5,5,35.0,2.0,7,False,False,0.9247015754772789,True,1.0,0.8631248433093668,17.389424677065524,156
25,5,5,35.0,2.0,8,False,False,0.8338552797368385,False,0.9988629695673296,0.9381522853526926,6.65296839469369,149
25,5,5,35.0,2.0,9,False,False,0.9591345147416898,True,1.0,0.9689093384080857,11.833663651281409,128
25,5,5,35.0,2.0,10,False,False,0.9948443023951262,True,1.0,0.5103976300845622,16.048179394541535,110
25,5,5,35.0,2.0,11,False,False,0.9090640788973167,True,1.0,0.9047093559915935,16.464199766503324,149
25,5,5,35.0,2.0,12,False,False,0.9632650393658275,True,1.0,0.4987082329522286,11.433365210663656,133
25,5,5,35.0,2.0,13,False,False,0.9338487840701584,True,1.0,0.9544815361086038,7.129083636287575,160
25,5,5,35.0,2.0,14,False,False,0.9797458551991214,True,1.0,0.9224756768042671,16.507974141955174,138
25,5,5,35.0,2.0,15,False,False,0.9760191572088042,True,1.0,0.9926107096816333,16.88403985178168,133
25,5,5,35.0,2.0,16,False,False,0.9054071601718506,True,1.0,0.9967236274085137,10.785085047748254,128
25,5,5,35.0,2.0,17,False,False,0.982139379137389,False,0.9923059105630773,0.9615366806806097,6.341852846216968,129
25,5,5,35.0,2.0,18,False,False,0.9208877016054987,True,1.0,0.9000504046684709,11.280913350862658,132
25,5,5,35.0,2.0,19,False,True,1.0,True,1.0,0.5004344066702701,10.914732730032602,105
25,5,5,35.0,2.0,20,False,False,0.9786347255558422,True,1.0,0.9982567059835732,11.396166032331342,124
25,5,5,45.0,3.0,1,False,False,0.8854215307906973,True,1.0,0.8642417367790582,17.069365243728054,157
25,5,5,45.0,3.0,2,False,False,0.9667383737375029,True,1.0,0.8593973383861535,13.134303906217728,167
25,5,5,45.0,3.0,3,False,False,0.8533700810165611,True,1.0,0.5716789093370271,21.081833816113075,186
25,5,5,45.0,3.0,4,False,False,0.9029600600155951,True,1.0,0.5082144605828863,12.262582216594547,154
25,5,5,45.0,3.0,5,False,False,0.8271294930730383,True,1.0,0.8271294930730383,16.941074641341487,162
25,5,5,45.0,3.0,6,False,False,0.8700326528280998,True,1.0,0.5524710489807213,12.46332483458868,164
25,5,5,45.0,3.0,7,False,False,0.8268675135202643,True,1.0,0.7719432307487997,19.006792329492896,202
25,5,5,45.0,3.0,8,False,False,0.6801123207548686,True,1.0,0.8106180284864983,8.80631840359359,193
25,5,5,45.0,3.0,9,False,False,0.8825720150655618,True,1.0,0.9253440064898982,12.466107876626516,151
25,5,5,45.0,3.0,10,False,False,0.8176796131939765,True,1.0,0.48183161173915273,17.055598489444172,144
25,5,5,45.0,3.0,11,False,False,0.7875624709315429,True,1.0,0.7935253964725558,16.993968359774094,189
25,5,5,45.0,3.0,12,False,False,0.8935508059715286,True,1.0,0.5155190470542014,12.067590424539677,160
25,5,5,45.0,3.0,13,False,False,0.816324543185416,True,1.0,0.9068273516672642,8.95761251018309,194
25,5,5,45.0,3.0,14,False,False,0.9068971847430393,True,1.0,0.8690863489763148,17.15649334400847,177
25,5,5,45.0,3.0,15,False,False,0.8150978874098,True,1.0,0.8297731906972436,18.74006139742222,181
25,5,5,45.0,3.0,16,False,False,0.7697685465668073,True,1.0,0.9836502246455041,11.541558593565092,163
25,5,5,45.0,3.0,17,False,False,0.9072497197593186,True,1.0,0.8488321499010802,7.139897986392271,170
25,5,5,45.0,3.0,18,False,False,0.6861831678595195,True,1.0,0.7984607729451701,12.149636575229664,179
25,5,5,45.0,3.0,19,False,False,0.9708460666183684,True,1.0,0.5082369871928681,11.632050625425006,146
25,5,5,45.0,3.0,20,False,False,0.9144089742388684,True,1.0,0.969821689230962,11.93524817070077,174
25,5,5,60.0,4.0,1,False,False,0.8505877361431363,True,1.0,0.822622452242501,16.75168675799432,215
25,5,5,60.0,4.0,2,False,False,0.9682235308308701,True,1.0,0.9086030987573314,14.347888405502012,214
25,5,5,60.0,4.0,3,False,False,0.8653442973350299,True,1.0,0.672599755988061,21.573117151689548,233
25,5,5,60.0,4.0,4,False,False,0.9378786843198186,True,1.0,0.6112439141901004,13.376910276101153,214
25,5,5,60.0,4.0,5,False,False,0.766678217903077,True,1.0,0.766678217903077,18.194030998196723,212
25,5,5,60.0,4.0,6,False,False,0.7970120347477024,True,1.0,0.6311658593039354,14.241996219791726,213
25,5,5,60.0,4.0,7,False,False,0.8077978185530148,True,1.0,0.74323897153935,20.736303714325274,233
25,5,5,60.0,4.0,8,False,False,0.6852651716022484,True,1.0,0.8272714072043632,10.508672160509644,238
25,5,5,60.0,4.0,9,False,False,0.7878777346375937,True,1.0,0.8409883016802647,14.017105493518358,215
25,5,5,60.0,4.0,10,False,False,0.7859990856203489,True,1.0,0.5573836455435517,17.821198993429874,198
25,5,5,60.0,4.0,11,False,False,0.7237471614207347,True,1.0,0.7231696653068822,19.347699607948925,239
25,5,5,60.0,4.0,12,False,False,0.8914041169535782,True,1.0,0.6072716930599936,13.037932676920068,213
25,5,5,60.0,4.0,13,False,False,0.7967602828613265,True,1.0,0.9000539965761793,10.621889180088882,225
25,5,5,60.0,4.0,14,False,False,0.8568886741494491,True,1.0,0.8237267866181801,17.94460097076783,212
25,5,5,60.0,4.0,15,False,False,0.7689096574270985,True,1.0,0.7880337732052127,20.80492514370715,229
25,5,5,60.0,4.0,16,False,False,0.707401316522747,True,1.0,0.9216008284357615,12.874047308563867,211
25,5,5,60.0,4.0,17,False,False,0.8557070214982038,True,1.0,0.7843686641461791,9.436589278966649,218
25,5,5,60.0,4.0,18,False,False,0.663806665472716,True,1.0,0.7824983707088123,14.241970278649706,227
25,5,5,60.0,4.0,19,False,False,0.9316292805217689,True,1.0,0.6170421568029131,13.067073130339674,189
25,5,5,60.0,4.0,20,False,False,0.8708159991947596,True,1.0,0.9427462353278013,13.184864772649812,211
