n_stages,candidates,qubits,mixer,depth,seed_transpiler,mapped_qubits,circuit_depth,cx,sx,rz
3,3,9,xy,1,0,57,178,126,153,259
3,3,9,xy,1,1,57,173,128,153,257
3,3,9,xy,1,2,57,157,131,153,257
3,3,9,xy,1,3,57,180,124,171,277
3,3,9,xy,1,4,57,210,137,140,241
3,3,9,xy,1,5,57,180,128,168,275
3,3,9,xy,1,6,57,217,132,138,239
3,3,9,xy,1,7,57,180,128,168,275
3,3,9,xy,1,8,57,211,134,134,235
3,3,9,xy,1,9,57,214,127,149,249
3,3,9,xy,2,0,57,327,281,231,412
3,3,9,xy,2,1,57,411,277,213,388
3,3,9,xy,2,2,57,362,271,256,440
3,3,9,xy,2,3,57,344,267,237,416
3,3,9,xy,2,4,57,413,276,220,394
3,3,9,xy,2,5,57,425,279,251,436
3,3,9,xy,2,6,57,429,284,230,412
3,3,9,xy,2,7,57,296,254,319,518
3,3,9,xy,2,8,57,380,265,289,482
3,3,9,xy,2,9,57,373,269,283,470
3,3,9,xy,3,0,57,669,413,337,591
3,3,9,xy,3,1,57,493,406,349,611
3,3,9,xy,3,2,57,640,422,314,566
3,3,9,xy,3,3,57,495,409,338,599
3,3,9,xy,3,4,57,576,409,324,587
3,3,9,xy,3,5,57,606,429,330,591
3,3,9,xy,3,6,57,564,388,389,657
3,3,9,xy,3,7,57,567,399,398,669
3,3,9,xy,3,8,57,432,382,449,731
3,3,9,xy,3,9,57,580,426,324,585
3,3,9,penalty_x,1,0,57,98,86,77,141
3,3,9,penalty_x,1,1,57,102,96,32,87
3,3,9,penalty_x,1,2,57,95,84,82,147
3,3,9,penalty_x,1,3,57,100,89,57,117
3,3,9,penalty_x,1,4,57,106,85,92,159
3,3,9,penalty_x,1,5,57,89,81,67,129
3,3,9,penalty_x,1,6,57,109,85,67,129
3,3,9,penalty_x,1,7,57,95,86,82,147
3,3,9,penalty_x,1,8,57,90,89,52,111
3,3,9,penalty_x,1,9,57,98,99,42,99
3,3,9,penalty_x,2,0,57,227,205,120,234
3,3,9,penalty_x,2,1,57,217,206,120,234
3,3,9,penalty_x,2,2,57,203,212,125,240
3,3,9,penalty_x,2,3,57,215,205,105,216
3,3,9,penalty_x,2,4,57,225,199,105,216
3,3,9,penalty_x,2,5,57,220,217,100,210
3,3,9,penalty_x,2,6,57,221,212,105,216
3,3,9,penalty_x,2,7,57,227,220,90,198
3,3,9,penalty_x,2,8,57,225,202,105,216
3,3,9,penalty_x,2,9,57,207,210,100,210
3,3,9,penalty_x,3,0,57,306,330,128,285
3,3,9,penalty_x,3,1,57,309,321,143,303
3,3,9,penalty_x,3,2,57,346,347,133,291
3,3,9,penalty_x,3,3,57,315,337,133,291
3,3,9,penalty_x,3,4,57,320,317,143,303
3,3,9,penalty_x,3,5,57,321,331,153,315
3,3,9,penalty_x,3,6,57,325,345,108,261
3,3,9,penalty_x,3,7,57,344,321,163,327
3,3,9,penalty_x,3,8,57,334,320,188,357
3,3,9,penalty_x,3,9,57,333,317,158,321
4,3,12,xy,1,0,57,221,187,224,371
4,3,12,xy,1,1,57,246,186,211,351
4,3,12,xy,1,2,57,176,180,209,349
4,3,12,xy,1,3,57,240,185,196,335
4,3,12,xy,1,4,57,239,198,186,323
4,3,12,xy,1,5,57,236,188,193,329
4,3,12,xy,1,6,57,212,187,216,361
4,3,12,xy,1,7,57,243,205,175,309
4,3,12,xy,1,8,57,202,180,218,361
4,3,12,xy,1,9,57,182,186,216,363
4,3,12,xy,2,0,57,460,369,421,692
4,3,12,xy,2,1,57,441,374,365,626
4,3,12,xy,2,2,57,436,399,359,616
4,3,12,xy,2,3,57,484,378,404,668
4,3,12,xy,2,4,57,481,368,399,662
4,3,12,xy,2,5,57,487,417,359,618
4,3,12,xy,2,6,57,450,389,424,692
4,3,12,xy,2,7,57,392,403,381,644
4,3,12,xy,2,8,57,474,380,378,634
4,3,12,xy,2,9,57,392,396,375,634
4,3,12,xy,3,0,57,646,569,504,865
4,3,12,xy,3,1,57,642,590,504,874
4,3,12,xy,3,2,57,660,616,486,855
4,3,12,xy,3,3,57,659,577,554,931
4,3,12,xy,3,4,57,684,542,536,911
4,3,12,xy,3,5,57,772,582,564,943
4,3,12,xy,3,6,57,625,612,456,815
4,3,12,xy,3,7,57,736,574,619,1011
4,3,12,xy,3,8,57,656,573,525,895
4,3,12,xy,3,9,57,649,580,490,859
4,3,12,penalty_x,1,0,57,131,133,101,189
4,3,12,penalty_x,1,1,57,139,123,141,237
4,3,12,penalty_x,1,2,57,120,136,116,207
4,3,12,penalty_x,1,3,57,128,123,126,219
4,3,12,penalty_x,1,4,57,130,144,71,153
4,3,12,penalty_x,1,5,57,129,145,76,159
4,3,12,penalty_x,1,6,57,125,124,126,219
4,3,12,penalty_x,1,7,57,130,130,116,207
4,3,12,penalty_x,1,8,57,124,132,106,195
4,3,12,penalty_x,1,9,57,123,129,91,177
4,3,12,penalty_x,2,0,57,265,304,210,378
4,3,12,penalty_x,2,1,57,286,322,120,270
4,3,12,penalty_x,2,2,57,289,306,200,366
4,3,12,penalty_x,2,3,57,286,300,235,408
4,3,12,penalty_x,2,4,57,279,306,215,384
4,3,12,penalty_x,2,5,57,281,293,265,444
4,3,12,penalty_x,2,6,57,298,319,150,306
4,3,12,penalty_x,2,7,57,270,319,195,360
4,3,12,penalty_x,2,8,57,274,313,185,348
4,3,12,penalty_x,2,9,57,268,296,220,390
4,3,12,penalty_x,3,0,57,427,502,264,501
4,3,12,penalty_x,3,1,57,427,524,209,435
4,3,12,penalty_x,3,2,57,406,482,234,465
4,3,12,penalty_x,3,3,57,427,481,269,507
4,3,12,penalty_x,3,4,57,435,509,284,525
4,3,12,penalty_x,3,5,57,459,497,204,429
4,3,12,penalty_x,3,6,57,435,496,199,423
4,3,12,penalty_x,3,7,57,396,505,214,441
4,3,12,penalty_x,3,8,57,477,519,209,435
4,3,12,penalty_x,3,9,57,431,502,239,471
4,4,16,xy,1,0,57,306,329,409,654
4,4,16,xy,1,1,57,345,354,349,580
4,4,16,xy,1,2,57,298,316,491,752
4,4,16,xy,1,3,57,300,330,410,654
4,4,16,xy,1,4,57,319,328,456,714
4,4,16,xy,1,5,57,296,312,464,715
4,4,16,xy,1,6,57,321,325,423,671
4,4,16,xy,1,7,57,302,330,453,711
4,4,16,xy,1,8,57,324,335,413,658
4,4,16,xy,1,9,57,367,345,389,630
4,4,16,xy,2,0,57,576,687,629,1051
4,4,16,xy,2,1,57,693,684,689,1119
4,4,16,xy,2,2,57,597,652,776,1223
4,4,16,xy,2,3,57,750,688,552,953
4,4,16,xy,2,4,57,684,672,667,1100
4,4,16,xy,2,5,57,541,653,721,1157
4,4,16,xy,2,6,57,607,643,708,1144
4,4,16,xy,2,7,57,630,706,692,1123
4,4,16,xy,2,8,57,581,658,741,1179
4,4,16,xy,2,9,57,554,648,727,1172
4,4,16,xy,3,0,57,979,1051,957,1572
4,4,16,xy,3,1,57,1050,1067,846,1437
4,4,16,xy,3,2,57,1090,1054,951,1569
4,4,16,xy,3,3,57,934,1021,1015,1650
4,4,16,xy,3,4,57,1016,1038,914,1516
4,4,16,xy,3,5,57,896,1022,926,1523
4,4,16,xy,3,6,57,1022,1000,1070,1707
4,4,16,xy,3,7,57,946,1027,1003,1625
4,4,16,xy,3,8,57,1005,1077,823,1409
4,4,16,xy,3,9,57,1016,1021,915,1518
4,4,16,penalty_x,1,0,57,187,248,158,300
4,4,16,penalty_x,1,1,57,222,259,208,360
4,4,16,penalty_x,1,2,57,174,241,203,354
4,4,16,penalty_x,1,3,57,168,253,103,234
4,4,16,penalty_x,1,4,57,187,256,133,270
4,4,16,penalty_x,1,5,57,196,257,168,312
4,4,16,penalty_x,1,6,57,185,238,253,414
4,4,16,penalty_x,1,7,57,190,251,228,384
4,4,16,penalty_x,1,8,57,209,262,138,276
4,4,16,penalty_x,1,9,57,171,261,188,336
4,4,16,penalty_x,2,0,57,417,574,385,670
4,4,16,penalty_x,2,1,57,418,561,495,802
4,4,16,penalty_x,2,2,57,483,625,235,490
4,4,16,penalty_x,2,3,57,428,578,370,652
4,4,16,penalty_x,2,4,57,396,560,430,724
4,4,16,penalty_x,2,5,57,396,567,315,586
4,4,16,penalty_x,2,6,57,387,561,400,688
4,4,16,penalty_x,2,7,57,416,593,285,550
4,4,16,penalty_x,2,8,57,456,545,430,724
4,4,16,penalty_x,2,9,57,429,592,375,658
4,4,16,penalty_x,3,0,57,714,967,462,860
4,4,16,penalty_x,3,1,57,654,954,487,890
4,4,16,penalty_x,3,2,57,715,935,502,908
4,4,16,penalty_x,3,3,57,700,973,407,794
4,4,16,penalty_x,3,4,57,703,973,517,926
4,4,16,penalty_x,3,5,57,650,947,532,944
4,4,16,penalty_x,3,6,57,689,965,387,770
4,4,16,penalty_x,3,7,57,651,941,452,848
4,4,16,penalty_x,3,8,57,709,925,537,950
4,4,16,penalty_x,3,9,57,682,919,437,830
5,4,20,xy,1,0,57,478,496,455,753
5,4,20,xy,1,1,57,338,435,647,989
5,4,20,xy,1,2,57,377,432,575,897
5,4,20,xy,1,3,57,357,424,585,910
5,4,20,xy,1,4,57,417,457,556,878
5,4,20,xy,1,5,57,368,446,521,836
5,4,20,xy,1,6,57,360,417,634,964
5,4,20,xy,1,7,57,356,419,600,933
5,4,20,xy,1,8,57,439,490,456,754
5,4,20,xy,1,9,57,339,427,600,933
5,4,20,xy,2,0,57,788,882,825,1360
5,4,20,xy,2,1,57,782,963,893,1449
5,4,20,xy,2,2,57,799,920,882,1435
5,4,20,xy,2,3,57,796,962,945,1501
5,4,20,xy,2,4,57,776,948,898,1456
5,4,20,xy,2,5,57,752,929,871,1420
5,4,20,xy,2,6,57,741,918,943,1512
5,4,20,xy,2,7,57,762,886,942,1501
5,4,20,xy,2,8,57,752,934,921,1481
5,4,20,xy,2,9,57,700,856,919,1485
5,4,20,xy,3,0,57,1135,1415,1252,2044
5,4,20,xy,3,1,57,1169,1409,1105,1871
5,4,20,xy,3,2,57,1029,1406,1087,1842
5,4,20,xy,3,3,57,1129,1447,1146,1921
5,4,20,xy,3,4,57,1169,1440,1171,1947
5,4,20,xy,3,5,57,1147,1393,1116,1888
5,4,20,xy,3,6,57,1290,1418,1233,2007
5,4,20,xy,3,7,57,1171,1440,1178,1953
5,4,20,xy,3,8,57,1140,1431,1110,1880
5,4,20,xy,3,9,57,1202,1423,1181,1952
5,4,20,penalty_x,1,0,57,266,365,210,394
5,4,20,penalty_x,1,1,57,231,342,235,424
5,4,20,penalty_x,1,2,57,251,357,255,448
5,4,20,penalty_x,1,3,57,252,339,275,472
5,4,20,penalty_x,1,4,57,250,374,205,388
5,4,20,penalty_x,1,5,57,240,339,170,346
5,4,20,penalty_x,1,6,57,245,353,235,424
5,4,20,penalty_x,1,7,57,221,324,355,568
5,4,20,penalty_x,1,8,57,236,358,180,358
5,4,20,penalty_x,1,9,57,259,352,240,430
5,4,20,penalty_x,2,0,57,588,846,390,736
5,4,20,penalty_x,2,1,57,585,821,505,874
5,4,20,penalty_x,2,2,57,475,793,340,676
5,4,20,penalty_x,2,3,57,538,808,390,736
5,4,20,penalty_x,2,4,57,518,791,610,1000
5,4,20,penalty_x,2,5,57,535,870,340,676
5,4,20,penalty_x,2,6,57,595,835,495,862
5,4,20,penalty_x,2,7,57,563,804,500,868
5,4,20,penalty_x,2,8,57,542,770,520,892
5,4,20,penalty_x,2,9,57,532,810,570,952
5,4,20,penalty_x,3,0,57,859,1352,660,1186
5,4,20,penalty_x,3,1,57,882,1356,570,1078
5,4,20,penalty_x,3,2,57,848,1307,615,1132
5,4,20,penalty_x,3,3,57,792,1274,620,1138
5,4,20,penalty_x,3,4,57,900,1330,690,1222
5,4,20,penalty_x,3,5,57,844,1289,690,1222
5,4,20,penalty_x,3,6,57,892,1311,650,1174
5,4,20,penalty_x,3,7,57,746,1234,525,1024
5,4,20,penalty_x,3,8,57,868,1401,515,1012
5,4,20,penalty_x,3,9,57,840,1301,520,1018
5,5,25,xy,1,0,57,558,748,941,1454
5,5,25,xy,1,1,57,668,773,957,1472
5,5,25,xy,1,2,57,665,749,931,1440
5,5,25,xy,1,3,57,634,793,949,1463
5,5,25,xy,1,4,57,543,719,1058,1596
5,5,25,xy,1,5,57,580,742,1017,1546
5,5,25,xy,1,6,57,648,790,926,1432
5,5,25,xy,1,7,57,690,786,915,1424
5,5,25,xy,1,8,57,735,832,811,1292
5,5,25,xy,1,9,57,531,684,1008,1522
5,5,25,xy,2,0,57,1085,1422,1455,2307
5,5,25,xy,2,1,57,1345,1592,1321,2129
5,5,25,xy,2,2,57,1098,1498,1337,2153
5,5,25,xy,2,3,57,1153,1393,1540,2399
5,5,25,xy,2,4,57,1159,1508,1486,2322
5,5,25,xy,2,5,57,1020,1405,1407,2259
5,5,25,xy,2,6,57,1079,1432,1543,2408
5,5,25,xy,2,7,57,1054,1495,1278,2097
5,5,25,xy,2,8,57,1310,1564,1394,2221
5,5,25,xy,2,9,57,986,1428,1436,2280
5,5,25,xy,3,0,57,1724,2228,1890,3067
5,5,25,xy,3,1,57,1527,2098,2047,3255
5,5,25,xy,3,2,57,1648,2250,1828,2984
5,5,25,xy,3,3,57,1360,2122,2018,3214
5,5,25,xy,3,4,57,1539,2141,2032,3219
5,5,25,xy,3,5,57,1459,2055,2161,3399
5,5,25,xy,3,6,57,1754,2326,1889,3053
5,5,25,xy,3,7,57,1778,2309,1764,2901
5,5,25,xy,3,8,57,1668,2210,2018,3207
5,5,25,xy,3,9,57,1559,2301,1906,3083
5,5,25,penalty_x,1,0,57,349,569,390,678
5,5,25,penalty_x,1,1,57,353,577,335,612
5,5,25,penalty_x,1,2,57,347,596,350,630
5,5,25,penalty_x,1,3,57,335,578,385,672
5,5,25,penalty_x,1,4,57,349,569,385,672
5,5,25,penalty_x,1,5,57,371,556,490,798
5,5,25,penalty_x,1,6,57,342,538,425,720
5,5,25,penalty_x,1,7,57,317,520,635,972
5,5,25,penalty_x,1,8,57,371,612,345,624
5,5,25,penalty_x,1,9,57,350,580,400,690
5,5,25,penalty_x,2,0,57,734,1322,710,1252
5,5,25,penalty_x,2,1,57,808,1310,745,1294
5,5,25,penalty_x,2,2,57,811,1241,840,1408
5,5,25,penalty_x,2,3,57,759,1377,590,1108
5,5,25,penalty_x,2,4,57,742,1322,845,1414
5,5,25,penalty_x,2,5,57,776,1378,595,1114
5,5,25,penalty_x,2,6,57,729,1262,850,1420
5,5,25,penalty_x,2,7,57,861,1353,605,1126
5,5,25,penalty_x,2,8,57,740,1330,650,1180
5,5,25,penalty_x,2,9,57,712,1281,770,1324
5,5,25,penalty_x,3,0,57,1123,2019,1290,2138
5,5,25,penalty_x,3,1,57,1076,1971,1095,1904
5,5,25,penalty_x,3,2,57,1284,2094,1165,1988
5,5,25,penalty_x,3,3,57,1199,2072,1110,1922
5,5,25,penalty_x,3,4,57,1220,2166,930,1706
5,5,25,penalty_x,3,5,57,1085,2102,1180,2006
5,5,25,penalty_x,3,6,57,1148,1998,1325,2180
5,5,25,penalty_x,3,7,57,1164,2109,1135,1952
5,5,25,penalty_x,3,8,57,1194,2158,820,1574
5,5,25,penalty_x,3,9,57,1255,2114,1220,2054
