seed,method,rounds,packets_per_round,packets_sent,packets_delivered,pdr,natural_drops,malicious_drops,energy_drops,disconnect_drops,cumulative_energy_j,energy_per_delivered_packet_j,alive_nodes,alive_fraction,route_changes,malicious_relay_rounds,unique_malicious_relay_count,unique_malicious_relays,first_relay_death_round,relay_death_censored,first_route_failure_round,route_failure_censored,first_partition_round,partition_censored,network_lifetime_round,lifetime_censored
1,static_layered,250,10,2500,56,0.0224,88,0,2356,0,0.27366575610140487,0.004886888501810801,150,1.0,0,0,0,,251,True,251,True,251,True,251,True
1,adaptive_layered_dp,250,10,2500,57,0.0228,89,0,2354,0,0.2700775515022329,0.00473820265793391,150,1.0,15,0,0,,251,True,251,True,251,True,251,True
1,etx_shortest_path,250,10,2500,60,0.024,84,0,2356,0,0.2594587724985118,0.004324312874975197,150,1.0,0,0,0,,251,True,251,True,251,True,251,True
1,trust_aware_shortest_path,250,10,2500,56,0.0224,89,0,2355,0,0.27419859913653255,0.00489640355600951,150,1.0,12,0,0,,251,True,251,True,251,True,251,True
2,static_layered,250,10,2500,74,0.0296,78,0,2348,0,0.2809428611145073,0.003796525150196044,150,1.0,0,0,0,,251,True,251,True,251,True,251,True
2,adaptive_layered_dp,250,10,2500,62,0.0248,82,15,2341,0,0.2707405920887318,0.004366783743366642,150,1.0,14,239,2,"119,144",251,True,251,True,251,True,251,True
2,etx_shortest_path,250,10,2500,66,0.0264,84,40,2310,0,0.32000426305394924,0.004848549440211352,149,0.9933333333333333,1,483,3,"61,119,144",17,False,251,True,251,True,251,True
2,trust_aware_shortest_path,250,10,2500,69,0.0276,85,1,2345,0,0.28152880672937464,0.004080127633759052,150,1.0,11,236,1,119,251,True,251,True,251,True,251,True
3,static_layered,250,10,2500,91,0.0364,79,0,10,2320,0.3703694096461714,0.00406999351259529,149,0.9933333333333333,0,0,0,,18,False,19,False,251,True,251,True
3,adaptive_layered_dp,250,10,2500,93,0.0372,88,0,2319,0,0.373583144293713,0.004017023056921645,150,1.0,18,0,0,,251,True,251,True,251,True,251,True
3,etx_shortest_path,250,10,2500,90,0.036,76,0,2334,0,0.3508919569766551,0.0038987995219628346,149,0.9933333333333333,1,0,0,,17,False,251,True,251,True,251,True
3,trust_aware_shortest_path,250,10,2500,92,0.0368,90,0,2318,0,0.3746755234143233,0.00407256003711221,150,1.0,17,0,0,,251,True,251,True,251,True,251,True
4,static_layered,250,10,2500,58,0.0232,88,0,4,2350,0.2855217231291629,0.004922788329813153,149,0.9933333333333333,0,0,0,,15,False,16,False,251,True,251,True
4,adaptive_layered_dp,250,10,2500,72,0.0288,98,0,2330,0,0.34071974724577636,0.004732218711746894,150,1.0,17,0,0,,251,True,251,True,251,True,251,True
4,etx_shortest_path,250,10,2500,66,0.0264,86,0,2348,0,0.2942566920525156,0.004458434728068418,149,0.9933333333333333,1,0,0,,13,False,251,True,251,True,251,True
4,trust_aware_shortest_path,250,10,2500,61,0.0244,105,0,2334,0,0.321395246322945,0.005268774529884345,150,1.0,17,0,0,,251,True,251,True,251,True,251,True
5,static_layered,250,10,2500,82,0.0328,86,0,12,2320,0.32101241328853547,0.003914785527908969,149,0.9933333333333333,0,0,0,,18,False,19,False,251,True,251,True
5,adaptive_layered_dp,250,10,2500,93,0.0372,105,0,2302,0,0.3693669200575336,0.003971687312446598,150,1.0,20,0,0,,251,True,251,True,251,True,251,True
5,etx_shortest_path,250,10,2500,87,0.0348,94,0,2319,0,0.3402500455075632,0.0039109200633053245,149,0.9933333333333333,1,0,0,,18,False,251,True,251,True,251,True
5,trust_aware_shortest_path,250,10,2500,96,0.0384,99,0,2305,0,0.36960777808150524,0.0038500810216823464,150,1.0,19,0,0,,251,True,251,True,251,True,251,True
6,static_layered,250,10,2500,64,0.0256,82,0,4,2350,0.28741562912652796,0.004490869205101999,149,0.9933333333333333,0,0,0,,15,False,16,False,251,True,251,True
6,adaptive_layered_dp,250,10,2500,80,0.032,110,0,2310,0,0.36281913948606004,0.004535239243575751,150,1.0,18,0,0,,251,True,251,True,251,True,251,True
6,etx_shortest_path,250,10,2500,71,0.0284,87,17,2325,0,0.3181837129678513,0.004481460746026075,149,0.9933333333333333,1,234,1,64,16,False,251,True,251,True,251,True
6,trust_aware_shortest_path,250,10,2500,78,0.0312,112,0,2310,0,0.3662087033065706,0.004694983375725264,150,1.0,16,0,0,,251,True,251,True,251,True,251,True
7,static_layered,250,10,2500,67,0.0268,100,0,3,2330,0.3126842955115503,0.0046669297837544825,149,0.9933333333333333,0,0,0,,17,False,18,False,251,True,251,True
7,adaptive_layered_dp,250,10,2500,89,0.0356,114,0,2297,0,0.3803438677390343,0.004273526603809374,150,1.0,20,0,0,,251,True,251,True,251,True,251,True
7,etx_shortest_path,250,10,2500,76,0.0304,103,0,2321,0,0.3323079704948544,0.004372473295984926,150,1.0,0,0,0,,251,True,251,True,251,True,251,True
7,trust_aware_shortest_path,250,10,2500,83,0.0332,120,0,2297,0,0.3789374412084747,0.004565511339861141,150,1.0,18,0,0,,251,True,251,True,251,True,251,True
8,static_layered,250,10,2500,75,0.03,124,0,1,2300,0.37093284174824603,0.004945771223309947,149,0.9933333333333333,0,0,0,,20,False,21,False,251,True,251,True
8,adaptive_layered_dp,250,10,2500,73,0.0292,126,0,2301,0,0.3686248420033298,0.005049655369908627,150,1.0,20,0,0,,251,True,251,True,251,True,251,True
8,etx_shortest_path,250,10,2500,86,0.0344,124,0,2290,0,0.40559898698512775,0.004716267290524741,149,0.9933333333333333,1,0,0,,15,False,251,True,251,True,251,True
8,trust_aware_shortest_path,250,10,2500,78,0.0312,129,0,2293,0,0.38267326652321465,0.004906067519528393,150,1.0,20,0,0,,251,True,251,True,251,True,251,True
9,static_layered,250,10,2500,65,0.026,68,0,7,2360,0.27393522698296735,0.004214388107430267,149,0.9933333333333333,0,0,0,,14,False,15,False,251,True,251,True
9,adaptive_layered_dp,250,10,2500,110,0.044,115,13,2262,0,0.4765375149330211,0.004332159226663828,150,1.0,24,4,1,30,251,True,251,True,251,True,251,True
9,etx_shortest_path,250,10,2500,68,0.0272,107,69,2256,0,0.46557384377170585,0.006846674173113321,149,0.9933333333333333,1,250,1,30,14,False,251,True,251,True,251,True
9,trust_aware_shortest_path,250,10,2500,121,0.0484,114,0,2265,0,0.4764137101701955,0.003937303389836327,150,1.0,23,0,0,,251,True,251,True,251,True,251,True
10,static_layered,250,10,2500,86,0.0344,76,0,8,2330,0.325474472990706,0.0037845868952407673,149,0.9933333333333333,0,0,0,,17,False,18,False,251,True,251,True
10,adaptive_layered_dp,250,10,2500,122,0.0488,139,0,2239,0,0.5007772717785102,0.004104731735889428,150,1.0,27,0,0,,251,True,251,True,251,True,251,True
10,etx_shortest_path,250,10,2500,115,0.046,117,0,2268,0,0.44143718222376016,0.003838584193250088,147,0.98,3,226,1,48,17,False,251,True,251,True,251,True
10,trust_aware_shortest_path,250,10,2500,134,0.0536,150,0,2216,0,0.5437339093468374,0.004057715741394309,150,1.0,30,0,0,,251,True,251,True,251,True,251,True
11,static_layered,250,10,2500,58,0.0232,92,0,2350,0,0.27941407748948066,0.004817484094646218,150,1.0,0,0,0,,251,True,251,True,251,True,251,True
11,adaptive_layered_dp,250,10,2500,59,0.0236,86,14,2341,0,0.285172218379234,0.004833427430156509,150,1.0,15,246,3,"11,141,145",251,True,251,True,251,True,251,True
11,etx_shortest_path,250,10,2500,49,0.0196,78,23,2350,0,0.2618312075110918,0.0053434940308386076,150,1.0,0,250,1,145,251,True,251,True,251,True,251,True
11,trust_aware_shortest_path,250,10,2500,61,0.0244,92,2,2345,0,0.29680141362487156,0.004865596944670025,150,1.0,12,4,1,141,251,True,251,True,251,True,251,True
12,static_layered,250,10,2500,0,0.0,0,0,0,2500,0.0,inf,150,1.0,0,0,0,,251,True,1,False,251,True,251,True
12,adaptive_layered_dp,250,10,2500,0,0.0,0,0,0,2500,0.0,inf,150,1.0,0,0,0,,251,True,1,False,251,True,251,True
12,etx_shortest_path,250,10,2500,126,0.0504,141,0,2233,0,0.5922412136764095,0.004700327092669917,148,0.9866666666666667,2,0,0,,16,False,251,True,251,True,251,True
12,trust_aware_shortest_path,250,10,2500,96,0.0384,119,0,2285,0,0.48274897635709024,0.005028635170386357,150,1.0,22,0,0,,251,True,251,True,251,True,251,True
13,static_layered,250,10,2500,79,0.0316,88,0,3,2330,0.3225093008379325,0.004082396213138386,149,0.9933333333333333,0,0,0,,17,False,18,False,251,True,251,True
13,adaptive_layered_dp,250,10,2500,131,0.0524,136,0,2233,0,0.5082618284409008,0.0038798612858084035,150,1.0,27,0,0,,251,True,251,True,251,True,251,True
13,etx_shortest_path,250,10,2500,138,0.0552,134,0,2228,0,0.5196304383327917,0.003765437958933273,148,0.9866666666666667,2,0,0,,17,False,251,True,251,True,251,True
13,trust_aware_shortest_path,250,10,2500,130,0.052,138,0,2232,0,0.5009326108853802,0.0038533277760413862,150,1.0,27,0,0,,251,True,251,True,251,True,251,True
14,static_layered,250,10,2500,76,0.0304,97,0,2327,0,0.35353682526918107,0.004651800332489225,150,1.0,0,0,0,,251,True,251,True,251,True,251,True
14,adaptive_layered_dp,250,10,2500,72,0.0288,91,0,2337,0,0.3226214470956137,0.004480853431883524,150,1.0,17,0,0,,251,True,251,True,251,True,251,True
14,etx_shortest_path,250,10,2500,67,0.0268,83,0,2350,0,0.2986355668750811,0.004457247266792255,149,0.9933333333333333,1,0,0,,14,False,251,True,251,True,251,True
14,trust_aware_shortest_path,250,10,2500,71,0.0284,92,0,2337,0,0.3200738113493884,0.004508081849991386,150,1.0,14,0,0,,251,True,251,True,251,True,251,True
15,static_layered,250,10,2500,86,0.0344,78,0,6,2330,0.32663076683136794,0.0037980321724577666,149,0.9933333333333333,0,0,0,,17,False,18,False,251,True,251,True
15,adaptive_layered_dp,250,10,2500,125,0.05,130,0,2245,0,0.5003201842171805,0.004002561473737444,150,1.0,26,0,0,,251,True,251,True,251,True,251,True
15,etx_shortest_path,250,10,2500,123,0.0492,124,0,2253,0,0.4854678975814579,0.003946893476272016,149,0.9933333333333333,1,0,0,,17,False,251,True,251,True,251,True
15,trust_aware_shortest_path,250,10,2500,120,0.048,134,0,2246,0,0.48905871469547435,0.004075489289128953,150,1.0,26,0,0,,251,True,251,True,251,True,251,True
16,static_layered,250,10,2500,78,0.0312,87,0,5,2330,0.3229642642053694,0.004140567489812428,149,0.9933333333333333,0,0,0,,17,False,18,False,251,True,251,True
16,adaptive_layered_dp,250,10,2500,86,0.0344,106,0,2308,0,0.37570908176758167,0.004368710253111415,150,1.0,20,0,0,,251,True,251,True,251,True,251,True
16,etx_shortest_path,250,10,2500,94,0.0376,96,0,2310,0,0.3717545350654028,0.003954835479419178,149,0.9933333333333333,1,0,0,,17,False,251,True,251,True,251,True
16,trust_aware_shortest_path,250,10,2500,88,0.0352,106,0,2306,0,0.37955395406979875,0.004313113114429531,150,1.0,17,0,0,,251,True,251,True,251,True,251,True
17,static_layered,250,10,2500,68,0.0272,84,0,8,2340,0.31253828680299023,0.004596151276514562,148,0.9866666666666667,0,0,0,,16,False,17,False,251,True,251,True
17,adaptive_layered_dp,250,10,2500,114,0.0456,144,0,2242,0,0.5130983059420942,0.0045008623328253875,150,1.0,26,0,0,,251,True,251,True,251,True,251,True
17,etx_shortest_path,250,10,2500,121,0.0484,131,0,2248,0,0.5146874861907769,0.004253615588353528,147,0.98,2,0,0,,16,False,251,True,251,True,251,True
17,trust_aware_shortest_path,250,10,2500,119,0.0476,137,0,2244,0,0.5174623296244718,0.0043484229380207715,150,1.0,24,0,0,,251,True,251,True,251,True,251,True
18,static_layered,250,10,2500,86,0.0344,94,0,10,2310,0.3548486655121774,0.004126147273397412,149,0.9933333333333333,0,0,0,,19,False,20,False,251,True,251,True
18,adaptive_layered_dp,250,10,2500,106,0.0424,132,0,2262,0,0.46472574767856933,0.004384205166778956,150,1.0,24,2,1,13,251,True,251,True,251,True,251,True
18,etx_shortest_path,250,10,2500,18,0.0072,114,127,2241,0,0.42681009451005636,0.023711671917225355,148,0.9866666666666667,2,23,1,90,21,False,251,True,251,True,251,True
18,trust_aware_shortest_path,250,10,2500,119,0.0476,133,0,2248,0,0.4971961285232407,0.004178118727086056,150,1.0,25,0,0,,251,True,251,True,251,True,251,True
19,static_layered,250,10,2500,83,0.0332,92,0,5,2320,0.34677357109848295,0.004177994832511842,149,0.9933333333333333,0,0,0,,18,False,19,False,251,True,251,True
19,adaptive_layered_dp,250,10,2500,81,0.0324,100,0,2319,0,0.3439190848535105,0.004245914627821118,150,1.0,18,0,0,,251,True,251,True,251,True,251,True
19,etx_shortest_path,250,10,2500,73,0.0292,77,0,2350,0,0.28829292859516187,0.003949218199933724,150,1.0,0,0,0,,251,True,251,True,251,True,251,True
19,trust_aware_shortest_path,250,10,2500,83,0.0332,103,0,2314,0,0.3593777832464333,0.0043298528101979915,150,1.0,18,0,0,,251,True,251,True,251,True,251,True
20,static_layered,250,10,2500,69,0.0276,82,0,9,2340,0.3156858606808495,0.004575157401171731,149,0.9933333333333333,0,0,0,,16,False,17,False,251,True,251,True
20,adaptive_layered_dp,250,10,2500,101,0.0404,133,8,2258,0,0.4742656516462116,0.00469569952124962,150,1.0,24,4,1,66,251,True,251,True,251,True,251,True
20,etx_shortest_path,250,10,2500,97,0.0388,106,39,2258,0,0.4564705353315084,0.004705881807541323,149,0.9933333333333333,1,250,1,66,18,False,251,True,251,True,251,True
20,trust_aware_shortest_path,250,10,2500,101,0.0404,137,0,2262,0,0.47139325118158126,0.0046672599126889236,150,1.0,22,227,1,66,251,True,251,True,251,True,251,True
21,static_layered,250,10,2500,72,0.0288,79,0,9,2340,0.31618832071347214,0.0043915044543537795,149,0.9933333333333333,0,0,0,,16,False,17,False,251,True,251,True
21,adaptive_layered_dp,250,10,2500,68,0.0272,102,29,2301,0,0.38657227303401953,0.005684886368147346,150,1.0,19,467,3,"70,89,136",251,True,251,True,251,True,251,True
21,etx_shortest_path,250,10,2500,3,0.0012,90,96,2311,0,0.3422607233568069,0.1140869077856023,148,0.9866666666666667,2,250,1,70,15,False,251,True,251,True,251,True
21,trust_aware_shortest_path,250,10,2500,89,0.0356,112,0,2299,0,0.40063669297047255,0.004501535876072726,150,1.0,17,0,0,,251,True,251,True,251,True,251,True
22,static_layered,250,10,2500,69,0.0276,81,0,2350,0,0.27648943578005536,0.004007093272174716,150,1.0,0,0,0,,251,True,251,True,251,True,251,True
22,adaptive_layered_dp,250,10,2500,69,0.0276,78,0,2353,0,0.2778518054590311,0.004026837760275813,150,1.0,15,0,0,,251,True,251,True,251,True,251,True
22,etx_shortest_path,250,10,2500,79,0.0316,68,0,2353,0,0.27968876430401046,0.0035403641051140566,150,1.0,0,0,0,,251,True,251,True,251,True,251,True
22,trust_aware_shortest_path,250,10,2500,70,0.028,78,0,2352,0,0.2817094574262953,0.004024420820375647,150,1.0,13,0,0,,251,True,251,True,251,True,251,True
23,static_layered,250,10,2500,44,0.0176,87,0,9,2360,0.2590565031167493,0.005887647798107939,149,0.9933333333333333,0,0,0,,14,False,15,False,251,True,251,True
23,adaptive_layered_dp,250,10,2500,22,0.0088,61,66,2351,0,0.18429536151857562,0.008377061887207982,150,1.0,7,244,1,39,251,True,251,True,251,True,251,True
23,etx_shortest_path,250,10,2500,53,0.0212,100,0,2347,0,0.3048965412809004,0.0057527649298283095,148,0.9866666666666667,2,233,1,39,14,False,251,True,251,True,251,True
23,trust_aware_shortest_path,250,10,2500,33,0.0132,75,41,2351,0,0.2171568261513066,0.006580509883372928,150,1.0,8,241,1,39,251,True,251,True,251,True,251,True
24,static_layered,250,10,2500,63,0.0252,78,0,9,2350,0.2907961326195121,0.004615811628881144,149,0.9933333333333333,0,0,0,,15,False,16,False,251,True,251,True
24,adaptive_layered_dp,250,10,2500,61,0.0244,79,0,0,2360,0.28342432590604183,0.00464630042468921,150,1.0,10,0,0,,251,True,15,False,251,True,251,True
24,etx_shortest_path,250,10,2500,63,0.0252,94,78,2265,0,0.38589482659233276,0.006125314707814806,149,0.9933333333333333,1,235,1,60,15,False,251,True,251,True,251,True
24,trust_aware_shortest_path,250,10,2500,108,0.0432,128,0,2264,0,0.4928787010268394,0.004563691676174438,149,0.9933333333333333,18,0,0,,15,False,251,True,251,True,251,True
25,static_layered,250,10,2500,80,0.032,109,0,11,2300,0.3671825658093617,0.0045897820726170215,149,0.9933333333333333,0,0,0,,20,False,21,False,251,True,251,True
25,adaptive_layered_dp,250,10,2500,95,0.038,144,0,2261,0,0.4552944718741294,0.004792573388148731,150,1.0,23,0,0,,251,True,251,True,251,True,251,True
25,etx_shortest_path,250,10,2500,101,0.0404,136,0,2263,0,0.44764339736986614,0.0044321128452462,148,0.9866666666666667,2,0,0,,20,False,251,True,251,True,251,True
25,trust_aware_shortest_path,250,10,2500,98,0.0392,143,0,2259,0,0.4534447652130762,0.004626987400133431,150,1.0,24,0,0,,251,True,251,True,251,True,251,True
26,static_layered,250,10,2500,4,0.0016,55,115,6,2320,0.21833980063852643,0.05458495015963161,149,0.9933333333333333,0,18,1,109,18,False,19,False,251,True,251,True
26,adaptive_layered_dp,250,10,2500,5,0.002,66,152,2277,0,0.2800791897992525,0.056015837959850504,150,1.0,13,250,1,109,251,True,251,True,251,True,251,True
26,etx_shortest_path,250,10,2500,5,0.002,67,154,2274,0,0.28410419387797603,0.056820838775595205,149,0.9933333333333333,1,250,1,109,18,False,251,True,251,True,251,True
26,trust_aware_shortest_path,250,10,2500,5,0.002,68,151,2276,0,0.2801207343446457,0.056024146868929134,150,1.0,13,250,1,109,251,True,251,True,251,True,251,True
27,static_layered,250,10,2500,83,0.0332,89,0,2328,0,0.3292741145432032,0.003967158006544617,150,1.0,0,0,0,,251,True,251,True,251,True,251,True
27,adaptive_layered_dp,250,10,2500,75,0.03,93,0,2332,0,0.31774418930700676,0.00423658919076009,150,1.0,17,0,0,,251,True,251,True,251,True,251,True
27,etx_shortest_path,250,10,2500,83,0.0332,89,0,2328,0,0.3292741145432032,0.003967158006544617,150,1.0,0,0,0,,251,True,251,True,251,True,251,True
27,trust_aware_shortest_path,250,10,2500,78,0.0312,91,0,2331,0,0.3190788495916106,0.004090754481943726,150,1.0,13,0,0,,251,True,251,True,251,True,251,True
28,static_layered,250,10,2500,81,0.0324,94,0,5,2320,0.3330442600286432,0.0041116575312178175,149,0.9933333333333333,0,0,0,,18,False,19,False,251,True,251,True
28,adaptive_layered_dp,250,10,2500,93,0.0372,117,6,2284,0,0.4065065805767354,0.004371038500825112,150,1.0,21,235,1,122,251,True,251,True,251,True,251,True
28,etx_shortest_path,250,10,2500,97,0.0388,126,32,2245,0,0.4611388279292452,0.004754008535353044,149,0.9933333333333333,1,38,2,"111,122",19,False,251,True,251,True,251,True
28,trust_aware_shortest_path,250,10,2500,89,0.0356,119,2,2290,0,0.3949723492584418,0.004437891564701594,150,1.0,15,233,1,122,251,True,251,True,251,True,251,True
29,static_layered,250,10,2500,98,0.0392,109,0,2293,0,0.40069573410526615,0.0040887319806659815,150,1.0,0,0,0,,251,True,251,True,251,True,251,True
29,adaptive_layered_dp,250,10,2500,94,0.0376,110,0,2296,0,0.4062781283881485,0.00432210774881009,150,1.0,21,0,0,,251,True,251,True,251,True,251,True
29,etx_shortest_path,250,10,2500,98,0.0392,109,0,2293,0,0.40069573410526615,0.0040887319806659815,150,1.0,0,0,0,,251,True,251,True,251,True,251,True
29,trust_aware_shortest_path,250,10,2500,88,0.0352,115,0,2297,0,0.40112931167345245,0.004558287632652869,150,1.0,21,0,0,,251,True,251,True,251,True,251,True
30,static_layered,250,10,2500,58,0.0232,109,0,3,2330,0.31533866767356145,0.005436873580578646,149,0.9933333333333333,0,0,0,,17,False,18,False,251,True,251,True
30,adaptive_layered_dp,250,10,2500,61,0.0244,113,21,2305,0,0.34642707040082676,0.005679132301652898,150,1.0,16,234,1,114,251,True,251,True,251,True,251,True
30,etx_shortest_path,250,10,2500,58,0.0232,115,19,2308,0,0.34658105038113085,0.005975535351398808,149,0.9933333333333333,1,233,1,114,17,False,251,True,251,True,251,True
30,trust_aware_shortest_path,250,10,2500,58,0.0232,118,11,2313,0,0.34012654442960333,0.005864250766027644,149,0.9933333333333333,12,232,1,114,19,False,251,True,251,True,251,True
